Timestamp;Agent Implementation;World Name ;Level Number;Collectibles Collected;Collectibles to Catch;Passed Level?;Elapsed Game Time (s);Time Limit (s);Elapsed Real Time (s);Score;Endgame Message
2022-10-06_19:57:13;GeometryFriendsAgents;GF-CoG 2022 - Cooperation Track;1;0;1;0;120,000005699694;120;12,001;0;
2022-10-06_19:57:25;GeometryFriendsAgents;GF-CoG 2022 - Cooperation Track;1;0;1;0;129,800006165169;120;12,099;0;
2022-10-06_19:57:27;GeometryFriendsAgents;GF-CoG 2022 - Cooperation Track;1;0;1;0;120,000005699694;120;1,737;0;
2022-10-06_19:57:28;GeometryFriendsAgents;GF-CoG 2022 - Cooperation Track;1;0;1;0;120,000005699694;120;3,435;0;
2022-10-06_19:57:29;GeometryFriendsAgents;GF-CoG 2022 - Cooperation Track;1;0;1;0;120,000005699694;120;2,059;0;
2022-10-06_19:57:30;GeometryFriendsAgents;GF-CoG 2022 - Cooperation Track;1;0;1;0;120,000005699694;120;1,81;0;
2022-10-06_19:57:32;GeometryFriendsAgents;GF-CoG 2022 - Cooperation Track;1;0;1;0;120,000005699694;120;3,169;0;
2022-10-06_19:57:32;GeometryFriendsAgents;GF-CoG 2022 - Cooperation Track;1;0;1;0;120,000005699694;120;1,957;0;
2022-10-06_19:57:34;GeometryFriendsAgents;GF-CoG 2022 - Cooperation Track;1;0;1;0;120,000005699694;120;2,134;0;
2022-10-06_19:57:35;GeometryFriendsAgents;GF-CoG 2022 - Cooperation Track;1;0;1;0;120,000005699694;120;2,272;0;
2022-10-06_19:57:37;GeometryFriendsAgents;GF-CoG 2022 - Cooperation Track;1;0;1;0;120,000005699694;120;2,977;0;
2022-10-06_19:57:38;GeometryFriendsAgents;GF-CoG 2022 - Cooperation Track;1;0;1;0;120,000005699694;120;2,896;0;
2022-10-06_19:57:39;GeometryFriendsAgents;GF-CoG 2022 - Cooperation Track;1;0;1;0;120,000005699694;120;2,31;0;
2022-10-06_19:57:40;GeometryFriendsAgents;GF-CoG 2022 - Cooperation Track;1;0;1;0;120,000005699694;120;2,798;0;
2022-10-06_19:57:43;GeometryFriendsAgents;GF-CoG 2022 - Cooperation Track;1;0;1;0;120,000005699694;120;2,203;0;
2022-10-06_19:57:43;GeometryFriendsAgents;GF-CoG 2022 - Cooperation Track;1;0;1;0;120,000005699694;120;3,889;0;
2022-10-06_19:57:45;GeometryFriendsAgents;GF-CoG 2022 - Cooperation Track;1;0;1;0;120,000005699694;120;2,118;0;
2022-10-06_19:57:45;GeometryFriendsAgents;GF-CoG 2022 - Cooperation Track;1;0;1;0;120,000005699694;120;2,414;0;
2022-10-06_19:57:47;GeometryFriendsAgents;GF-CoG 2022 - Cooperation Track;1;0;1;0;120,000005699694;120;2,105;0;
2022-10-06_19:57:48;GeometryFriendsAgents;GF-CoG 2022 - Cooperation Track;1;0;1;0;120,000005699694;120;2,677;0;
2022-10-06_19:57:49;GeometryFriendsAgents;GF-CoG 2022 - Cooperation Track;2;1;5;0;120,000005699694;120;2,414;100;
2022-10-06_19:57:52;GeometryFriendsAgents;GF-CoG 2022 - Cooperation Track;2;1;5;0;120,000005699694;120;2,086;100;
2022-10-06_19:57:54;GeometryFriendsAgents;GF-CoG 2022 - Cooperation Track;2;2;5;0;120,000005699694;120;2,014;200;
2022-10-06_19:57:56;GeometryFriendsAgents;GF-CoG 2022 - Cooperation Track;2;0;5;0;120,000005699694;120;2,032;0;
2022-10-06_19:57:57;GeometryFriendsAgents;GF-CoG 2022 - Cooperation Track;2;1;5;0;120,000005699694;120;1,652;100;
2022-10-06_19:57:59;GeometryFriendsAgents;GF-CoG 2022 - Cooperation Track;2;2;5;0;120,000005699694;120;2,047;200;
2022-10-06_19:58:01;GeometryFriendsAgents;GF-CoG 2022 - Cooperation Track;2;2;5;0;120,000005699694;120;1,979;200;
2022-10-06_19:58:03;GeometryFriendsAgents;GF-CoG 2022 - Cooperation Track;2;2;5;0;120,000005699694;120;1,987;200;
2022-10-06_19:58:05;GeometryFriendsAgents;GF-CoG 2022 - Cooperation Track;2;2;5;0;120,000005699694;120;1,982;200;
2022-10-06_19:58:07;GeometryFriendsAgents;GF-CoG 2022 - Cooperation Track;2;2;5;0;120,000005699694;120;1,956;200;
2022-10-06_19:58:09;GeometryFriendsAgents;GF-CoG 2022 - Cooperation Track;3;0;1;0;120,000005699694;120;1,895;0;
2022-10-06_19:58:11;GeometryFriendsAgents;GF-CoG 2022 - Cooperation Track;3;0;1;0;120,000005699694;120;2,132;0;
2022-10-06_19:58:13;GeometryFriendsAgents;GF-CoG 2022 - Cooperation Track;3;0;1;0;120,000005699694;120;2,02;0;
2022-10-06_19:58:15;GeometryFriendsAgents;GF-CoG 2022 - Cooperation Track;3;0;1;0;120,000005699694;120;2,082;0;
2022-10-06_19:58:18;GeometryFriendsAgents;GF-CoG 2022 - Cooperation Track;3;0;1;0;120,000005699694;120;2,068;0;
2022-10-06_19:58:19;GeometryFriendsAgents;GF-CoG 2022 - Cooperation Track;3;0;1;0;120,000005699694;120;1,508;0;
2022-10-06_19:58:21;GeometryFriendsAgents;GF-CoG 2022 - Cooperation Track;3;0;1;0;120,000005699694;120;1,646;0;
2022-10-06_19:58:23;GeometryFriendsAgents;GF-CoG 2022 - Cooperation Track;3;0;1;0;120,000005699694;120;2,059;0;
2022-10-06_19:58:25;GeometryFriendsAgents;GF-CoG 2022 - Cooperation Track;3;0;1;0;120,000005699694;120;2,082;0;
2022-10-06_19:58:27;GeometryFriendsAgents;GF-CoG 2022 - Cooperation Track;3;0;1;0;120,000005699694;120;2,165;0;
2022-10-06_19:58:29;GeometryFriendsAgents;GF-CoG 2022 - Cooperation Track;4;0;3;0;120,000005699694;120;2,371;0;
2022-10-06_19:58:33;GeometryFriendsAgents;GF-CoG 2022 - Cooperation Track;4;1;3;0;120,000005699694;120;3,408;100;
2022-10-06_19:58:37;GeometryFriendsAgents;GF-CoG 2022 - Cooperation Track;4;0;3;0;120,000005699694;120;3,804;0;
2022-10-06_19:58:39;GeometryFriendsAgents;GF-CoG 2022 - Cooperation Track;4;0;3;0;120,000005699694;120;2,619;0;
2022-10-06_19:58:42;GeometryFriendsAgents;GF-CoG 2022 - Cooperation Track;4;0;3;0;120,000005699694;120;2,445;0;
2022-10-06_19:58:46;GeometryFriendsAgents;GF-CoG 2022 - Cooperation Track;4;1;3;0;120,000005699694;120;3,895;100;
2022-10-06_19:58:47;GeometryFriendsAgents;GF-CoG 2022 - Cooperation Track;4;0;3;0;120,000005699694;120;1,875;0;
2022-10-06_19:58:49;GeometryFriendsAgents;GF-CoG 2022 - Cooperation Track;4;1;3;0;120,000005699694;120;1,958;100;
2022-10-06_19:58:52;GeometryFriendsAgents;GF-CoG 2022 - Cooperation Track;4;0;3;0;120,000005699694;120;2,995;0;
2022-10-06_19:58:54;GeometryFriendsAgents;GF-CoG 2022 - Cooperation Track;4;0;3;0;120,000005699694;120;1,956;0;
2022-10-06_19:58:56;GeometryFriendsAgents;GF-CoG 2022 - Cooperation Track;5;0;2;0;120,000005699694;120;1,682;0;
2022-10-06_19:58:59;GeometryFriendsAgents;GF-CoG 2022 - Cooperation Track;5;0;2;0;120,000005699694;120;2,975;0;
2022-10-06_19:59:02;GeometryFriendsAgents;GF-CoG 2022 - Cooperation Track;5;0;2;0;120,000005699694;120;2,616;0;
2022-10-06_19:59:04;GeometryFriendsAgents;GF-CoG 2022 - Cooperation Track;5;0;2;0;120,000005699694;120;2,021;0;
2022-10-06_19:59:06;GeometryFriendsAgents;GF-CoG 2022 - Cooperation Track;5;0;2;0;120,000005699694;120;2,054;0;
2022-10-06_19:59:10;GeometryFriendsAgents;GF-CoG 2022 - Cooperation Track;5;0;2;0;120,000005699694;120;4,084;0;
2022-10-06_19:59:11;GeometryFriendsAgents;GF-CoG 2022 - Cooperation Track;5;0;2;0;120,000005699694;120;1,419;0;
2022-10-06_19:59:15;GeometryFriendsAgents;GF-CoG 2022 - Cooperation Track;5;0;2;0;120,000005699694;120;3,744;0;
2022-10-06_19:59:17;GeometryFriendsAgents;GF-CoG 2022 - Cooperation Track;5;0;2;0;120,000005699694;120;2,489;0;
2022-10-06_19:59:21;GeometryFriendsAgents;GF-CoG 2022 - Cooperation Track;5;0;2;0;120,000005699694;120;3,536;0;
2022-10-06_19:59:23;GeometryFriendsAgents;GF-CoG 2022 - Cooperation Track;6;0;2;0;120,000005699694;120;2,419;0;
2022-10-06_19:59:25;GeometryFriendsAgents;GF-CoG 2022 - Cooperation Track;6;1;2;0;120,000005699694;120;1,65;100;
2022-10-06_19:59:28;GeometryFriendsAgents;GF-CoG 2022 - Cooperation Track;6;0;2;0;120,000005699694;120;2,848;0;
2022-10-06_19:59:29;GeometryFriendsAgents;GF-CoG 2022 - Cooperation Track;6;0;2;0;120,000005699694;120;1,559;0;
2022-10-06_19:59:31;GeometryFriendsAgents;GF-CoG 2022 - Cooperation Track;6;1;2;0;120,000005699694;120;1,923;100;
2022-10-06_19:59:33;GeometryFriendsAgents;GF-CoG 2022 - Cooperation Track;6;1;2;0;120,000005699694;120;1,895;100;
2022-10-06_19:59:35;GeometryFriendsAgents;GF-CoG 2022 - Cooperation Track;6;0;2;0;120,000005699694;120;1,333;0;
2022-10-06_19:59:36;GeometryFriendsAgents;GF-CoG 2022 - Cooperation Track;6;0;2;0;120,000005699694;120;1,466;0;
2022-10-06_19:59:38;GeometryFriendsAgents;GF-CoG 2022 - Cooperation Track;6;1;2;0;120,000005699694;120;1,764;100;
2022-10-06_19:59:40;GeometryFriendsAgents;GF-CoG 2022 - Cooperation Track;6;1;2;0;120,000005699694;120;1,915;100;
2022-10-06_19:59:42;GeometryFriendsAgents;GF-CoG 2022 - Cooperation Track;7;0;3;0;120,000005699694;120;1,684;0;
2022-10-06_19:59:44;GeometryFriendsAgents;GF-CoG 2022 - Cooperation Track;7;0;3;0;120,000005699694;120;2,007;0;
2022-10-06_19:59:45;GeometryFriendsAgents;GF-CoG 2022 - Cooperation Track;7;0;3;0;120,000005699694;120;1,958;0;
2022-10-06_19:59:48;GeometryFriendsAgents;GF-CoG 2022 - Cooperation Track;7;0;3;0;120,000005699694;120;2,568;0;
2022-10-06_19:59:51;GeometryFriendsAgents;GF-CoG 2022 - Cooperation Track;7;0;3;0;120,000005699694;120;2,549;0;
2022-10-06_19:59:53;GeometryFriendsAgents;GF-CoG 2022 - Cooperation Track;7;0;3;0;120,000005699694;120;1,991;0;
2022-10-06_19:59:56;GeometryFriendsAgents;GF-CoG 2022 - Cooperation Track;7;0;3;0;120,000005699694;120;3,439;0;
2022-10-06_19:59:59;GeometryFriendsAgents;GF-CoG 2022 - Cooperation Track;7;0;3;0;120,000005699694;120;3,024;0;
2022-10-06_20:00:01;GeometryFriendsAgents;GF-CoG 2022 - Cooperation Track;7;0;3;0;120,000005699694;120;2,003;0;
2022-10-06_20:00:03;GeometryFriendsAgents;GF-CoG 2022 - Cooperation Track;7;0;3;0;120,000005699694;120;1,968;0;
2022-10-06_20:00:05;GeometryFriendsAgents;GF-CoG 2022 - Cooperation Track;8;1;8;0;120,000005699694;120;2,213;100;
2022-10-06_20:00:09;GeometryFriendsAgents;GF-CoG 2022 - Cooperation Track;8;0;8;0;120,000005699694;120;4,081;0;
2022-10-06_20:00:13;GeometryFriendsAgents;GF-CoG 2022 - Cooperation Track;8;0;8;0;120,000005699694;120;3,913;0;
2022-10-06_20:00:17;GeometryFriendsAgents;GF-CoG 2022 - Cooperation Track;8;0;8;0;120,000005699694;120;3,61;0;
2022-10-06_20:00:19;GeometryFriendsAgents;GF-CoG 2022 - Cooperation Track;8;0;8;0;120,000005699694;120;2,286;0;
2022-10-06_20:00:22;GeometryFriendsAgents;GF-CoG 2022 - Cooperation Track;8;0;8;0;120,000005699694;120;3,175;0;
2022-10-06_20:00:25;GeometryFriendsAgents;GF-CoG 2022 - Cooperation Track;8;0;8;0;120,000005699694;120;2,256;0;
2022-10-06_20:00:27;GeometryFriendsAgents;GF-CoG 2022 - Cooperation Track;8;1;8;0;120,000005699694;120;2,133;100;
2022-10-06_20:00:29;GeometryFriendsAgents;GF-CoG 2022 - Cooperation Track;8;1;8;0;120,000005699694;120;1,89;100;
2022-10-06_20:00:33;GeometryFriendsAgents;GF-CoG 2022 - Cooperation Track;8;0;8;0;120,000005699694;120;4,147;0;
2022-10-06_20:00:35;GeometryFriendsAgents;GF-CoG 2022 - Cooperation Track;9;3;4;0;120,000005699694;120;1,871;300;
2022-10-06_20:00:36;GeometryFriendsAgents;GF-CoG 2022 - Cooperation Track;9;2;4;0;120,000005699694;120;1,417;200;
2022-10-06_20:00:38;GeometryFriendsAgents;GF-CoG 2022 - Cooperation Track;9;2;4;0;120,000005699694;120;1,854;200;
2022-10-06_20:00:40;GeometryFriendsAgents;GF-CoG 2022 - Cooperation Track;9;0;4;0;120,000005699694;120;2,096;0;
2022-10-06_20:00:42;GeometryFriendsAgents;GF-CoG 2022 - Cooperation Track;9;1;4;0;120,000005699694;120;2,087;100;
2022-10-06_20:00:44;GeometryFriendsAgents;GF-CoG 2022 - Cooperation Track;9;2;4;0;120,000005699694;120;1,837;200;
2022-10-06_20:00:45;GeometryFriendsAgents;GF-CoG 2022 - Cooperation Track;9;2;4;0;120,000005699694;120;1,375;200;
2022-10-06_20:00:47;GeometryFriendsAgents;GF-CoG 2022 - Cooperation Track;9;1;4;0;120,000005699694;120;1,892;100;
2022-10-06_20:00:49;GeometryFriendsAgents;GF-CoG 2022 - Cooperation Track;9;1;4;0;120,000005699694;120;2,065;100;
2022-10-06_20:00:51;GeometryFriendsAgents;GF-CoG 2022 - Cooperation Track;9;2;4;0;120,000005699694;120;2,049;200;
2022-10-06_20:00:53;GeometryFriendsAgents;GF-CoG 2022 - Cooperation Track;10;0;1;0;120,000005699694;120;1,436;0;
2022-10-06_20:00:55;GeometryFriendsAgents;GF-CoG 2022 - Cooperation Track;10;0;1;0;120,000005699694;120;2,627;0;
2022-10-06_20:00:57;GeometryFriendsAgents;GF-CoG 2022 - Cooperation Track;10;0;1;0;120,000005699694;120;1,848;0;
2022-10-06_20:01:00;GeometryFriendsAgents;GF-CoG 2022 - Cooperation Track;10;0;1;0;120,000005699694;120;2,961;0;
2022-10-06_20:01:02;GeometryFriendsAgents;GF-CoG 2022 - Cooperation Track;10;0;1;0;120,000005699694;120;1,856;0;
2022-10-06_20:01:04;GeometryFriendsAgents;GF-CoG 2022 - Cooperation Track;10;0;1;0;120,000005699694;120;2,02;0;
2022-10-06_20:01:06;GeometryFriendsAgents;GF-CoG 2022 - Cooperation Track;10;0;1;0;120,000005699694;120;1,928;0;
2022-10-06_20:01:09;GeometryFriendsAgents;GF-CoG 2022 - Cooperation Track;10;0;1;0;120,000005699694;120;2,439;0;
2022-10-06_20:01:10;GeometryFriendsAgents;GF-CoG 2022 - Cooperation Track;10;0;1;0;120,000005699694;120;1,336;0;
2022-10-06_20:01:12;GeometryFriendsAgents;GF-CoG 2022 - Cooperation Track;10;0;1;0;120,000005699694;120;1,907;0;
2022-10-07_16:24:01;GeometryFriendsAgents;GF-CoG 2022 - Cooperation Track;1;0;1;0;120,000005699694;120;11,989;0;
2022-10-07_16:24:16;GeometryFriendsAgents;GF-CoG 2022 - Cooperation Track;1;0;1;0;120,000005699694;120;11,989;0;
2022-10-07_16:24:29;GeometryFriendsAgents;GF-CoG 2022 - Cooperation Track;1;0;1;0;120,000005699694;120;12,005;0;
2022-10-07_16:24:42;GeometryFriendsAgents;GF-CoG 2022 - Cooperation Track;1;0;1;0;120,000005699694;120;11,978;0;
2022-10-07_16:24:56;GeometryFriendsAgents;GF-CoG 2022 - Cooperation Track;1;0;1;0;120,000005699694;120;11,983;0;
2022-10-07_16:25:08;GeometryFriendsAgents;GF-CoG 2022 - Cooperation Track;1;0;1;0;120,000005699694;120;11,995;0;
2022-10-07_16:25:22;GeometryFriendsAgents;GF-CoG 2022 - Cooperation Track;1;0;1;0;120,000005699694;120;11,999;0;
2022-10-07_16:25:35;GeometryFriendsAgents;GF-CoG 2022 - Cooperation Track;1;0;1;0;120,000005699694;120;11,991;0;
2022-10-07_16:25:47;GeometryFriendsAgents;GF-CoG 2022 - Cooperation Track;1;0;1;0;120,000005699694;120;11,998;0;
2022-10-07_16:26:00;GeometryFriendsAgents;GF-CoG 2022 - Cooperation Track;1;0;1;0;120,000005699694;120;11,996;0;
2022-10-07_16:26:13;GeometryFriendsAgents;GF-CoG 2022 - Cooperation Track;1;0;1;0;120,000005699694;120;11,991;0;
2022-10-07_16:26:26;GeometryFriendsAgents;GF-CoG 2022 - Cooperation Track;1;0;1;0;120,000005699694;120;12,002;0;
2022-10-07_16:26:39;GeometryFriendsAgents;GF-CoG 2022 - Cooperation Track;1;0;1;0;120,000005699694;120;11,983;0;
2022-10-07_16:26:52;GeometryFriendsAgents;GF-CoG 2022 - Cooperation Track;1;0;1;0;120,000005699694;120;11,983;0;
2022-10-07_16:27:30;GeometryFriendsAgents;GF-CoG 2022 - Cooperation Track;1;0;1;0;120,000005699694;120;11,997;0;
2022-10-07_16:27:42;GeometryFriendsAgents;GF-CoG 2022 - Cooperation Track;1;0;1;0;120,000005699694;120;11,998;0;
2022-10-07_16:27:54;GeometryFriendsAgents;GF-CoG 2022 - Cooperation Track;1;0;1;0;120,000005699694;120;12,004;0;
2022-10-07_16:28:06;GeometryFriendsAgents;GF-CoG 2022 - Cooperation Track;1;0;1;0;120,000005699694;120;12,017;0;
2022-10-07_16:28:26;GeometryFriendsAgents;GF-CoG 2022 - Cooperation Track;1;0;1;0;120,000005699694;120;2,409;0;
2022-10-07_16:28:28;GeometryFriendsAgents;GF-CoG 2022 - Cooperation Track;1;0;1;0;120,000005699694;120;2,426;0;
2022-10-07_16:28:32;GeometryFriendsAgents;GF-CoG 2022 - Cooperation Track;1;0;1;0;120,000005699694;120;3,509;0;
2022-10-07_16:28:33;GeometryFriendsAgents;GF-CoG 2022 - Cooperation Track;1;0;1;0;120,000005699694;120;1,882;0;
2022-10-07_16:28:36;GeometryFriendsAgents;GF-CoG 2022 - Cooperation Track;1;0;1;0;120,000005699694;120;2,409;0;
2022-10-07_16:28:38;GeometryFriendsAgents;GF-CoG 2022 - Cooperation Track;1;0;1;0;120,000005699694;120;2,403;0;
2022-10-07_16:28:41;GeometryFriendsAgents;GF-CoG 2022 - Cooperation Track;1;0;1;0;120,000005699694;120;2,463;0;
2022-10-07_16:28:43;GeometryFriendsAgents;GF-CoG 2022 - Cooperation Track;1;0;1;0;120,000005699694;120;2,355;0;
2022-10-07_16:28:45;GeometryFriendsAgents;GF-CoG 2022 - Cooperation Track;1;0;1;0;120,000005699694;120;2,41;0;
2022-10-07_16:28:48;GeometryFriendsAgents;GF-CoG 2022 - Cooperation Track;1;0;1;0;120,000005699694;120;2,412;0;
2022-10-07_16:28:50;GeometryFriendsAgents;GF-CoG 2022 - Cooperation Track;1;0;1;0;120,000005699694;120;2,414;0;
2022-10-07_16:28:53;GeometryFriendsAgents;GF-CoG 2022 - Cooperation Track;1;0;1;0;120,000005699694;120;2,645;0;
2022-10-07_16:28:56;GeometryFriendsAgents;GF-CoG 2022 - Cooperation Track;1;0;1;0;120,000005699694;120;2,673;0;
2022-10-07_16:28:58;GeometryFriendsAgents;GF-CoG 2022 - Cooperation Track;1;0;1;0;120,000005699694;120;2,806;0;
2022-10-07_16:29:01;GeometryFriendsAgents;GF-CoG 2022 - Cooperation Track;1;0;1;0;120,000005699694;120;2,41;0;
2022-10-07_16:29:03;GeometryFriendsAgents;GF-CoG 2022 - Cooperation Track;1;0;1;0;120,000005699694;120;2,408;0;
2022-10-07_16:29:07;GeometryFriendsAgents;GF-CoG 2022 - Cooperation Track;1;0;1;0;120,000005699694;120;3,263;0;
2022-10-07_16:29:09;GeometryFriendsAgents;GF-CoG 2022 - Cooperation Track;1;0;1;0;120,000005699694;120;2,075;0;
2022-10-07_16:29:11;GeometryFriendsAgents;GF-CoG 2022 - Cooperation Track;1;0;1;0;120,000005699694;120;2,4;0;
2022-10-07_16:29:14;GeometryFriendsAgents;GF-CoG 2022 - Cooperation Track;1;0;1;0;120,000005699694;120;3,337;0;
2022-10-07_16:30:35;GeometryFriendsAgents;GF-CoG 2022 - Cooperation Track;2;2;5;0;120,000005699694;120;2,417;200;
2022-10-07_16:30:38;GeometryFriendsAgents;GF-CoG 2022 - Cooperation Track;2;1;5;0;120,000005699694;120;2,375;100;
2022-10-07_16:30:40;GeometryFriendsAgents;GF-CoG 2022 - Cooperation Track;2;2;5;0;120,000005699694;120;2,442;200;
2022-10-07_16:30:42;GeometryFriendsAgents;GF-CoG 2022 - Cooperation Track;2;2;5;0;120,000005699694;120;2,384;200;
2022-10-07_16:30:45;GeometryFriendsAgents;GF-CoG 2022 - Cooperation Track;2;0;5;0;120,000005699694;120;2,412;0;
2022-10-07_16:30:47;GeometryFriendsAgents;GF-CoG 2022 - Cooperation Track;2;0;5;0;120,000005699694;120;2,424;0;
2022-10-07_16:30:50;GeometryFriendsAgents;GF-CoG 2022 - Cooperation Track;2;2;5;0;120,000005699694;120;2,401;200;
2022-10-07_16:30:52;GeometryFriendsAgents;GF-CoG 2022 - Cooperation Track;2;0;5;0;120,000005699694;120;2,393;0;
2022-10-07_16:30:54;GeometryFriendsAgents;GF-CoG 2022 - Cooperation Track;2;0;5;0;120,000005699694;120;2,412;0;
2022-10-07_16:30:57;GeometryFriendsAgents;GF-CoG 2022 - Cooperation Track;2;0;5;0;120,000005699694;120;2,427;0;
2022-10-07_16:30:59;GeometryFriendsAgents;GF-CoG 2022 - Cooperation Track;2;0;5;0;120,000005699694;120;2,41;0;
2022-10-07_16:31:02;GeometryFriendsAgents;GF-CoG 2022 - Cooperation Track;2;2;5;0;120,000005699694;120;2,384;200;
2022-10-07_16:31:04;GeometryFriendsAgents;GF-CoG 2022 - Cooperation Track;2;2;5;0;120,000005699694;120;2,412;200;
2022-10-07_16:31:07;GeometryFriendsAgents;GF-CoG 2022 - Cooperation Track;2;0;5;0;120,000005699694;120;2,442;0;
2022-10-07_19:30:18;AgentsWithPrediction;GF-CoG 2022 - Cooperation Track;1;0;1;0;120,000005699694;120;11,99;0;
2022-10-07_19:30:30;RapidlyExploringRandomTreeAgents;GF-CoG 2022 - Cooperation Track;1;0;1;0;120,000005699694;120;12,006;0;
2022-10-07_19:31:29;RandomAgents;GF-CoG 2022 - Cooperation Track;1;1;1;1;32,8200015588664;120;29,43;245;
2022-10-07_19:31:38;AgentsWithPrediction;GF-CoG 2022 - Cooperation Track;1;0;1;0;120,030005701119;120;41,273;0;
2022-10-07_19:31:38;GeometryFriendsAgents;GF-CoG 2022 - Cooperation Track;1;0;1;0;120,090005703969;120;38,924;0;
2022-10-07_19:31:38;RapidlyExploringRandomTreeAgents;GF-CoG 2022 - Cooperation Track;1;0;1;0;120,040005701594;120;37,51;0;
2022-10-07_19:32:29;AgentsWithPrediction;GF-CoG 2022 - Cooperation Track;1;0;1;0;120,000005699694;120;23,985;0;
2022-10-07_19:32:41;RandomAgents;GF-CoG 2022 - Cooperation Track;1;1;1;1;22,1000010496937;120;4,426;263;
2022-10-07_19:33:35;AgentsWithPrediction;GF-CoG 2022 - Cooperation Track;1;1;1;1;89,0000042272732;120;19,794;152;
2022-10-07_19:34:08;GeometryFriendsAgents;GF-CoG 2022 - Cooperation Track;1;0;1;0;120,000005699694;120;23,98;0;
2022-10-07_19:34:33;GeometryFriendsAgents;GF-CoG 2022 - Cooperation Track;1;0;1;0;120,000005699694;120;24,011;0;
2022-10-07_19:35:02;RapidlyExploringRandomTreeAgents;GF-CoG 2022 - Cooperation Track;1;0;1;0;120,000005699694;120;24,015;0;
2022-10-07_19:36:30;SubGoalAStarAgents;GF-CoG 2022 - Cooperation Track;1;0;1;0;120,000005699694;120;23,984;0;
2022-10-07_19:37:51;ReinforcementLearningAgents;GF 2015 Coop Track;1;0;4;0;90,0000042747706;90;18,009;0;
2022-10-07_19:37:58;ReinforcementLearningAgents;GF 2015 Coop Track;2;1;2;0;30,0000014249235;30;6,013;100;
2022-10-07_19:38:10;ReinforcementLearningAgents;GF 2015 Coop Track;3;0;3;0;60,0000028498471;60;11,996;0;
2022-10-07_19:38:52;RapidlyExploringRandomTreeAgents;GF 2015 Coop Track;1;1;4;0;30,0000014249235;30;29,988;100;
2022-10-07_19:39:24;RapidlyExploringRandomTreeAgents;GF 2015 Coop Track;2;1;2;0;60,0000028498471;60;60,007;100;
2022-10-08_12:16:21;AgentsWithPrediction;AlfaCircleLevels;1;1;2;0;15,0000007124618;15;2,993;100;
2022-10-08_12:16:22;AgentsWithPrediction;AlfaCircleLevels;2;1;1;1;2,85000013536774;15;0,579;262;
2022-10-08_12:16:25;AgentsWithPrediction;AlfaCircleLevels;3;3;3;1;16,6500007908326;45;3,335;426;
2022-10-08_12:16:27;AgentsWithPrediction;AlfaCircleLevels;4;2;2;1;7,1000003372319;25;1,412;343;
2022-10-08_12:16:29;AgentsWithPrediction;AlfaCircleLevels;5;3;3;1;11,0500005248468;25;2,188;412;
2022-10-08_12:16:32;AgentsWithPrediction;AlfaCircleLevels;6;1;2;0;15,0000007124618;15;3,008;100;
2022-10-08_12:16:35;AgentsWithPrediction;AlfaCircleLevels;7;0;1;0;15,0000007124618;15;3,003;0;
2022-10-08_12:16:38;AgentsWithPrediction;AlfaCircleLevels;8;1;2;0;15,0000007124618;15;2,993;100;
2022-10-08_12:16:41;AgentsWithPrediction;AlfaCircleLevels;9;0;1;0;15,0000007124618;15;3,006;0;
2022-10-08_12:16:46;AgentsWithPrediction;AlfaCircleLevels;10;2;4;0;25,0000011874363;25;4,989;200;
2022-10-08_12:16:49;AgentsWithPrediction;AlfaCircleLevels;11;1;2;0;15,0000007124618;15;2,993;100;
2022-10-08_12:16:52;AgentsWithPrediction;AlfaCircleLevels;12;3;3;1;13,0000006174669;25;2,609;396;
2022-10-08_12:16:55;AgentsWithPrediction;AlfaCircleLevels;13;1;2;0;15,0000007124618;15;3,003;100;
2022-10-08_12:16:58;AgentsWithPrediction;AlfaCircleLevels;14;0;1;0;15,0000007124618;15;3,005;0;
2022-10-08_12:17:01;AgentsWithPrediction;AlfaCircleLevels;15;1;2;0;15,0000007124618;15;2,997;100;
2022-10-08_12:17:04;AgentsWithPrediction;AlfaCircleLevels;16;0;1;0;15,0000007124618;15;2,982;0;
2022-10-08_12:17:09;AgentsWithPrediction;AlfaCircleLevels;17;3;4;0;25,0000011874363;25;4,999;300;
2022-10-08_12:17:12;AgentsWithPrediction;AlfaCircleLevels;18;0;2;0;15,0000007124618;15;2,98;0;
2022-10-08_12:17:15;AgentsWithPrediction;AlfaSquareLevels;1;1;2;0;15,0000007124618;15;3,008;100;
2022-10-08_12:17:18;AgentsWithPrediction;AlfaSquareLevels;2;0;1;0;15,0000007124618;15;3,002;0;
2022-10-08_12:17:27;AgentsWithPrediction;AlfaSquareLevels;3;2;3;0;45,0000021373853;45;8,997;200;
2022-10-08_12:17:32;AgentsWithPrediction;AlfaSquareLevels;4;1;2;0;25,0000011874363;25;5,013;100;
2022-10-08_12:17:37;AgentsWithPrediction;AlfaSquareLevels;5;2;3;0;25,0000011874363;25;4,985;200;
2022-10-08_12:17:41;AgentsWithPrediction;AlfaSquareLevels;6;1;2;0;15,0000007124618;15;3,006;100;
2022-10-08_12:17:44;AgentsWithPrediction;AlfaSquareLevels;7;0;1;0;15,0000007124618;15;2,983;0;
2022-10-08_12:17:46;AgentsWithPrediction;AlfaSquareLevels;8;2;2;1;13,0500006198417;15;2,619;226;
2022-10-08_12:17:47;AgentsWithPrediction;AlfaSquareLevels;9;1;1;1;1,90000009024516;15;0,371;275;
2022-10-08_12:17:52;AgentsWithPrediction;AlfaSquareLevels;10;2;4;0;25,0000011874363;25;4,984;200;
2022-10-08_12:17:55;AgentsWithPrediction;AlfaSquareLevels;11;1;2;0;15,0000007124618;15;2,997;100;
2022-10-08_12:18:00;AgentsWithPrediction;AlfaSquareLevels;12;1;3;0;25,0000011874363;25;4,992;100;
2022-10-08_12:18:03;AgentsWithPrediction;AlfaSquareLevels;13;1;2;0;15,0000007124618;15;3,007;100;
2022-10-08_12:18:06;AgentsWithPrediction;AlfaSquareLevels;14;0;1;0;15,0000007124618;15;2,983;0;
2022-10-08_12:18:09;AgentsWithPrediction;AlfaSquareLevels;15;1;2;0;15,0000007124618;15;2,985;100;
2022-10-08_12:18:12;AgentsWithPrediction;AlfaSquareLevels;16;0;1;0;15,0000007124618;15;2,979;0;
2022-10-08_12:18:17;AgentsWithPrediction;AlfaSquareLevels;17;1;4;0;25,0000011874363;25;5,003;100;
2022-10-08_12:18:20;AgentsWithPrediction;AlfaSquareLevels;18;1;2;0;15,0000007124618;15;3,004;100;
2022-10-09_12:16:18;RapidlyExploringRandomTreeAgents;Circle 2014 Competition;1;2;2;1;5,60000026598573;20;1,114;344;
2022-10-09_12:16:22;RapidlyExploringRandomTreeAgents;Circle 2014 Competition;2;0;3;0;20,000000949949;20;3,991;0;
2022-10-09_12:16:31;RapidlyExploringRandomTreeAgents;Circle 2014 Competition;2;0;3;0;45,0000021373853;45;8,999;0;
2022-10-09_12:17:10;RapidlyExploringRandomTreeAgents;Cooperative 2014 Competition;1;0;3;0;90,0000042747706;90;18,003;0;
2022-10-09_12:17:28;RapidlyExploringRandomTreeAgents;Cooperative 2014 Competition;2;1;3;0;90,0000042747706;90;18,003;100;
2022-10-09_12:17:35;RapidlyExploringRandomTreeAgents;Cooperative 2014 Competition;3;1;2;0;35,0000016624108;35;7,004;100;
2022-10-09_12:17:57;RapidlyExploringRandomTreeAgents;Cooperative 2014 Competition;4;0;5;0;110,00000522472;110;22,001;0;
2022-10-09_12:18:17;RapidlyExploringRandomTreeAgents;Cooperative 2014 Competition;5;0;4;0;100,000004749745;100;19,998;0;
2022-10-09_12:24:08;SubGoalAStarAgents;GF 2015 Rectangle Track;1;3;3;1;14,9500007100869;30;2,986;400;
2022-10-09_12:24:20;SubGoalAStarAgents;GF 2015 Rectangle Track;2;0;3;0;60,0000028498471;60;12,001;0;
2022-10-09_12:24:46;SubGoalAStarAgents;GF 2015 Rectangle Track;4;3;4;0;90,0000042747706;90;17,99;300;
2022-10-09_12:25:12;SubGoalAStarAgents;GF 2015 Rectangle Track;1;3;3;1;15,1000007172115;30;3,016;399;
2022-10-09_12:25:16;SubGoalAStarAgents;GF 2015 Rectangle Track;1;3;3;1;16,5500007860828;30;3,302;390;
2022-10-09_12:25:28;SubGoalAStarAgents;GF 2015 Rectangle Track;2;0;3;0;60,0000028498471;60;11,985;0;
2022-10-09_12:25:40;SubGoalAStarAgents;GF 2015 Rectangle Track;2;0;3;0;60,0000028498471;60;11,993;0;
2022-10-09_12:25:52;SubGoalAStarAgents;GF 2015 Rectangle Track;3;1;3;0;60,0000028498471;60;11,995;100;
2022-10-09_12:26:04;SubGoalAStarAgents;GF 2015 Rectangle Track;3;1;3;0;60,0000028498471;60;12,007;100;
2022-10-09_12:26:22;SubGoalAStarAgents;GF 2015 Rectangle Track;4;3;4;0;90,0000042747706;90;18,007;300;
2022-10-09_12:26:55;SubGoalAStarAgents;GF 2015 Rectangle Track;5;0;4;0;90,0000042747706;90;18,004;0;
2022-10-09_12:27:13;SubGoalAStarAgents;GF 2015 Rectangle Track;5;0;4;0;90,0000042747706;90;18,005;0;
2022-10-09_12:27:30;SubGoalAStarAgents;GF 2015 Rectangle Track;1;3;3;1;15,0000007124618;30;3,011;400;
2022-10-09_12:27:42;SubGoalAStarAgents;GF 2015 Rectangle Track;2;0;3;0;60,0000028498471;60;11,992;0;
2022-10-09_12:27:54;SubGoalAStarAgents;GF 2015 Rectangle Track;3;1;3;0;60,0000028498471;60;12,005;100;
2022-10-09_12:28:12;SubGoalAStarAgents;GF 2015 Rectangle Track;4;3;4;0;90,0000042747706;90;18,004;300;
2022-10-09_12:31:24;SubGoalAStarAgents;Cooperative 2014 Competition;1;0;3;0;90,0000042747706;90;17,983;0;
2022-10-09_12:31:42;SubGoalAStarAgents;Cooperative 2014 Competition;2;1;3;0;90,0000042747706;90;18,006;100;
2022-10-09_12:31:49;SubGoalAStarAgents;Cooperative 2014 Competition;3;0;2;0;35,0000016624108;35;7,011;0;
2022-10-09_12:32:11;SubGoalAStarAgents;Cooperative 2014 Competition;4;0;5;0;110,00000522472;110;22,013;0;
2022-10-09_12:32:49;RapidlyExploringRandomTreeAgents;Cooperative 2014 Competition;1;0;3;0;90,0000042747706;90;18,008;0;
2022-10-09_12:33:07;RapidlyExploringRandomTreeAgents;Cooperative 2014 Competition;2;1;3;0;90,0000042747706;90;17,992;100;
2022-10-09_12:33:14;RapidlyExploringRandomTreeAgents;Cooperative 2014 Competition;3;1;2;0;35,0000016624108;35;7,004;100;
2022-10-09_12:33:36;RapidlyExploringRandomTreeAgents;Cooperative 2014 Competition;4;0;5;0;110,00000522472;110;21,992;0;
2022-10-09_12:33:56;RapidlyExploringRandomTreeAgents;Cooperative 2014 Competition;5;0;4;0;100,000004749745;100;20,002;0;
2022-10-09_12:45:29;SubGoalAStarAgents;GF-CoG 2019 - Rectangle Track;4;3;3;1;50,5500024009962;120;10,125;416;
2022-10-09_12:45:37;SubGoalAStarAgents;GF-CoG 2019 - Rectangle Track;4;3;3;1;38,7000018381514;120;7,738;435;
2022-10-09_12:46:07;SubGoalAStarAgents;GF-CoG 2019 - Rectangle Track;6;3;3;1;67,3500031989533;120;13,48;388;
2022-10-09_12:46:19;SubGoalAStarAgents;GF-CoG 2019 - Rectangle Track;6;3;3;1;59,5000028260984;120;11,912;401;
2022-10-09_12:46:43;SubGoalAStarAgents;GF-CoG 2019 - Rectangle Track;7;1;2;0;120,000005699694;120;24,005;100;
2022-10-09_12:47:13;SubGoalAStarAgents;GF-CoG 2019 - Rectangle Track;8;0;2;0;120,000005699694;120;23,997;0;
2022-10-09_12:47:42;SubGoalAStarAgents;GF-CoG 2019 - Rectangle Track;9;0;3;0;120,000005699694;120;23,997;0;
2022-10-09_12:48:09;SubGoalAStarAgents;GF-CoG 2019 - Rectangle Track;10;0;2;0;120,000005699694;120;24,004;0;
2023-01-21_13:31:02;GeometryFriendsAgents;World;4;0;1;0;55,0000026123598;55;6,612;0;
2023-01-21_13:33:15;GeometryFriendsAgents;World;4;0;1;0;55,0000026123598;55;6,517;0;
2023-01-21_13:34:38;GeometryFriendsAgents;World;4;0;1;0;55,0000026123598;55;6,58;0;
2023-01-21_13:37:03;GeometryFriendsAgents;World;4;0;1;0;55,0000026123598;55;6,577;0;
2023-01-27_16:38:41;GeometryFriendsAgents;AlfaCircleLevels;1;2;2;1;6,30000029923394;15;2,997;316;
2023-01-27_16:38:43;GeometryFriendsAgents;AlfaCircleLevels;2;1;1;1;3,70000017574057;15;1,658;251;
2023-01-27_16:38:48;GeometryFriendsAgents;AlfaCircleLevels;3;3;3;1;16,8500008003321;45;4,863;425;
2023-01-27_16:38:51;GeometryFriendsAgents;AlfaCircleLevels;4;2;2;1;7,1000003372319;25;2,878;343;
2023-01-27_16:38:54;GeometryFriendsAgents;AlfaCircleLevels;5;3;3;1;9,3000004417263;25;3,319;426;
2023-01-27_16:38:58;GeometryFriendsAgents;AlfaCircleLevels;7;1;1;1;2,30000010924414;15;2,161;269;
2023-01-27_16:39:02;GeometryFriendsAgents;AlfaCircleLevels;8;2;2;1;10,0000004749745;15;4,274;267;
2023-01-27_16:39:11;GeometryFriendsAgents;AlfaCircleLevels;1;2;2;1;5,72000027168542;15;4,361;324;
2023-01-27_16:39:16;GeometryFriendsAgents;AlfaCircleLevels;2;1;1;1;6,74000032013282;15;4,292;210;
2023-01-27_16:39:25;GeometryFriendsAgents;AlfaCircleLevels;3;3;3;1;15,6600007438101;45;9,255;430;
2023-01-27_16:39:30;GeometryFriendsAgents;AlfaCircleLevels;4;2;2;1;6,78000032203272;25;4,994;346;
2023-01-27_16:39:36;GeometryFriendsAgents;AlfaCircleLevels;5;3;3;1;9,10000043222681;25;6,028;427;
2023-01-27_16:39:41;GeometryFriendsAgents;AlfaCircleLevels;6;2;2;1;6,52000030968338;15;4,736;313;
2023-01-27_16:39:44;GeometryFriendsAgents;AlfaCircleLevels;7;1;1;1;2,18000010354444;15;2,449;271;
2023-01-27_16:39:51;GeometryFriendsAgents;AlfaCircleLevels;8;2;2;1;9,58000045502558;15;7,021;272;
2023-01-27_16:39:54;GeometryFriendsAgents;AlfaCircleLevels;9;1;1;1;2,66000012634322;15;2,958;265;
2023-01-27_16:40:00;GeometryFriendsAgents;AlfaCircleLevels;10;4;4;1;10,4600004968233;25;6,457;516;
2023-01-27_16:40:06;GeometryFriendsAgents;AlfaCircleLevels;11;2;2;1;7,84000037238002;15;5,874;295;
2023-01-27_16:40:17;GeometryFriendsAgents;AlfaCircleLevels;12;3;3;1;18,2600008673035;25;10,615;354;
2023-01-27_16:40:24;GeometryFriendsAgents;AlfaCircleLevels;13;2;2;1;8,76000041607767;15;6,44;283;
2023-01-27_16:40:27;GeometryFriendsAgents;AlfaCircleLevels;14;1;1;1;3,42000016244128;15;3,231;254;
2023-01-27_16:40:34;GeometryFriendsAgents;AlfaCircleLevels;15;2;2;1;10,3000004892237;15;7,313;263;
2023-01-27_16:40:38;GeometryFriendsAgents;AlfaCircleLevels;16;1;1;1;3,40000016149133;15;3,316;255;
2023-01-27_16:40:47;GeometryFriendsAgents;AlfaCircleLevels;17;4;4;1;13,3800006355159;25;8,682;493;
2023-01-27_16:40:53;GeometryFriendsAgents;AlfaCircleLevels;18;2;2;1;9,16000043507665;15;6,5;278;
2023-01-27_16:41:04;GeometryFriendsAgents;AlfaSquareLevels;1;2;2;1;13,3000006317161;15;6,659;223;
2023-01-27_16:41:07;GeometryFriendsAgents;AlfaSquareLevels;2;1;1;1;5,68000026978552;15;2,832;224;
2023-01-27_16:41:22;GeometryFriendsAgents;AlfaSquareLevels;6;2;2;1;8,74000041512772;15;4,374;283;
2023-01-27_16:41:30;GeometryFriendsAgents;Circle 2013 Competition;1;2;2;1;6,56000031158328;∞;4,404;400;
2023-01-27_16:41:39;GeometryFriendsAgents;Circle 2013 Competition;2;3;3;1;16,4000007789582;∞;9,342;500;
2023-01-27_16:42:14;GeometryFriendsAgents;Circle 2013 Competition;5;2;2;1;18,7600008910522;∞;11,048;400;
2023-01-27_16:42:32;GeometryFriendsAgents;Circle 2013 Competition;1;2;2;1;6,38000030303374;∞;4,307;400;
2023-01-27_16:42:42;GeometryFriendsAgents;Circle 2013 Competition;2;3;3;1;18,7800008920021;∞;10,568;500;
2023-01-28_19:31:47;GeometryFriendsAgents;AlfaCircleLevels;1;2;2;1;5,37000025506131;15;7,327;328;
2023-01-28_19:31:54;GeometryFriendsAgents;AlfaCircleLevels;1;2;2;1;5,23000024841167;15;6,496;330;
2023-01-28_19:32:01;GeometryFriendsAgents;AlfaCircleLevels;1;2;2;1;5,1400002441369;15;6,585;331;
2023-01-28_19:32:07;GeometryFriendsAgents;AlfaCircleLevels;1;2;2;1;5,1800002460368;15;6,44;331;
2023-01-28_19:32:14;GeometryFriendsAgents;AlfaCircleLevels;1;2;2;1;5,40000025648624;15;6,766;328;
2023-01-28_19:32:20;GeometryFriendsAgents;AlfaCircleLevels;1;2;2;1;5,11000024271198;15;6,439;332;
2023-01-28_19:32:27;GeometryFriendsAgents;AlfaCircleLevels;1;2;2;1;5,36000025458634;15;6,754;329;
2023-01-28_19:32:34;GeometryFriendsAgents;AlfaCircleLevels;1;2;2;1;5,26000024983659;15;6,605;330;
2023-01-28_19:32:41;GeometryFriendsAgents;AlfaCircleLevels;1;2;2;1;5,2200002479367;15;6,547;330;
2023-01-28_19:32:47;GeometryFriendsAgents;AlfaCircleLevels;1;2;2;1;5,25000024936162;15;6,561;330;
2023-01-28_19:32:52;GeometryFriendsAgents;AlfaCircleLevels;2;1;1;1;3,95000018761493;15;4,859;247;
2023-01-28_19:32:57;GeometryFriendsAgents;AlfaCircleLevels;2;1;1;1;4,00000018998981;15;4,695;247;
2023-01-28_19:33:02;GeometryFriendsAgents;AlfaCircleLevels;2;1;1;1;4,05000019236468;15;4,77;246;
2023-01-28_19:33:08;GeometryFriendsAgents;AlfaCircleLevels;2;1;1;1;5,15000024461187;15;5,893;231;
2023-01-28_19:33:14;GeometryFriendsAgents;AlfaCircleLevels;2;1;1;1;5,02000023843721;15;5,776;233;
2023-01-28_19:33:19;GeometryFriendsAgents;AlfaCircleLevels;2;1;1;1;3,98000018903986;15;4,809;247;
2023-01-28_19:33:23;GeometryFriendsAgents;AlfaCircleLevels;2;1;1;1;3,86000018334016;15;4,686;249;
2023-01-28_19:33:28;GeometryFriendsAgents;AlfaCircleLevels;2;1;1;1;3,94000018713996;15;4,755;247;
2023-01-28_19:33:33;GeometryFriendsAgents;AlfaCircleLevels;2;1;1;1;4,01000019046478;15;4,748;247;
2023-01-28_19:33:38;GeometryFriendsAgents;AlfaCircleLevels;2;1;1;1;3,97000018856488;15;4,802;247;
2023-01-28_19:33:55;GeometryFriendsAgents;AlfaCircleLevels;3;3;3;1;15,3500007290859;45;16,773;432;
2023-01-28_19:34:06;GeometryFriendsAgents;AlfaCircleLevels;3;3;3;1;10,2700004877988;45;11,557;454;
2023-01-28_19:34:23;GeometryFriendsAgents;AlfaCircleLevels;3;3;3;1;15,3500007290859;45;16,73;432;
2023-01-28_19:34:40;GeometryFriendsAgents;AlfaCircleLevels;3;3;3;1;15,3600007295609;45;16,636;432;
2023-01-28_19:34:56;GeometryFriendsAgents;AlfaCircleLevels;3;3;3;1;15,1300007186364;45;16,439;433;
2023-01-28_19:35:13;GeometryFriendsAgents;AlfaCircleLevels;3;3;3;1;15,320000727661;45;16,688;432;
2023-01-28_19:35:30;GeometryFriendsAgents;AlfaCircleLevels;3;3;3;1;15,320000727661;45;16,718;432;
2023-01-28_19:35:47;GeometryFriendsAgents;AlfaCircleLevels;3;3;3;1;16,2600007723086;45;17,594;428;
2023-01-28_19:36:04;GeometryFriendsAgents;AlfaCircleLevels;3;3;3;1;15,4500007338356;45;16,811;431;
2023-01-28_19:36:26;GeometryFriendsAgents;AlfaCircleLevels;3;3;3;1;20,2400009613484;45;21,611;410;
2023-01-28_19:36:34;GeometryFriendsAgents;AlfaCircleLevels;4;2;2;1;6,18000029353425;25;7,681;351;
2023-01-28_19:36:41;GeometryFriendsAgents;AlfaCircleLevels;4;2;2;1;6,15000029210933;25;7,459;351;
2023-01-28_19:36:49;GeometryFriendsAgents;AlfaCircleLevels;4;2;2;1;6,2000002944842;25;7,555;350;
2023-01-28_19:36:57;GeometryFriendsAgents;AlfaCircleLevels;4;2;2;1;6,1600002925843;25;7,506;351;
2023-01-28_19:37:04;GeometryFriendsAgents;AlfaCircleLevels;4;2;2;1;6,18000029353425;25;7,607;351;
2023-01-28_19:37:12;GeometryFriendsAgents;AlfaCircleLevels;4;2;2;1;6,1200002906844;25;7,453;351;
2023-01-28_19:37:19;GeometryFriendsAgents;AlfaCircleLevels;4;2;2;1;6,21000029495917;25;7,526;350;
2023-01-28_19:37:27;GeometryFriendsAgents;AlfaCircleLevels;4;2;2;1;6,18000029353425;25;7,494;351;
2023-01-28_19:37:39;GeometryFriendsAgents;AlfaCircleLevels;5;3;3;1;8,45000040135346;25;9,974;432;
2023-01-28_19:37:47;GeometryFriendsAgents;AlfaCircleLevels;1;2;2;1;5,07000024081208;15;6,286;332;
2023-01-28_19:37:51;GeometryFriendsAgents;AlfaCircleLevels;5;3;3;1;9,36000044457614;15;12,037;375;
2023-01-28_19:37:54;GeometryFriendsAgents;AlfaCircleLevels;1;2;2;1;5,35000025411136;25;6,857;357;
2023-01-28_19:38:00;GeometryFriendsAgents;AlfaCircleLevels;1;2;2;1;5,23000024841167;15;6,559;330;
2023-01-28_19:38:03;GeometryFriendsAgents;AlfaCircleLevels;5;3;3;1;10,4000004939735;15;12,119;361;
2023-01-28_19:38:08;GeometryFriendsAgents;AlfaCircleLevels;1;2;2;1;5,72000027168542;25;7,063;354;
2023-01-28_19:38:14;GeometryFriendsAgents;AlfaCircleLevels;5;3;3;1;8,65000041085295;15;10,38;385;
2023-01-28_19:38:14;GeometryFriendsAgents;AlfaCircleLevels;1;2;2;1;5,2200002479367;25;6,647;358;
2023-01-28_19:38:22;GeometryFriendsAgents;AlfaCircleLevels;2;1;1;1;5,17000024556182;15;6,173;231;
2023-01-28_19:38:24;GeometryFriendsAgents;AlfaCircleLevels;5;3;3;1;8,82000041892752;15;10,443;382;
2023-01-28_19:38:30;GeometryFriendsAgents;AlfaCircleLevels;2;1;1;1;7,15000033960678;25;7,971;243;
2023-01-28_19:38:34;GeometryFriendsAgents;AlfaCircleLevels;5;3;3;1;8,64000041037798;15;10,121;385;
2023-01-28_19:38:35;GeometryFriendsAgents;AlfaCircleLevels;2;1;1;1;3,95000018761493;25;5,252;268;
2023-01-28_19:39:19;GeometryFriendsAgents;AlfaCircleLevels;2;1;1;1;4,96000023558736;15;5,96;234;
2023-01-28_19:39:25;GeometryFriendsAgents;AlfaCircleLevels;2;1;1;1;5,15000024461187;15;5,928;231;
2023-01-28_19:39:30;GeometryFriendsAgents;AlfaCircleLevels;2;1;1;1;4,00000018998981;15;4,744;247;
2023-01-28_19:39:35;GeometryFriendsAgents;AlfaCircleLevels;2;1;1;1;3,98000018903986;15;4,725;247;
2023-01-28_19:39:40;GeometryFriendsAgents;AlfaCircleLevels;2;1;1;1;3,90000018524006;15;4,713;248;
2023-01-28_19:39:56;GeometryFriendsAgents;AlfaCircleLevels;3;3;3;1;15,1700007205363;45;16,542;433;
2023-01-28_19:40:18;GeometryFriendsAgents;AlfaCircleLevels;3;3;3;1;20,3500009665731;45;21,689;410;
2023-01-28_19:40:36;GeometryFriendsAgents;AlfaCircleLevels;3;3;3;1;15,9000007552095;45;17,302;429;
2023-01-28_19:40:52;GeometryFriendsAgents;AlfaCircleLevels;3;3;3;1;15,5000007362105;45;16,836;431;
2023-01-28_19:41:10;GeometryFriendsAgents;AlfaCircleLevels;3;3;3;1;15,6500007433351;45;17,028;430;
2023-01-28_19:41:17;GeometryFriendsAgents;AlfaCircleLevels;4;2;2;1;6,15000029210933;25;7,619;351;
2023-01-28_19:41:25;GeometryFriendsAgents;AlfaCircleLevels;4;2;2;1;5,96000028308481;25;7,297;352;
2023-01-28_19:41:32;GeometryFriendsAgents;AlfaCircleLevels;4;2;2;1;6,11000029020943;25;7,423;351;
2023-01-28_19:41:40;GeometryFriendsAgents;AlfaCircleLevels;4;2;2;1;6,15000029210933;25;7,536;351;
2023-01-28_19:41:47;GeometryFriendsAgents;AlfaCircleLevels;4;2;2;1;6,01000028545968;25;7,33;352;
2023-01-28_19:41:57;GeometryFriendsAgents;AlfaCircleLevels;5;3;3;1;8,55000040610321;25;10,064;432;
2023-01-28_19:42:07;GeometryFriendsAgents;AlfaCircleLevels;5;3;3;1;8,57000040705316;25;9,88;431;
2023-01-28_19:42:17;GeometryFriendsAgents;AlfaCircleLevels;5;3;3;1;8,6700004118029;25;9,995;431;
2023-01-28_19:42:27;GeometryFriendsAgents;AlfaCircleLevels;5;3;3;1;8,51000040420331;25;9,857;432;
2023-01-28_19:42:37;GeometryFriendsAgents;AlfaCircleLevels;5;3;3;1;8,69000041275285;25;10,085;430;
2023-01-28_19:42:45;GeometryFriendsAgents;AlfaCircleLevels;6;2;2;1;5,99000028450973;15;7,491;320;
2023-01-28_19:42:53;GeometryFriendsAgents;AlfaCircleLevels;6;2;2;1;5,95000028260984;15;7,467;321;
2023-01-28_19:43:00;GeometryFriendsAgents;AlfaCircleLevels;6;2;2;1;5,99000028450973;15;7,478;320;
2023-01-28_19:43:08;GeometryFriendsAgents;AlfaCircleLevels;6;2;2;1;5,97000028355978;15;7,421;320;
2023-01-28_19:43:15;GeometryFriendsAgents;AlfaCircleLevels;6;2;2;1;5,93000028165989;15;7,337;321;
2023-01-28_19:43:18;GeometryFriendsAgents;AlfaCircleLevels;7;1;1;1;1,91000009072013;15;3,288;275;
2023-01-28_19:43:22;GeometryFriendsAgents;AlfaCircleLevels;7;1;1;1;1,92000009119511;15;3,221;274;
2023-01-28_19:43:25;GeometryFriendsAgents;AlfaCircleLevels;7;1;1;1;1,83000008692034;15;3,019;276;
2023-01-28_19:43:28;GeometryFriendsAgents;AlfaCircleLevels;7;1;1;1;1,89000008977018;15;3,157;275;
2023-01-28_19:43:31;GeometryFriendsAgents;AlfaCircleLevels;7;1;1;1;1,92000009119511;15;3,161;274;
2023-01-28_19:43:43;GeometryFriendsAgents;AlfaCircleLevels;8;2;2;1;9,17000043555163;15;11,281;278;
2023-01-28_19:43:54;GeometryFriendsAgents;AlfaCircleLevels;8;2;2;1;9,24000043887645;15;11,256;277;
2023-01-28_19:44:05;GeometryFriendsAgents;AlfaCircleLevels;8;2;2;1;9,10000043222681;15;11,066;279;
2023-01-28_19:44:16;GeometryFriendsAgents;AlfaCircleLevels;8;2;2;1;9,19000043650158;15;11,277;277;
2023-01-28_19:44:28;GeometryFriendsAgents;AlfaCircleLevels;8;2;2;1;9,11000043270178;15;11,162;279;
2023-01-28_19:44:32;GeometryFriendsAgents;AlfaCircleLevels;9;1;1;1;2,49000011826865;15;3,993;267;
2023-01-28_19:44:36;GeometryFriendsAgents;AlfaCircleLevels;9;1;1;1;2,38000011304393;15;3,895;268;
2023-01-28_19:44:40;GeometryFriendsAgents;AlfaCircleLevels;9;1;1;1;2,5100001192186;15;4,025;267;
2023-01-28_19:44:44;GeometryFriendsAgents;AlfaCircleLevels;9;1;1;1;2,48000011779368;15;3,992;267;
2023-01-28_19:44:48;GeometryFriendsAgents;AlfaCircleLevels;9;1;1;1;2,32000011019409;15;3,866;269;
2023-01-28_19:44:59;GeometryFriendsAgents;AlfaCircleLevels;10;4;4;1;10,1300004811492;25;11,385;519;
2023-01-28_19:45:11;GeometryFriendsAgents;AlfaCircleLevels;10;4;4;1;10,2300004858989;25;11,36;518;
2023-01-28_19:45:22;GeometryFriendsAgents;AlfaCircleLevels;10;4;4;1;10,3700004925486;25;11,491;517;
2023-01-28_19:45:34;GeometryFriendsAgents;AlfaCircleLevels;10;4;4;1;10,4600004968233;25;11,577;516;
2023-01-28_19:45:46;GeometryFriendsAgents;AlfaCircleLevels;10;4;4;1;10,1200004806742;25;11,836;519;
2023-01-28_19:45:56;GeometryFriendsAgents;AlfaCircleLevels;11;2;2;1;7,49000035575591;15;9,482;300;
2023-01-28_19:46:05;GeometryFriendsAgents;AlfaCircleLevels;11;2;2;1;7,40000035148114;15;9,139;301;
2023-01-28_19:46:14;GeometryFriendsAgents;AlfaCircleLevels;11;2;2;1;7,6100003614556;15;9,427;299;
2023-01-28_19:46:24;GeometryFriendsAgents;AlfaCircleLevels;11;2;2;1;7,54000035813078;15;9,424;299;
2023-01-28_19:46:33;GeometryFriendsAgents;AlfaCircleLevels;11;2;2;1;7,36000034958124;15;9,245;302;
2023-01-28_19:46:51;GeometryFriendsAgents;AlfaCircleLevels;12;3;3;1;16,7600007960573;25;18,276;366;
2023-01-28_19:47:10;GeometryFriendsAgents;AlfaCircleLevels;12;3;3;1;17,4100008269306;25;18,746;361;
2023-01-28_19:47:29;GeometryFriendsAgents;AlfaCircleLevels;12;3;3;1;16,890000802232;25;18,208;365;
2023-01-28_19:47:47;GeometryFriendsAgents;AlfaCircleLevels;12;3;3;1;17,4800008302554;25;18,9;360;
2023-01-28_19:48:06;GeometryFriendsAgents;AlfaCircleLevels;12;3;3;1;17,6000008359551;25;18,886;359;
2023-01-28_19:48:17;GeometryFriendsAgents;AlfaCircleLevels;13;2;2;1;8,41000039945357;15;10,265;288;
2023-01-28_19:48:27;GeometryFriendsAgents;AlfaCircleLevels;13;2;2;1;8,57000040705316;15;10,366;286;
2023-01-28_19:48:38;GeometryFriendsAgents;AlfaCircleLevels;13;2;2;1;8,68000041227788;15;10,644;284;
2023-01-28_19:48:49;GeometryFriendsAgents;AlfaCircleLevels;13;2;2;1;8,69000041275285;15;10,485;284;
2023-01-28_19:48:59;GeometryFriendsAgents;AlfaCircleLevels;13;2;2;1;8,6700004118029;15;10,546;284;
2023-01-28_19:49:04;GeometryFriendsAgents;AlfaCircleLevels;14;1;1;1;2,90000013774261;15;4,284;261;
2023-01-28_19:49:08;GeometryFriendsAgents;AlfaCircleLevels;14;1;1;1;2,92000013869256;15;4,352;261;
2023-01-28_19:49:12;GeometryFriendsAgents;AlfaCircleLevels;14;1;1;1;2,80000013299286;15;4,087;263;
2023-01-28_19:49:16;GeometryFriendsAgents;AlfaCircleLevels;14;1;1;1;2,85000013536774;15;4,217;262;
2023-01-28_19:49:21;GeometryFriendsAgents;AlfaCircleLevels;14;1;1;1;2,87000013631769;15;4,128;262;
2023-01-28_19:49:32;GeometryFriendsAgents;AlfaCircleLevels;15;2;2;1;9,61000045645051;15;11,65;272;
2023-01-28_19:49:44;GeometryFriendsAgents;AlfaCircleLevels;15;2;2;1;9,71000046120025;15;11,592;271;
2023-01-28_19:49:56;GeometryFriendsAgents;AlfaCircleLevels;15;2;2;1;9,89000046974979;15;11,908;268;
2023-01-28_19:50:08;GeometryFriendsAgents;AlfaCircleLevels;15;2;2;1;9,6900004602503;15;11,638;271;
2023-01-28_19:50:19;GeometryFriendsAgents;AlfaCircleLevels;15;2;2;1;9,67000045930035;15;11,555;271;
2023-01-28_19:50:24;GeometryFriendsAgents;AlfaCircleLevels;16;1;1;1;3,08000014629215;15;4,608;259;
2023-01-28_19:50:29;GeometryFriendsAgents;AlfaCircleLevels;16;1;1;1;3,19000015151687;15;4,622;257;
2023-01-28_19:50:33;GeometryFriendsAgents;AlfaCircleLevels;16;1;1;1;3,21000015246682;15;4,619;257;
2023-01-28_19:50:38;GeometryFriendsAgents;AlfaCircleLevels;16;1;1;1;3,05000014486723;15;4,517;259;
2023-01-28_19:50:43;GeometryFriendsAgents;AlfaCircleLevels;16;1;1;1;3,15000014961697;15;4,581;258;
2023-01-28_19:50:58;GeometryFriendsAgents;AlfaCircleLevels;17;4;4;1;12,940000614617;25;14,879;496;
2023-01-28_19:51:12;GeometryFriendsAgents;AlfaCircleLevels;17;4;4;1;12,6900006027427;25;14,661;498;
2023-01-28_19:51:27;GeometryFriendsAgents;AlfaCircleLevels;17;4;4;1;12,5800005975179;25;14,472;499;
2023-01-28_19:51:42;GeometryFriendsAgents;AlfaCircleLevels;17;4;4;1;12,8300006093923;25;14,714;497;
2023-01-28_19:51:56;GeometryFriendsAgents;AlfaCircleLevels;17;4;4;1;12,8400006098673;25;14,659;497;
2023-01-28_19:52:07;GeometryFriendsAgents;AlfaCircleLevels;18;2;2;1;8,76000041607767;15;10,698;283;
2023-01-28_19:52:18;GeometryFriendsAgents;AlfaCircleLevels;18;2;2;1;8,48000040277839;15;10,226;287;
2023-01-28_19:52:28;GeometryFriendsAgents;AlfaCircleLevels;18;2;2;1;8,56000040657818;15;10,624;286;
2023-01-28_19:52:39;GeometryFriendsAgents;AlfaCircleLevels;18;2;2;1;8,64000041037798;15;10,72;285;
2023-01-28_19:52:50;GeometryFriendsAgents;AlfaCircleLevels;18;2;2;1;8,7900004175026;15;11,217;283;
2023-01-28_19:54:33;GeometryFriendsAgents;Circle 2013 Competition;1;2;2;1;6,43000030540861;∞;7,86;400;
2023-01-28_19:54:37;GeometryFriendsAgents;Circle 2013 Competition;1;2;2;1;6,52000030968338;∞;7,6;400;
2023-01-28_19:54:40;GeometryFriendsAgents;Circle 2013 Competition;1;2;2;1;6,26000029733405;∞;7,261;400;
2023-01-28_19:54:44;GeometryFriendsAgents;Circle 2013 Competition;2;3;3;1;15,8100007509347;∞;17,19;500;
2023-01-28_19:54:45;GeometryFriendsAgents;Circle 2013 Competition;1;2;2;1;6,19000029400922;∞;7,251;400;
2023-01-28_19:54:48;GeometryFriendsAgents;Circle 2013 Competition;1;2;2;1;6,36000030208379;∞;7,411;400;
2023-01-30_13:23:16;GeometryFriendsAgents;Circle2013;1;2;2;1;5,58000026503578;∞;6,903;400;
2023-01-30_13:23:23;GeometryFriendsAgents;Circle2013;1;2;2;1;5,92000028118491;∞;7;400;
2023-01-30_13:23:30;GeometryFriendsAgents;Circle2013;1;2;2;1;5,54000026313588;∞;6,52;400;
2023-01-30_13:26:09;GeometryFriendsAgents;Circle2013;1;2;2;1;5,87000027881004;∞;7,035;400;
2023-01-30_13:26:16;GeometryFriendsAgents;Circle2013;1;2;2;1;5,67000026931055;∞;6,719;400;
2023-01-30_13:26:23;GeometryFriendsAgents;Circle2013;1;2;2;1;5,6900002702605;∞;6,711;400;
2023-01-30_13:26:39;GeometryFriendsAgents;Circle2013;2;3;3;1;15,2800007257611;∞;16,455;500;
2023-01-30_13:26:56;GeometryFriendsAgents;Circle2013;2;3;3;1;15,4900007357355;∞;16,56;500;
2023-01-30_13:27:13;GeometryFriendsAgents;Circle2013;2;3;3;1;15,6000007409602;∞;16,707;500;
2023-01-30_13:27:32;GeometryFriendsAgents;Circle2013;3;3;3;1;18,5900008829776;∞;19,457;500;
2023-01-30_13:28:18;GeometryFriendsAgents;Circle2013;3;3;3;1;18,7700008915272;∞;19,49;500;
2023-01-30_13:28:35;GeometryFriendsAgents;Circle2013;3;3;3;1;17,2400008188561;∞;37,996;500;
2023-01-30_13:29:01;GeometryFriendsAgents;Circle2013;4;4;4;1;23,7300011271145;∞;25,402;600;
2023-01-30_13:29:21;GeometryFriendsAgents;Circle2013;4;4;4;1;18,430000875378;∞;20,042;600;
2023-01-30_13:29:41;GeometryFriendsAgents;Circle2013;4;4;4;1;18,2600008673035;∞;19,878;600;
2023-01-30_13:30:00;GeometryFriendsAgents;Circle2013;5;2;2;1;17,9200008511543;∞;19,385;400;
2023-01-30_13:30:19;GeometryFriendsAgents;Circle2013;5;2;2;1;17,6900008402299;∞;19,038;400;
2023-01-30_13:30:38;GeometryFriendsAgents;Circle2013;5;2;2;1;17,65000083833;∞;19,088;400;
2023-01-30_13:30:50;GeometryFriendsAgents;Circle2013;6;2;2;1;9,83000046689995;∞;11,082;400;
2023-01-30_13:31:00;GeometryFriendsAgents;Circle2013;6;2;2;1;9,64000045787543;∞;10,737;400;
2023-01-30_13:31:11;GeometryFriendsAgents;Circle2013;6;2;2;1;9,72000046167523;∞;10,797;400;
2023-01-30_13:38:04;GeometryFriendsAgents;Circle2013;8;3;3;1;31,6900015051942;∞;32,166;500;
2023-01-30_13:38:36;GeometryFriendsAgents;Circle2013;8;3;3;1;31,4200014923699;∞;31,734;500;
2023-01-30_13:39:08;GeometryFriendsAgents;Circle2013;8;3;3;1;31,4100014918949;∞;31,773;500;
2023-01-30_13:39:48;GeometryFriendsAgents;Circle2013;9;4;4;1;38,3800018229522;∞;40,012;600;
2023-01-30_13:40:28;GeometryFriendsAgents;Circle2013;9;4;4;1;38,1500018120278;∞;39,797;600;
2023-01-30_13:41:09;GeometryFriendsAgents;Circle2013;9;4;4;1;39,1500018595252;∞;40,831;600;
2023-01-30_13:41:38;GeometryFriendsAgents;Circle2013;10;2;2;1;28,3500013465527;∞;29,151;400;
2023-01-30_13:41:57;GeometryFriendsAgents;Circle2013;10;2;2;1;17,9300008516293;∞;18,655;400;
2023-01-30_13:42:25;GeometryFriendsAgents;Circle2013;10;2;2;1;27,1400012890808;∞;27,921;400;
2023-01-30_13:42:32;GeometryFriendsAgents;Circle2014;1;2;2;1;6,1600002925843;20;7,325;338;
2023-01-30_13:42:39;GeometryFriendsAgents;Circle2014;1;2;2;1;5,84000027738512;20;6,826;342;
2023-01-30_13:42:46;GeometryFriendsAgents;Circle2014;1;2;2;1;5,60000026598573;20;6,618;344;
2023-01-30_13:43:02;GeometryFriendsAgents;Circle2014;2;3;3;1;15,1100007176865;45;16,326;433;
2023-01-30_13:43:20;GeometryFriendsAgents;Circle2014;2;3;3;1;16,1200007656589;45;17,239;428;
2023-01-30_13:43:36;GeometryFriendsAgents;Circle2014;2;3;3;1;14,920000708662;45;16,013;434;
2023-01-30_13:43:55;GeometryFriendsAgents;Circle2014;3;3;3;1;18,4100008744281;60;19,215;439;
2023-01-30_13:44:14;GeometryFriendsAgents;Circle2014;3;3;3;1;18,040000856854;60;18,812;440;
2023-01-30_13:44:30;GeometryFriendsAgents;Circle2014;3;3;3;1;15,2000007219613;60;15,958;449;
2023-01-30_13:44:50;GeometryFriendsAgents;Circle2014;4;4;4;1;18,4800008777529;80;20,208;554;
2023-01-30_13:45:11;GeometryFriendsAgents;Circle2014;4;4;4;1;18,5900008829776;80;20,199;554;
2023-01-30_13:45:30;GeometryFriendsAgents;Circle2014;4;4;4;1;18,0900008592289;80;19,648;555;
2023-01-30_13:45:50;GeometryFriendsAgents;Circle2014;5;2;2;1;18,2000008644536;70;19,665;348;
2023-01-30_13:46:10;GeometryFriendsAgents;Circle2014;5;2;2;1;18,040000856854;70;19,471;348;
2023-01-30_13:46:29;GeometryFriendsAgents;Circle2014;5;2;2;1;17,8200008464046;70;19,218;349;
2023-01-30_13:46:39;GeometryFriendsAgents;Circle2014;6;2;2;1;8,7100004137028;40;9,788;356;
2023-01-30_13:46:50;GeometryFriendsAgents;Circle2014;6;2;2;1;10,1600004825741;40;11,489;349;
2023-01-30_13:47:00;GeometryFriendsAgents;Circle2014;6;2;2;1;9,09000043175183;40;10,007;355;
2023-01-30_13:48:02;GeometryFriendsAgents;Circle2014;7;2;3;0;60,0000028498471;60;61,083;200;
2023-01-30_13:49:03;GeometryFriendsAgents;Circle2014;7;2;3;0;60,0000028498471;60;61,057;200;
2023-01-30_13:50:04;GeometryFriendsAgents;Circle2014;7;2;3;0;60,0000028498471;60;61,053;200;
2023-01-30_13:50:30;GeometryFriendsAgents;Circle2014;8;3;3;1;24,5700011670124;40;25,897;377;
2023-01-30_13:50:56;GeometryFriendsAgents;Circle2014;8;3;3;1;24,4100011594128;40;25,718;378;
2023-01-30_13:51:22;GeometryFriendsAgents;Circle2014;8;3;3;1;24,6100011689123;40;25,792;377;
2023-01-30_13:51:49;GeometryFriendsAgents;Circle2014;9;3;3;1;26,1900012439582;80;27,618;435;
2023-01-30_13:52:16;GeometryFriendsAgents;Circle2014;9;3;3;1;25,6600012187846;80;26,993;436;
2023-01-30_13:52:43;GeometryFriendsAgents;Circle2014;9;3;3;1;25,4400012083352;80;26,747;436;
2023-01-30_13:53:42;GeometryFriendsAgents;Circle2014;10;3;3;1;58,0300027562771;100;59,082;384;
2023-01-30_13:54:23;GeometryFriendsAgents;Circle2014;10;3;3;1;39,9600018979982;100;41,011;420;
2023-01-30_13:55:03;GeometryFriendsAgents;Circle2014;10;3;3;1;38,0000018049031;100;39,044;424;
2023-01-30_13:55:14;GeometryFriendsAgents;Circle2015;1;2;2;1;9,8500004678499;30;11,048;334;
2023-01-30_13:55:24;GeometryFriendsAgents;Circle2015;1;2;2;1;9,53000045265071;30;10,631;336;
2023-01-30_13:55:35;GeometryFriendsAgents;Circle2015;1;2;2;1;9,57000045455061;30;10,62;336;
2023-01-30_13:55:52;GeometryFriendsAgents;Circle2015;2;3;3;1;15,6300007423852;60;16,808;448;
2023-01-30_13:56:09;GeometryFriendsAgents;Circle2015;2;3;3;1;15,3600007295609;60;16,464;449;
2023-01-30_13:56:24;GeometryFriendsAgents;Circle2015;2;3;3;1;14,6400006953627;60;15,797;451;
2023-01-30_13:56:45;GeometryFriendsAgents;Circle2015;3;3;3;1;18,7400008901022;90;20,675;458;
2023-01-30_13:57:06;GeometryFriendsAgents;Circle2015;3;3;3;1;19,2900009162258;90;20,996;457;
2023-01-30_13:58:17;GeometryFriendsAgents;Circle2015;4;4;4;1;23,0700010957662;90;24,732;549;
2023-01-30_13:58:45;GeometryFriendsAgents;Circle2015;4;4;4;1;25,9400012320839;90;27,61;542;
2023-01-30_13:59:05;GeometryFriendsAgents;Circle2015;4;4;4;1;18,7000008882023;90;20,284;558;
2023-01-30_13:59:45;GeometryFriendsAgents;Circle2015;5;4;4;1;38,1500018120278;90;39,758;515;
2023-01-30_14:00:24;GeometryFriendsAgents;Circle2015;5;4;4;1;37,8000017954037;90;39,341;516;
2023-01-30_14:01:05;GeometryFriendsAgents;Circle2015;5;4;4;1;38,7900018424261;90;40,428;514;
2023-01-30_14:01:30;GeometryFriendsAgents;Circle2019;1;3;3;1;23,8200011313893;120;25,444;460;
2023-01-30_14:01:55;GeometryFriendsAgents;Circle2019;1;3;3;1;23,4300011128653;120;24,937;461;
2023-01-30_14:02:21;GeometryFriendsAgents;Circle2019;1;3;3;1;23,8700011337642;120;25,442;460;
2023-01-30_14:02:33;GeometryFriendsAgents;Circle2019;2;3;3;1;10,9100005181972;120;11,77;482;
2023-01-30_14:02:44;GeometryFriendsAgents;Circle2019;2;3;3;1;10,6200005044229;120;11,355;482;
2023-01-30_14:02:56;GeometryFriendsAgents;Circle2019;2;3;3;1;10,9600005205721;120;11,702;482;
2023-01-30_14:04:31;GeometryFriendsAgents;Circle2019;3;3;3;1;94,0100044652354;120;94,56;343;
2023-01-30_14:05:26;GeometryFriendsAgents;Circle2019;3;3;3;1;55,0500026147347;120;55,506;408;
2023-01-30_14:05:57;GeometryFriendsAgents;Circle2019;3;3;3;1;30,0800014287233;120;30,557;450;
2023-01-30_14:06:09;GeometryFriendsAgents;Circle2019;4;1;1;1;10,3700004925486;120;11,662;283;
2023-01-30_14:06:20;GeometryFriendsAgents;Circle2019;4;1;1;1;9,78000046452507;120;11,011;284;
2023-01-30_14:06:31;GeometryFriendsAgents;Circle2019;4;1;1;1;10,0200004759245;120;11,26;283;
2023-01-30_14:06:44;GeometryFriendsAgents;Circle2019;5;3;3;1;11,8000005604699;120;12,876;480;
2023-01-30_14:06:57;GeometryFriendsAgents;Circle2019;5;3;3;1;11,380000540521;120;12,407;481;
2023-01-30_14:07:10;GeometryFriendsAgents;Circle2019;5;3;3;1;12,2600005823188;120;13,267;480;
2023-01-30_14:07:45;GeometryFriendsAgents;Circle2019;7;3;3;1;8,53000040515326;120;9,561;486;
2023-01-30_14:07:56;GeometryFriendsAgents;Circle2019;7;3;3;1;9,97000047354959;120;10,91;483;
2023-01-30_14:08:08;GeometryFriendsAgents;Circle2019;7;3;3;1;11,1300005286466;120;12,044;481;
2023-01-30_14:08:31;GeometryFriendsAgents;Circle2019;8;2;2;1;21,7300010321196;120;22,792;364;
2023-01-30_14:08:55;GeometryFriendsAgents;Circle2019;8;2;2;1;22,5000010686927;120;23,571;362;
2023-01-30_14:09:18;GeometryFriendsAgents;Circle2019;8;2;2;1;22,4700010672677;120;23,521;363;
2023-01-30_14:09:38;GeometryFriendsAgents;Circle2019;9;3;3;1;17,9700008535292;120;20,036;470;
2023-01-30_14:09:58;GeometryFriendsAgents;Circle2019;9;3;3;1;17,6300008373801;120;19,554;471;
2023-01-30_14:10:18;GeometryFriendsAgents;Circle2019;9;3;3;1;18,3100008696783;120;20,315;469;
2023-01-30_14:10:27;GeometryFriendsAgents;Circle2019;10;3;3;1;8,15000038710423;120;8,992;486;
2023-01-30_14:10:36;GeometryFriendsAgents;Circle2019;10;3;3;1;8,21000038995408;120;8,988;486;
2023-01-30_14:10:48;GeometryFriendsAgents;Circle2019;10;3;3;1;10,3500004915986;120;11,127;483;
2023-01-30_14:11:08;GeometryFriendsAgents;Circle2022.1;1;5;5;1;18,9400008996017;120;20,599;668;
2023-01-30_14:11:22;GeometryFriendsAgents;Circle2022.1;1;5;5;1;12,2700005827937;120;13,87;680;
2023-01-30_14:11:37;GeometryFriendsAgents;Circle2022.1;1;5;5;1;12,7300006046426;120;14,387;679;
2023-01-30_14:11:48;GeometryFriendsAgents;Circle2022.1;2;2;2;1;9,10000043222681;120;10,912;385;
2023-01-30_14:11:59;GeometryFriendsAgents;Circle2022.1;2;2;2;1;9,06000043032691;120;10,788;385;
2023-01-30_14:12:09;GeometryFriendsAgents;Circle2022.1;2;2;2;1;9,07000043080188;120;10,786;385;
2023-01-30_14:12:32;GeometryFriendsAgents;Circle2022.1;3;4;4;1;21,4200010173954;120;22,511;564;
2023-01-30_14:12:58;GeometryFriendsAgents;Circle2022.1;3;4;4;1;24,7900011774618;120;25,884;559;
2023-01-30_14:13:20;GeometryFriendsAgents;Circle2022.1;3;4;4;1;20,9400009945966;120;22,03;565;
2023-01-30_14:13:38;GeometryFriendsAgents;Circle2022.1;4;2;2;1;15,9100007556845;120;17,245;373;
2023-01-30_14:13:55;GeometryFriendsAgents;Circle2022.1;4;2;2;1;16,5000007837079;120;17,752;372;
2023-01-30_14:14:13;GeometryFriendsAgents;Circle2022.1;4;2;2;1;16,5400007856078;120;17,839;372;
2023-01-30_14:15:04;GeometryFriendsAgents;Circle2022.1;5;2;2;1;12,1000005747192;120;12,951;380;
2023-01-30_14:15:16;GeometryFriendsAgents;Circle2022.1;5;2;2;1;12,3900005884934;120;40,546;379;
2023-01-30_14:15:31;GeometryFriendsAgents;Circle2022.1;5;2;2;1;13,4300006378908;120;14,365;378;
2023-01-30_14:15:49;GeometryFriendsAgents;Circle2022.1;6;4;4;1;16,480000782758;120;18,211;573;
2023-01-30_14:16:07;GeometryFriendsAgents;Circle2022.1;6;4;4;1;16,2300007708836;120;17,995;573;
2023-01-30_14:16:26;GeometryFriendsAgents;Circle2022.1;6;4;4;1;16,7400007951073;120;18,435;572;
2023-01-30_14:16:50;GeometryFriendsAgents;Circle2022.1;7;5;5;1;23,5100011166651;120;24,668;661;
2023-01-30_14:17:16;GeometryFriendsAgents;Circle2022.1;7;5;5;1;24,7800011769868;120;25,857;659;
2023-01-30_14:17:42;GeometryFriendsAgents;Circle2022.1;7;5;5;1;24,4800011627376;120;25,529;659;
2023-01-30_14:18:20;GeometryFriendsAgents;Circle2022.1;8;5;5;1;36,0700017132331;120;37,908;640;
2023-01-30_14:18:56;GeometryFriendsAgents;Circle2022.1;8;5;5;1;34,4800016377121;120;36,13;643;
2023-01-30_14:19:54;GeometryFriendsAgents;Circle2022.1;8;5;5;1;56,490002683131;120;58,154;606;
2023-01-30_14:20:28;GeometryFriendsAgents;Circle2022.1;9;5;5;1;32,3900015384424;120;33,687;646;
2023-01-30_14:21:02;GeometryFriendsAgents;Circle2022.1;9;5;5;1;32,2000015294179;120;33,34;646;
2023-01-30_14:21:34;GeometryFriendsAgents;Circle2022.1;9;5;5;1;31,3100014871452;120;32,626;648;
2023-01-30_14:22:41;GeometryFriendsAgents;Circle2022.1;10;3;3;1;65,4900031106081;120;66,794;391;
2023-01-30_14:23:37;GeometryFriendsAgents;Circle2022.1;10;3;3;1;54,4000025838614;120;55,666;409;
2023-01-30_14:24:57;GeometryFriendsAgents;Circle2022.1;10;3;3;1;78,7600037408993;120;80,099;369;
2023-01-30_14:25:11;GeometryFriendsAgents;Circle2022.2;1;2;2;1;13,0000006174669;120;14,215;378;
2023-01-30_14:25:25;GeometryFriendsAgents;Circle2022.2;1;2;2;1;12,2100005799439;120;13,369;380;
2023-01-30_14:25:38;GeometryFriendsAgents;Circle2022.2;1;2;2;1;12,0600005728193;120;13,16;380;
2023-01-30_14:26:05;GeometryFriendsAgents;Circle2022.2;3;4;4;1;14,8600007058121;120;16,586;575;
2023-01-30_14:26:21;GeometryFriendsAgents;Circle2022.2;3;4;4;1;14,5600006915629;120;16,026;576;
2023-01-30_14:26:35;GeometryFriendsAgents;Circle2022.2;3;4;4;1;12,7100006036926;120;14,249;579;
2023-01-30_14:26:57;GeometryFriendsAgents;Circle2022.2;4;1;1;1;20,0900009542238;120;21,398;267;
2023-01-30_14:27:18;GeometryFriendsAgents;Circle2022.2;4;1;1;1;20,3400009660982;120;21,65;266;
2023-01-30_14:27:39;GeometryFriendsAgents;Circle2022.2;4;1;1;1;18,8900008972269;120;20,111;269;
2023-01-30_14:27:57;GeometryFriendsAgents;Circle2022.2;5;3;3;1;16,3700007775333;120;18,381;473;
2023-01-30_14:28:22;GeometryFriendsAgents;Circle2022.2;5;3;3;1;23,0600010952912;120;24,862;462;
2023-01-30_14:28:40;GeometryFriendsAgents;Circle2022.2;5;3;3;1;15,7600007485598;120;17,703;474;
2023-01-30_14:29:12;GeometryFriendsAgents;Circle2022.2;6;4;4;1;31,4700014947448;120;31,934;548;
2023-01-30_14:29:45;GeometryFriendsAgents;Circle2022.2;6;4;4;1;32,3400015360676;120;32,683;546;
2023-01-30_14:30:22;GeometryFriendsAgents;Circle2022.2;6;4;4;1;36,9400017545559;120;37,288;538;
2023-01-30_14:31:16;GeometryFriendsAgents;Circle2022.2;7;6;6;1;52,4700024921913;120;53,787;713;
2023-01-30_14:32:08;GeometryFriendsAgents;Circle2022.2;7;6;6;1;50,5600024014711;120;51,845;716;
2023-01-30_14:33:00;GeometryFriendsAgents;Circle2022.2;7;6;6;1;50,7500024104957;120;52,011;715;
2023-01-30_14:33:32;GeometryFriendsAgents;Circle2022.2;8;5;5;1;31,3100014871452;120;31,723;648;
2023-01-30_14:34:04;GeometryFriendsAgents;Circle2022.2;8;5;5;1;31,6900015051942;120;32,031;647;
2023-01-30_14:34:36;GeometryFriendsAgents;Circle2022.2;8;5;5;1;31,4500014937948;120;31,814;648;
2023-01-30_14:35:34;GeometryFriendsAgents;Circle2022.2;9;8;8;1;56,91000270308;120;58,642;905;
2023-01-30_14:36:28;GeometryFriendsAgents;Circle2022.2;9;8;8;1;51,7100024560932;120;53,346;914;
2023-01-30_14:37:22;GeometryFriendsAgents;Circle2022.2;9;8;8;1;52,2100024798419;120;53,904;913;
2023-01-30_14:37:49;GeometryFriendsAgents;Circle2022.2;10;1;1;1;25,9700012335088;120;26,912;257;
2023-01-30_14:38:18;GeometryFriendsAgents;Circle2022.2;10;1;1;1;27,7800013194792;120;28,646;254;
2023-01-30_14:38:45;GeometryFriendsAgents;Circle2022.2;10;1;1;1;26,6400012653321;120;27,526;256;
2023-01-30_14:38:52;GeometryFriendsAgents;CircleAlfa;1;2;2;1;5,37000025506131;15;6,91;328;
2023-01-30_14:38:59;GeometryFriendsAgents;CircleAlfa;1;2;2;1;5,1800002460368;15;6,601;331;
2023-01-30_14:39:06;GeometryFriendsAgents;CircleAlfa;1;2;2;1;5,39000025601126;15;6,957;328;
2023-01-30_14:39:12;GeometryFriendsAgents;CircleAlfa;2;1;1;1;4,56000021658838;15;5,539;239;
2023-01-30_14:39:17;GeometryFriendsAgents;CircleAlfa;2;1;1;1;4,21000019996427;15;5,042;244;
2023-01-30_14:39:22;GeometryFriendsAgents;CircleAlfa;2;1;1;1;4,47000021231361;15;5,335;240;
2023-01-30_14:39:36;GeometryFriendsAgents;CircleAlfa;3;3;3;1;12,6100005989429;45;14,226;444;
2023-01-30_14:39:53;GeometryFriendsAgents;CircleAlfa;3;3;3;1;15,5800007400103;45;17,023;431;
2023-01-30_14:40:10;GeometryFriendsAgents;CircleAlfa;3;3;3;1;15,1700007205363;45;16,582;433;
2023-01-30_14:40:18;GeometryFriendsAgents;CircleAlfa;4;2;2;1;6,65000031585805;25;8,133;347;
2023-01-30_14:40:26;GeometryFriendsAgents;CircleAlfa;4;2;2;1;6,57000031205826;25;8,034;347;
2023-01-30_14:40:35;GeometryFriendsAgents;CircleAlfa;4;2;2;1;6,58000031253323;25;8,088;347;
2023-01-30_14:40:47;GeometryFriendsAgents;CircleAlfa;5;3;3;1;10,2800004882738;25;11,795;418;
2023-01-30_14:40:58;GeometryFriendsAgents;CircleAlfa;5;3;3;1;10,3400004911236;25;11,843;417;
2023-01-30_14:41:10;GeometryFriendsAgents;CircleAlfa;5;3;3;1;10,2300004858989;25;11,766;418;
2023-01-30_14:41:18;GeometryFriendsAgents;CircleAlfa;6;2;2;1;5,91000028070994;15;7,616;321;
2023-01-30_14:41:26;GeometryFriendsAgents;CircleAlfa;6;2;2;1;5,99000028450973;15;7,618;320;
2023-01-30_14:41:33;GeometryFriendsAgents;CircleAlfa;6;2;2;1;5,91000028070994;15;7,508;321;
2023-01-30_14:41:37;GeometryFriendsAgents;CircleAlfa;7;1;1;1;1,90000009024516;15;3,405;275;
2023-01-30_14:41:40;GeometryFriendsAgents;CircleAlfa;7;1;1;1;1,960000093095;15;3,294;274;
2023-01-30_14:41:43;GeometryFriendsAgents;CircleAlfa;7;1;1;1;1,83000008692034;15;3,161;276;
2023-01-30_14:41:55;GeometryFriendsAgents;CircleAlfa;8;2;2;1;8,91000042320229;15;11,184;281;
2023-01-30_14:42:06;GeometryFriendsAgents;CircleAlfa;8;2;2;1;9,16000043507665;15;11,427;278;
2023-01-30_14:42:18;GeometryFriendsAgents;CircleAlfa;8;2;2;1;9,13000043365173;15;11,265;278;
2023-01-30_14:42:22;GeometryFriendsAgents;CircleAlfa;9;1;1;1;2,49000011826865;15;4,148;267;
2023-01-30_14:42:26;GeometryFriendsAgents;CircleAlfa;9;1;1;1;2,37000011256896;15;3,988;268;
2023-01-30_14:42:30;GeometryFriendsAgents;CircleAlfa;9;1;1;1;2,45000011636876;15;4,038;267;
2023-01-30_14:42:41;GeometryFriendsAgents;CircleAlfa;10;4;4;1;9,3000004417263;25;10,609;526;
2023-01-30_14:42:51;GeometryFriendsAgents;CircleAlfa;10;4;4;1;9,27000044030137;25;10,54;526;
2023-01-30_14:43:02;GeometryFriendsAgents;CircleAlfa;10;4;4;1;9,67000045930035;25;10,911;523;
2023-01-30_14:43:11;GeometryFriendsAgents;CircleAlfa;11;2;2;1;6,50000030873343;15;8,53;313;
2023-01-30_14:43:20;GeometryFriendsAgents;CircleAlfa;11;2;2;1;6,58000031253323;15;8,633;312;
2023-01-30_14:43:28;GeometryFriendsAgents;CircleAlfa;11;2;2;1;6,35000030160882;15;8,359;315;
2023-01-30_14:43:44;GeometryFriendsAgents;CircleAlfa;12;3;3;1;14,2800006782636;25;15,865;386;
2023-01-30_14:44:00;GeometryFriendsAgents;CircleAlfa;12;3;3;1;14,2400006763637;25;15,715;386;
2023-01-30_14:44:16;GeometryFriendsAgents;CircleAlfa;12;3;3;1;14,5900006929878;25;16,078;383;
2023-01-30_14:44:24;GeometryFriendsAgents;CircleAlfa;13;2;2;1;6,44000030588359;15;8,509;314;
2023-01-30_14:44:33;GeometryFriendsAgents;CircleAlfa;13;2;2;1;6,31000029970892;15;8,355;316;
2023-01-30_14:44:41;GeometryFriendsAgents;CircleAlfa;13;2;2;1;6,47000030730851;15;8,417;314;
2023-01-30_14:44:46;GeometryFriendsAgents;CircleAlfa;14;1;1;1;2,89000013726763;15;4,432;261;
2023-01-30_14:44:50;GeometryFriendsAgents;CircleAlfa;14;1;1;1;2,95000014011748;15;4,484;261;
2023-01-30_14:44:55;GeometryFriendsAgents;CircleAlfa;14;1;1;1;2,91000013821758;15;4,374;261;
2023-01-30_14:45:07;GeometryFriendsAgents;CircleAlfa;15;2;2;1;9,97000047354959;15;12,201;267;
2023-01-30_14:45:19;GeometryFriendsAgents;CircleAlfa;15;2;2;1;9,74000046262518;15;11,803;270;
2023-01-30_14:45:31;GeometryFriendsAgents;CircleAlfa;15;2;2;1;9,89000046974979;15;11,968;268;
2023-01-30_14:45:36;GeometryFriendsAgents;CircleAlfa;16;1;1;1;3,19000015151687;15;4,926;257;
2023-01-30_14:45:41;GeometryFriendsAgents;CircleAlfa;16;1;1;1;3,27000015531667;15;4,863;256;
2023-01-30_14:45:46;GeometryFriendsAgents;CircleAlfa;16;1;1;1;3,31000015721656;15;4,989;256;
2023-01-30_14:46:00;GeometryFriendsAgents;CircleAlfa;17;4;4;1;11,4700005447958;25;13,689;508;
2023-01-30_14:46:13;GeometryFriendsAgents;CircleAlfa;17;4;4;1;11,360000539571;25;13,43;509;
2023-01-30_14:46:27;GeometryFriendsAgents;CircleAlfa;17;4;4;1;11,3300005381461;25;13,437;509;
2023-01-30_14:46:37;GeometryFriendsAgents;CircleAlfa;18;2;2;1;7,62000036193058;15;9,643;298;
2023-01-30_14:46:46;GeometryFriendsAgents;CircleAlfa;18;2;2;1;7,62000036193058;15;9,506;298;
2023-01-30_14:46:56;GeometryFriendsAgents;CircleAlfa;18;2;2;1;7,48000035528094;15;9,403;300;
2023-01-30_14:47:21;GeometryFriendsAgents;CircleComp;1;3;3;1;23,8700011337642;40;25,518;381;
2023-01-30_14:47:47;GeometryFriendsAgents;CircleComp;1;3;3;1;23,5700011195149;40;25,2;382;
2023-01-30_14:48:12;GeometryFriendsAgents;CircleComp;1;3;3;1;23,7300011271145;40;25,389;381;
2023-01-30_14:48:32;GeometryFriendsAgents;CircleComp;2;2;2;1;17,7200008416548;60;19,349;341;
2023-01-30_14:48:55;GeometryFriendsAgents;CircleComp;2;2;2;1;21,7600010335445;60;23,436;327;
2023-01-30_14:49:14;GeometryFriendsAgents;CircleComp;2;2;2;1;16,8200007989071;60;18,411;344;
2023-01-30_14:50:06;GeometryFriendsAgents;CircleComp;3;4;4;1;51,4500024437439;60;52,497;428;
2023-01-30_14:50:54;GeometryFriendsAgents;CircleComp;3;4;4;1;47,08000223618;60;48,008;443;
2023-01-30_14:51:41;GeometryFriendsAgents;CircleComp;3;4;4;1;45,3600021544844;60;46,268;449;
2023-01-30_14:52:03;GeometryFriendsAgents;CircleComp;4;3;3;1;21,5300010226201;40;22,321;392;
2023-01-30_14:52:29;GeometryFriendsAgents;CircleComp;4;3;3;1;25,3600012045354;40;26,037;373;
2023-01-30_14:52:55;GeometryFriendsAgents;CircleComp;4;3;3;1;25,4500012088101;40;26,185;373;
2023-01-30_14:53:23;GeometryFriendsAgents;CircleComp;5;2;2;1;27,4300013028551;50;27,586;290;
2023-01-30_14:54:03;GeometryFriendsAgents;CircleComp;5;2;2;1;40,1400019065477;50;40,244;239;
2023-01-30_14:54:30;GeometryFriendsAgents;CircleComp;5;2;2;1;26,8400012748316;50;26,952;293;
2023-01-30_14:54:41;GeometryFriendsAgents;World;1;1;1;1;8,86000042082742;∞;10,439;300;
2023-01-30_14:54:49;GeometryFriendsAgents;World;1;1;1;1;7,04000033438206;∞;8,448;300;
2023-01-30_14:54:59;GeometryFriendsAgents;World;1;1;1;1;7,78000036953017;∞;9,224;300;
2023-01-30_14:55:05;GeometryFriendsAgents;World;2;1;1;1;4,52000021468848;∞;6,07;300;
2023-01-30_14:55:11;GeometryFriendsAgents;World;2;1;1;1;4,5900002180133;∞;6,023;300;
2023-01-30_14:55:17;GeometryFriendsAgents;World;2;1;1;1;4,46000021183863;∞;5,873;300;
2023-01-30_14:56:05;GeometryFriendsAgents;World;3;1;1;1;46,7900022224057;∞;48,081;300;
2023-01-30_14:56:23;GeometryFriendsAgents;World;3;1;1;1;16,100000764709;∞;17,295;300;
2023-01-30_14:56:40;GeometryFriendsAgents;World;3;1;1;1;15,9300007566344;∞;17,061;300;
2023-01-30_14:57:50;GeometryFriendsAgents;World;4;2;2;1;69,4800033001229;∞;70,721;400;
2023-01-30_14:58:57;GeometryFriendsAgents;World;4;2;2;1;65,0700030906592;∞;66,284;400;
2023-01-30_14:59:29;GeometryFriendsAgents;World;4;2;2;1;30,6400014553219;∞;31,849;400;
2023-01-31_17:54:07;GeometryFriendsAgents;Circle2013;1;2;2;1;7,94000037712976;∞;8,826;400;
2023-01-31_17:54:16;GeometryFriendsAgents;Circle2013;1;2;2;1;8,18000038852915;∞;8,824;400;
2023-01-31_17:54:24;GeometryFriendsAgents;Circle2013;1;2;2;1;8,18000038852915;∞;8,882;400;
2023-01-31_17:55:39;GeometryFriendsAgents;Circle2013;2;3;3;1;73,5300034924876;∞;74,534;500;
2023-01-31_17:56:08;GeometryFriendsAgents;Circle2013;2;3;3;1;28,2700013427529;∞;29,045;500;
2023-01-31_17:57:01;GeometryFriendsAgents;Circle2013;2;3;3;1;52,4900024931412;∞;53,236;500;
2023-01-31_17:57:32;GeometryFriendsAgents;Circle2013;3;3;3;1;29,6200014068745;∞;30,18;500;
2023-01-31_17:57:52;GeometryFriendsAgents;Circle2013;3;3;3;1;19,4800009252504;∞;19,947;500;
2023-01-31_17:58:17;GeometryFriendsAgents;Circle2013;3;3;3;1;24,6400011703372;∞;25,038;500;
2023-01-31_17:58:37;GeometryFriendsAgents;Circle2013;4;4;4;1;19,7700009390246;∞;20,751;600;
2023-01-31_17:59:01;GeometryFriendsAgents;Circle2013;4;4;4;1;22,3300010606181;∞;23,394;600;
2023-01-31_17:59:23;GeometryFriendsAgents;Circle2013;4;4;4;1;21,5400010230951;∞;22,51;600;
2023-01-31_18:01:26;GeometryFriendsAgents;Circle2013;7;3;3;1;13,9800006640144;∞;15,277;500;
2023-01-31_18:01:39;GeometryFriendsAgents;Circle2013;7;3;3;1;13,0000006174669;∞;13,698;500;
2023-01-31_18:02:19;GeometryFriendsAgents;Circle2013;7;3;3;1;39,1500018595252;∞;39,792;500;
2023-01-31_18:02:52;GeometryFriendsAgents;Circle2013;8;3;3;1;32,5300015450921;∞;32,85;500;
2023-01-31_18:03:26;GeometryFriendsAgents;Circle2013;8;3;3;1;32,950001565041;∞;34,041;500;
2023-01-31_18:03:59;GeometryFriendsAgents;Circle2013;8;3;3;1;32,6100015488919;∞;32,95;500;
2023-01-31_18:04:44;GeometryFriendsAgents;Circle2013;9;4;4;1;43,8500020827632;∞;44,93;600;
2023-01-31_18:05:28;GeometryFriendsAgents;Circle2013;9;4;4;1;42,9700020409655;∞;44,023;600;
2023-01-31_18:06:12;GeometryFriendsAgents;Circle2013;9;4;4;1;43,14000204904;∞;44,118;600;
2023-01-31_18:06:36;GeometryFriendsAgents;Circle2013;10;2;2;1;23,4900011157151;∞;24,223;400;
2023-01-31_18:07:11;GeometryFriendsAgents;Circle2013;10;2;2;1;34,120001620613;∞;34,552;400;
2023-01-31_18:07:41;GeometryFriendsAgents;Circle2013;10;2;2;1;29,4700013997499;∞;29,996;400;
2023-01-31_18:07:50;GeometryFriendsAgents;Circle2014;1;2;2;1;8,1600003875792;20;8,801;318;
2023-01-31_18:07:59;GeometryFriendsAgents;Circle2014;1;2;2;1;8,06000038282946;20;8,804;319;
2023-01-31_18:08:14;GeometryFriendsAgents;Circle2014;1;2;2;1;14,4700006872881;20;15,216;255;
2023-01-31_18:08:35;GeometryFriendsAgents;Circle2014;2;3;3;1;20,3400009660982;45;21,097;410;
2023-01-31_18:08:53;GeometryFriendsAgents;Circle2014;2;3;3;1;16,8400007998571;45;17,553;425;
2023-01-31_18:09:38;GeometryFriendsAgents;Circle2014;2;2;3;0;45,0000021373853;45;45,824;200;
2023-01-31_18:10:00;GeometryFriendsAgents;Circle2014;3;3;3;1;20,780000986997;60;21,836;431;
2023-01-31_18:10:23;GeometryFriendsAgents;Circle2014;3;3;3;1;22,5200010696426;60;23,004;425;
2023-01-31_18:10:50;GeometryFriendsAgents;Circle2014;3;3;3;1;25,7700012240093;60;26,393;414;
2023-01-31_18:11:12;GeometryFriendsAgents;Circle2014;4;4;4;1;21,5300010226201;80;22,58;546;
2023-01-31_18:11:33;GeometryFriendsAgents;Circle2014;4;4;4;1;20,000000949949;80;20,949;550;
2023-01-31_18:11:55;GeometryFriendsAgents;Circle2014;4;4;4;1;20,2400009613484;80;21,272;549;
2023-01-31_18:12:28;GeometryFriendsAgents;Circle2014;6;2;2;1;12,7100006036926;40;13,389;336;
2023-01-31_18:12:37;GeometryFriendsAgents;Circle2014;6;2;2;1;9,3400004436262;40;9,83;353;
2023-01-31_18:12:55;GeometryFriendsAgents;Circle2014;6;2;2;1;16,7000007932074;40;17,299;316;
2023-01-31_18:13:09;GeometryFriendsAgents;Circle2014;7;3;3;1;13,5100006416906;60;14,313;455;
2023-01-31_18:13:23;GeometryFriendsAgents;Circle2014;7;3;3;1;13,2700006302912;60;14,018;456;
2023-01-31_18:13:38;GeometryFriendsAgents;Circle2014;7;3;3;1;14,1000006697141;60;14,833;453;
2023-01-31_18:14:05;GeometryFriendsAgents;Circle2014;8;3;3;1;26,0900012392085;40;26,831;370;
2023-01-31_18:14:31;GeometryFriendsAgents;Circle2014;8;3;3;1;25,520001212135;40;26,275;372;
2023-01-31_18:14:58;GeometryFriendsAgents;Circle2014;8;3;3;1;25,880001229234;40;26,646;371;
2023-01-31_18:15:28;GeometryFriendsAgents;Circle2014;9;3;3;1;28,8800013717264;80;29,72;428;
2023-01-31_18:15:57;GeometryFriendsAgents;Circle2014;9;3;3;1;28,9400013745762;80;29,788;428;
2023-01-31_18:16:46;GeometryFriendsAgents;Circle2014;9;3;3;1;47,6000022608787;80;48,601;381;
2023-01-31_18:17:59;GeometryFriendsAgents;Circle2015;2;3;3;1;16,2200007704087;60;17,388;446;
2023-01-31_18:18:47;GeometryFriendsAgents;Circle2015;2;3;3;1;47,1900022414047;60;47,909;343;
2023-01-31_18:19:01;GeometryFriendsAgents;Circle2015;2;3;3;1;13,6200006469153;60;14,275;455;
2023-01-31_18:20:05;GeometryFriendsAgents;Circle2015;4;4;4;1;18,6800008872524;90;19,714;558;
2023-01-31_18:20:24;GeometryFriendsAgents;Circle2015;4;4;4;1;18,1600008625537;90;19,286;560;
2023-01-31_18:20:46;GeometryFriendsAgents;Circle2015;4;4;4;1;21,0200009983964;90;22,046;553;
2023-01-31_18:21:30;GeometryFriendsAgents;Circle2015;5;4;4;1;42,8800020366907;90;43,93;505;
2023-01-31_18:22:16;GeometryFriendsAgents;Circle2015;5;4;4;1;44,9300021340605;90;46,26;500;
2023-01-31_18:23:48;GeometryFriendsAgents;Circle2015;5;2;4;0;90,0000042747706;90;91,278;200;
2023-01-31_18:25:31;GeometryFriendsAgents;Circle2019;2;3;3;1;44,2400021012872;120;44,956;426;
2023-01-31_18:25:58;GeometryFriendsAgents;Circle2019;2;3;3;1;25,2800012007356;120;26,763;458;
2023-01-31_18:26:18;GeometryFriendsAgents;Circle2019;2;3;3;1;19,8800009442493;120;20,417;467;
2023-01-31_18:27:23;GeometryFriendsAgents;Circle2019;4;1;1;1;29,1000013821758;120;29,994;251;
2023-01-31_18:28:18;GeometryFriendsAgents;Circle2019;4;1;1;1;53,4400025382638;120;54,175;211;
2023-01-31_18:28:39;GeometryFriendsAgents;Circle2019;4;1;1;1;20,3400009660982;120;21,114;266;
2023-01-31_18:28:54;GeometryFriendsAgents;Circle2019;5;3;3;1;14,8800007067621;120;15,588;475;
2023-01-31_18:29:14;GeometryFriendsAgents;Circle2019;5;3;3;1;19,1800009110011;120;20,201;468;
2023-01-31_18:29:30;GeometryFriendsAgents;Circle2019;5;3;3;1;15,320000727661;120;15,957;474;
2023-01-31_18:30:12;GeometryFriendsAgents;Circle2019;7;3;3;1;17,2000008169562;120;17,841;471;
2023-01-31_18:30:27;GeometryFriendsAgents;Circle2019;7;3;3;1;13,6900006502401;120;14,207;477;
2023-01-31_18:30:45;GeometryFriendsAgents;Circle2019;7;3;3;1;17,5000008312054;120;18,037;471;
2023-01-31_18:31:28;GeometryFriendsAgents;Circle2019;9;3;3;1;19,0500009048264;120;20,325;468;
2023-01-31_18:31:48;GeometryFriendsAgents;Circle2019;9;3;3;1;18,8800008967519;120;20,057;469;
2023-01-31_18:32:08;GeometryFriendsAgents;Circle2019;9;3;3;1;18,8800008967519;120;20,545;469;
2023-01-31_18:32:26;GeometryFriendsAgents;Circle2019;10;3;3;1;17,1600008150563;120;17,682;471;
2023-01-31_18:32:44;GeometryFriendsAgents;Circle2019;10;3;3;1;17,270000820281;120;17,752;471;
2023-01-31_18:33:07;GeometryFriendsAgents;Circle2019;10;3;3;1;22,1000010496937;120;22,561;463;
2023-01-31_18:34:08;GeometryFriendsAgents;Circle2022.1;2;2;2;1;15,0000007124618;120;16,024;375;
2023-01-31_18:34:25;GeometryFriendsAgents;Circle2022.1;2;2;2;1;15,3700007300358;120;16,418;374;
2023-01-31_18:34:37;GeometryFriendsAgents;Circle2022.1;2;2;2;1;10,7700005115476;120;11,833;382;
2023-01-31_18:35:09;GeometryFriendsAgents;Circle2022.1;3;4;4;1;31,38000149047;120;32,063;548;
2023-01-31_18:35:33;GeometryFriendsAgents;Circle2022.1;3;4;4;1;23,9800011389889;120;24,658;560;
2023-01-31_18:36:10;GeometryFriendsAgents;Circle2022.1;3;4;4;1;35,9900017094333;120;36,648;540;
2023-01-31_18:38:11;GeometryFriendsAgents;Circle2022.1;4;1;2;0;120,000005699694;120;120,904;100;
2023-01-31_18:38:41;GeometryFriendsAgents;Circle2022.1;4;2;2;1;28,6900013627019;120;29,662;352;
2023-01-31_18:39:38;GeometryFriendsAgents;Circle2022.1;4;2;2;1;56,7500026954804;120;57,589;305;
2023-01-31_18:41:05;GeometryFriendsAgents;Circle2022.1;6;4;4;1;29,7200014116243;120;30,764;550;
2023-01-31_18:41:32;GeometryFriendsAgents;Circle2022.1;6;4;4;1;25,4700012097601;120;26,932;558;
2023-01-31_18:42:53;GeometryFriendsAgents;Circle2022.1;7;5;5;1;40,2000019093975;120;41,118;633;
2023-01-31_18:43:59;GeometryFriendsAgents;Circle2022.1;7;5;5;1;64,9300030840095;120;65,58;592;
2023-01-31_18:45:35;GeometryFriendsAgents;Circle2022.1;7;5;5;1;95,330004527932;120;96,079;541;
2023-01-31_18:47:57;GeometryFriendsAgents;Circle2022.1;9;5;5;1;48,5100023041014;120;49,435;619;
2023-01-31_18:48:44;GeometryFriendsAgents;Circle2022.1;9;5;5;1;45,900002180133;120;46,727;623;
2023-01-31_18:49:35;GeometryFriendsAgents;Circle2022.1;9;5;5;1;50,620002404321;120;51,323;616;
2023-01-31_18:51:31;GeometryFriendsAgents;Circle2022.1;10;3;3;1;114,610005443683;120;115,497;309;
2023-01-31_18:52:59;GeometryFriendsAgents;Circle2022.1;10;3;3;1;87,2500041441526;120;88,186;355;
2023-01-31_18:54:12;GeometryFriendsAgents;Circle2022.1;10;3;3;1;72,3300034354907;120;73,333;379;
2023-01-31_18:55:16;GeometryFriendsAgents;Circle2022.2;1;2;2;1;62,9900029918645;120;63,884;295;
2023-01-31_18:55:43;GeometryFriendsAgents;Circle2022.2;1;2;2;1;25,7500012230594;120;26,5;357;
2023-01-31_18:56:15;GeometryFriendsAgents;Circle2022.2;1;2;2;1;30,9500014700461;120;31,669;348;
2023-01-31_18:58:47;GeometryFriendsAgents;Circle2022.2;4;0;1;0;120,000005699694;120;120,839;0;
2023-01-31_19:00:48;GeometryFriendsAgents;Circle2022.2;4;0;1;0;120,000005699694;120;120,834;0;
2023-01-31_19:02:49;GeometryFriendsAgents;Circle2022.2;4;0;1;0;120,000005699694;120;120,867;0;
2023-01-31_19:03:15;GeometryFriendsAgents;Circle2022.2;5;3;3;1;24,6500011708122;120;25,808;459;
2023-01-31_19:03:34;GeometryFriendsAgents;Circle2022.2;5;3;3;1;17,9100008506794;120;19,065;470;
2023-01-31_19:03:59;GeometryFriendsAgents;Circle2022.2;5;3;3;1;24,4400011608377;120;25,383;459;
