Distance;Current_Velocity;Target_Velocity;Move;Value
20;-160;0;ROLL_LEFT;-1,64893822474715
20;-160;0;ROLL_RIGHT;8,96503408306917
20;-160;0;NO_ACTION;-0,0999500285454487
17;-140;0;ROLL_LEFT;-1,38930619246219
17;-140;0;ROLL_RIGHT;20,1330751748623
17;-140;0;NO_ACTION;24,8615100831835
16;-140;0;ROLL_LEFT;-1,17416555595831
16;-140;0;ROLL_RIGHT;7,94330035221266
16;-140;0;NO_ACTION;59,1984539186408
14;-140;0;ROLL_LEFT;8,59752131200346
14;-140;0;ROLL_RIGHT;6,514154066446
14;-140;0;NO_ACTION;105,85456070588
12;-140;0;ROLL_LEFT;-0,64094140756122
12;-140;0;ROLL_RIGHT;174,417654030685
12;-140;0;NO_ACTION;39,9868217986198
10;-140;0;ROLL_LEFT;6,79533754204761
10;-140;0;ROLL_RIGHT;237,004359075361
10;-140;0;NO_ACTION;18,8922633213815
8;-140;0;ROLL_LEFT;-1,13687638903171
8;-140;0;ROLL_RIGHT;146,096727064912
8;-140;0;NO_ACTION;-1,10103704651203
6;-140;0;ROLL_LEFT;13,0737379580652
6;-140;0;ROLL_RIGHT;100,380015433547
6;-140;0;NO_ACTION;-1,2086144399978
5;-120;0;ROLL_LEFT;-0,211875305202797
5;-120;0;ROLL_RIGHT;247,966508128048
5;-120;0;NO_ACTION;25,2684808327232
3;-120;0;ROLL_LEFT;5,00675793963998
3;-120;0;ROLL_RIGHT;1,24994708829761
3;-120;0;NO_ACTION;-0,273487450991063
2;-120;0;ROLL_LEFT;-0,887244886906843
2;-120;0;ROLL_RIGHT;74,8184066197391
2;-120;0;NO_ACTION;-0,683964217934905
0;120;0;ROLL_LEFT;6,74181093812562
0;120;0;ROLL_RIGHT;-0,696622103034275
0;120;0;NO_ACTION;-0,545447698384957
2;120;0;ROLL_LEFT;-0,992397728569371
2;120;0;ROLL_RIGHT;-1,13306130349557
2;120;0;NO_ACTION;-1,11640952569851
4;100;0;ROLL_LEFT;0,0481255263706616
4;100;0;ROLL_RIGHT;-1,06928897183313
4;100;0;NO_ACTION;-1,04076715729552
5;100;0;ROLL_LEFT;-1,20479974359808
5;100;0;ROLL_RIGHT;-1,13203363880773
5;100;0;NO_ACTION;-1,12053249856101
6;100;0;ROLL_LEFT;-1,43576316488232
6;100;0;ROLL_RIGHT;-1,46414872261723
6;100;0;NO_ACTION;-1,51779540054951
8;100;0;ROLL_LEFT;-1,537668919672
8;100;0;ROLL_RIGHT;-1,51897437302425
8;100;0;NO_ACTION;-1,47156976310444
9;100;0;ROLL_LEFT;-1,65096783011445
9;100;0;ROLL_RIGHT;-1,4536911708635
9;100;0;NO_ACTION;-1,5183287988316
10;120;0;ROLL_LEFT;-1,15556377268092
10;120;0;ROLL_RIGHT;-1,18711942798936
10;120;0;NO_ACTION;-1,23157249744021
12;120;0;ROLL_LEFT;-1,24597838613062
12;120;0;ROLL_RIGHT;-1,21941534359506
12;120;0;NO_ACTION;-1,3186993732588
13;120;0;ROLL_LEFT;-1,49493280296957
13;120;0;ROLL_RIGHT;-1,51274614347872
13;120;0;NO_ACTION;-1,4100849319397
15;140;0;ROLL_LEFT;-1,27046151353489
15;140;0;ROLL_RIGHT;-1,17852977318382
15;140;0;NO_ACTION;-1,25372774624563
17;140;0;ROLL_LEFT;-1,41415690265076
17;140;0;ROLL_RIGHT;-1,38561307332701
17;140;0;NO_ACTION;-1,38894857850953
20;140;0;ROLL_LEFT;-0,992585355288301
20;140;0;ROLL_RIGHT;-0,988836312284584
20;140;0;NO_ACTION;-0,972783583222123
20;-180;0;ROLL_LEFT;1,47500768492504
20;-180;0;ROLL_RIGHT;8,05563309527138
20;-180;0;NO_ACTION;-1,47902159894648
18;-180;0;ROLL_LEFT;0,46832719042988
18;-180;0;ROLL_RIGHT;17,7022222303115
18;-180;0;NO_ACTION;1,71172393553091
15;-180;0;ROLL_LEFT;0,287505620931337
15;-180;0;ROLL_RIGHT;15,544312367706
15;-180;0;NO_ACTION;3,20077685175585
13;-180;0;ROLL_LEFT;-1,48541034979888
13;-180;0;ROLL_RIGHT;41,0729709365099
13;-180;0;NO_ACTION;3,65152344547837
10;-180;0;ROLL_LEFT;-1,74668847575784
10;-180;0;ROLL_RIGHT;2,00383557241487
10;-180;0;NO_ACTION;-1,62009351732416
8;-180;0;ROLL_LEFT;-1,7809368271833
8;-180;0;ROLL_RIGHT;-1,76847823774722
8;-180;0;NO_ACTION;-1,72669405636418
6;-180;0;ROLL_LEFT;-1,39894059262136
6;-180;0;ROLL_RIGHT;-1,34538405013167
6;-180;0;NO_ACTION;-1,3090442338676
3;-180;0;ROLL_LEFT;-1,3966608238252
3;-180;0;ROLL_RIGHT;-1,39153277653574
3;-180;0;NO_ACTION;-1,41051048591832
1;-160;0;ROLL_LEFT;-1,40662891770713
1;-160;0;ROLL_RIGHT;-1,35798104984586
1;-160;0;NO_ACTION;-1,37502347713761
1;160;0;ROLL_LEFT;-1,37353159499867
1;160;0;ROLL_RIGHT;-1,41112803714842
1;160;0;NO_ACTION;-1,29702646744801
4;180;0;ROLL_LEFT;-1,5765050825701
4;180;0;ROLL_RIGHT;-1,581617605164
4;180;0;NO_ACTION;-1,51642072422849
6;180;0;ROLL_LEFT;-1,57175059167146
6;180;0;ROLL_RIGHT;-1,49907909975132
6;180;0;NO_ACTION;-1,55124608413207
8;180;0;ROLL_LEFT;-1,41155123501069
8;180;0;ROLL_RIGHT;-1,46829385793488
8;180;0;NO_ACTION;-1,49706054743353
12;180;0;ROLL_LEFT;-1,42445171849244
12;180;0;ROLL_RIGHT;-1,41173160497386
12;180;0;NO_ACTION;-1,37958121034847
14;160;0;ROLL_LEFT;-1,3816511496573
14;160;0;ROLL_RIGHT;-1,30343065080985
14;160;0;NO_ACTION;-1,29719886325979
16;180;0;ROLL_LEFT;-1,38690470539747
16;180;0;ROLL_RIGHT;-1,32114097011248
16;180;0;NO_ACTION;-1,31895470006509
18;180;0;ROLL_LEFT;-1,14541621427091
18;180;0;ROLL_RIGHT;-1,09617974566878
18;180;0;NO_ACTION;-1,11612563386723
16;-160;0;ROLL_LEFT;3,59979415199963
16;-160;0;ROLL_RIGHT;47,6697408517656
16;-160;0;NO_ACTION;3,88356412157384
13;-160;0;ROLL_LEFT;-1,2854930360771
13;-160;0;ROLL_RIGHT;0,369571267924645
13;-160;0;NO_ACTION;45,5800375088739
11;-160;0;ROLL_LEFT;-0,916879349916752
11;-160;0;ROLL_RIGHT;106,821550850599
11;-160;0;NO_ACTION;0,172018343600861
9;-160;0;ROLL_LEFT;-0,196687773755193
9;-160;0;ROLL_RIGHT;61,0133675110071
9;-160;0;NO_ACTION;13,1816186738087
7;-160;0;ROLL_LEFT;-1,39363878508811
7;-160;0;ROLL_RIGHT;23,0558710606178
7;-160;0;NO_ACTION;-1,54019640082527
5;-160;0;ROLL_LEFT;-1,59858160824468
5;-160;0;ROLL_RIGHT;-1,62864962908807
5;-160;0;NO_ACTION;-1,56622989932182
3;-140;0;ROLL_LEFT;-1,43218332426923
3;-140;0;ROLL_RIGHT;10,1498131361599
3;-140;0;NO_ACTION;-1,46833888531558
1;180;0;ROLL_LEFT;-1,39630922251575
1;180;0;ROLL_RIGHT;-1,40549282441802
1;180;0;NO_ACTION;-1,34532419983342
4;160;0;ROLL_LEFT;-1,57636506204284
4;160;0;ROLL_RIGHT;-1,63859692774862
4;160;0;NO_ACTION;-1,59861707584706
6;160;0;ROLL_LEFT;-1,43485746731952
6;160;0;ROLL_RIGHT;-1,48226508232932
6;160;0;NO_ACTION;-1,54327844033489
7;160;0;ROLL_LEFT;-1,39553813901371
7;160;0;ROLL_RIGHT;-1,41675006800619
7;160;0;NO_ACTION;-1,34345050113171
10;160;0;ROLL_LEFT;-1,30905428457497
10;160;0;ROLL_RIGHT;-1,23741392708996
10;160;0;NO_ACTION;-1,294139297686
12;160;0;ROLL_LEFT;-1,38941593436835
12;160;0;ROLL_RIGHT;-1,31239842123527
12;160;0;NO_ACTION;-1,37596558097116
16;160;0;ROLL_LEFT;-1,2319349724092
16;160;0;ROLL_RIGHT;-1,13773586060998
16;160;0;NO_ACTION;-1,12975994869235
19;160;0;ROLL_LEFT;-0,798036681637243
19;160;0;ROLL_RIGHT;-0,823799926255216
19;160;0;NO_ACTION;-0,837108584375085
20;-100;0;ROLL_LEFT;-0,360785649385214
20;-100;0;ROLL_RIGHT;-1,71266147972661
20;-100;0;NO_ACTION;-1,70632616331827
18;-80;0;ROLL_LEFT;9,84219018786268
18;-80;0;ROLL_RIGHT;0,773372021489992
18;-80;0;NO_ACTION;-1,66566237893673
17;-80;0;ROLL_LEFT;20,5084335702228
17;-80;0;ROLL_RIGHT;-1,33046730254762
17;-80;0;NO_ACTION;-1,22609291626788
16;-60;0;ROLL_LEFT;14,9463676132005
16;-60;0;ROLL_RIGHT;-1,90170811902769
16;-60;0;NO_ACTION;-1,81190482769376
15;-40;0;ROLL_LEFT;9,77660522911519
15;-40;0;ROLL_RIGHT;-2,23146171737618
15;-40;0;NO_ACTION;-2,28870305576169
14;-60;0;ROLL_LEFT;25,7749348335594
14;-60;0;ROLL_RIGHT;-0,897354889990641
14;-60;0;NO_ACTION;-1,81965791853958
13;-40;0;ROLL_LEFT;17,8451900459298
13;-40;0;ROLL_RIGHT;-1,70865914923295
13;-40;0;NO_ACTION;-1,68166508700868
12;-60;0;ROLL_LEFT;68,4590109598494
12;-60;0;ROLL_RIGHT;-1,2434789655149
12;-60;0;NO_ACTION;6,51208531968806
11;-60;0;ROLL_LEFT;7,92657529423839
11;-60;0;ROLL_RIGHT;9,82272820407343
11;-60;0;NO_ACTION;87,6016400496697
10;-40;0;ROLL_LEFT;39,712845698292
10;-40;0;ROLL_RIGHT;-1,10707254373486
10;-40;0;NO_ACTION;-1,10796222124695
9;-60;0;ROLL_LEFT;251,264369968251
9;-60;0;ROLL_RIGHT;32,512241543252
9;-60;0;NO_ACTION;23,6441571484898
7;200;0;ROLL_LEFT;-1,01552061083946
7;200;0;ROLL_RIGHT;-0,851701795180967
7;200;0;NO_ACTION;-0,861675157324081
11;200;0;ROLL_LEFT;-0,639731518577933
11;200;0;ROLL_RIGHT;-0,681793047597892
11;200;0;NO_ACTION;-0,750249709703976
13;200;0;ROLL_LEFT;-0,568152977044452
13;200;0;ROLL_RIGHT;-0,523167133536457
13;200;0;NO_ACTION;-0,63071150872647
19;180;0;ROLL_LEFT;-0,958303141042542
19;180;0;ROLL_RIGHT;-0,952837345440908
19;180;0;NO_ACTION;-0,961765714873208
20;-80;0;ROLL_LEFT;-1,0005512802165
20;-80;0;ROLL_RIGHT;-2,0560992633304
20;-80;0;NO_ACTION;-1,8531666236348
19;-80;0;ROLL_LEFT;9,6276083248523
19;-80;0;ROLL_RIGHT;-2,02877127884717
19;-80;0;NO_ACTION;-1,97321861662159
16;-100;0;ROLL_LEFT;-1,37739400385085
16;-100;0;ROLL_RIGHT;-0,0187412250942405
16;-100;0;NO_ACTION;68,9013137465874
14;-100;0;ROLL_LEFT;-0,065791226771266
14;-100;0;ROLL_RIGHT;-1,0822367453487
14;-100;0;NO_ACTION;110,235239667872
13;-120;0;ROLL_LEFT;4,56049302772221
13;-120;0;ROLL_RIGHT;168,121728294416
13;-120;0;NO_ACTION;0,235480274645222
11;-140;0;ROLL_LEFT;6,68840469459512
11;-140;0;ROLL_RIGHT;-0,973289227851692
11;-140;0;NO_ACTION;62,0779369412793
9;-140;0;ROLL_LEFT;27,9958232719293
9;-140;0;ROLL_RIGHT;139,227747229226
9;-140;0;NO_ACTION;7,33699560151383
2;-160;0;ROLL_LEFT;-1,1279999992933
2;-160;0;ROLL_RIGHT;-1,1977831246484
2;-160;0;NO_ACTION;-1,05319260241055
0;180;0;ROLL_LEFT;-1,05811918867825
0;180;0;ROLL_RIGHT;-1,14266365460919
0;180;0;NO_ACTION;-1,15799161764447
3;180;0;ROLL_LEFT;-1,57846560319716
3;180;0;ROLL_RIGHT;-1,54085745846981
3;180;0;NO_ACTION;-1,59295236060407
5;180;0;ROLL_LEFT;-1,4421339879859
5;180;0;ROLL_RIGHT;-1,37618628320861
5;180;0;NO_ACTION;-1,40498743249196
10;180;0;ROLL_LEFT;-1,49900592967657
10;180;0;ROLL_RIGHT;-1,44716987074244
10;180;0;NO_ACTION;-1,46366306391304
15;200;0;ROLL_LEFT;-0,81832597798272
15;200;0;ROLL_RIGHT;-0,779042011844984
15;200;0;NO_ACTION;-0,798455041177707
17;200;0;ROLL_LEFT;-0,739659222430197
17;200;0;ROLL_RIGHT;-0,637492368090881
17;200;0;NO_ACTION;-0,75367640604035
20;200;0;ROLL_LEFT;-0,475737191915395
20;200;0;ROLL_RIGHT;-0,524313223543891
20;200;0;NO_ACTION;-0,53713716997219
17;-200;0;ROLL_LEFT;-0,828356366718692
17;-200;0;ROLL_RIGHT;2,01432408912903
17;-200;0;NO_ACTION;-0,800076206941143
15;-200;0;ROLL_LEFT;-1,12354749113813
15;-200;0;ROLL_RIGHT;6,28478103839182
15;-200;0;NO_ACTION;-1,17297492613513
12;-200;0;ROLL_LEFT;-1,14599273034476
12;-200;0;ROLL_RIGHT;-1,11206413426736
12;-200;0;NO_ACTION;-1,04974116655534
10;-200;0;ROLL_LEFT;-0,907790734790919
10;-200;0;ROLL_RIGHT;-1,02517651458238
10;-200;0;NO_ACTION;-1,0024053187243
5;-180;0;ROLL_LEFT;-1,50528880184242
5;-180;0;ROLL_RIGHT;-1,45502728922092
5;-180;0;NO_ACTION;-1,38823673001484
0;-180;0;ROLL_LEFT;-1,03720470948377
0;-180;0;ROLL_RIGHT;-0,931398946650016
0;-180;0;NO_ACTION;-1,00392904360488
2;180;0;ROLL_LEFT;-1,37042337626793
2;180;0;ROLL_RIGHT;-1,36931401553076
2;180;0;NO_ACTION;-1,35859741880084
7;180;0;ROLL_LEFT;-1,40164686447027
7;180;0;ROLL_RIGHT;-1,29443623921402
7;180;0;NO_ACTION;-1,38380069212573
15;160;0;ROLL_LEFT;-1,29474681748334
15;160;0;ROLL_RIGHT;-1,29990976443891
15;160;0;NO_ACTION;-1,31640426236377
17;160;0;ROLL_LEFT;-1,07671832080744
17;160;0;ROLL_RIGHT;-0,924871840424192
17;160;0;NO_ACTION;-0,997243872704537
18;-200;0;ROLL_LEFT;-0,687975336200935
18;-200;0;ROLL_RIGHT;3,02233186307595
18;-200;0;NO_ACTION;-1,21948804573866
7;-200;0;ROLL_LEFT;-0,819797554870288
7;-200;0;ROLL_RIGHT;-0,764177397528617
7;-200;0;NO_ACTION;-0,805700252001784
4;-200;0;ROLL_LEFT;-0,704747154948099
4;-200;0;ROLL_RIGHT;-0,789290862183313
4;-200;0;NO_ACTION;-0,72720501978759
2;-200;0;ROLL_LEFT;-0,799411847025506
2;-200;0;ROLL_RIGHT;-0,775625672499538
2;-200;0;NO_ACTION;-0,70088422968316
13;180;0;ROLL_LEFT;-1,38847462365448
13;180;0;ROLL_RIGHT;-1,36085159404985
13;180;0;NO_ACTION;-1,43154472046324
15;180;0;ROLL_LEFT;-1,51126548715578
15;180;0;ROLL_RIGHT;-1,46219603709107
15;180;0;NO_ACTION;-1,4818396797569
20;160;0;ROLL_LEFT;-0,959096737571135
20;160;0;ROLL_RIGHT;-0,909055449780582
20;160;0;NO_ACTION;-0,964118932109608
19;-140;0;ROLL_LEFT;-1,48334284375527
19;-140;0;ROLL_RIGHT;10,7531197897656
19;-140;0;NO_ACTION;-1,51299307809583
15;-160;0;ROLL_LEFT;-1,04289831088196
15;-160;0;ROLL_RIGHT;4,80322297085816
15;-160;0;NO_ACTION;21,8794908355406
13;-140;0;ROLL_LEFT;47,7966660868694
13;-140;0;ROLL_RIGHT;-1,03790431770691
13;-140;0;NO_ACTION;4,46264289337686
8;-120;0;ROLL_LEFT;24,5409312386069
8;-120;0;ROLL_RIGHT;105,018121418979
8;-120;0;NO_ACTION;301,202797047937
6;-120;0;ROLL_LEFT;1,1040746697384
6;-120;0;ROLL_RIGHT;279,424257403023
6;-120;0;NO_ACTION;31,6593608588893
4;-120;0;ROLL_LEFT;-0,31917797500323
4;-120;0;ROLL_RIGHT;215,998797598401
4;-120;0;NO_ACTION;2,03160575546846
2;-140;0;ROLL_LEFT;-1,30615026304325
2;-140;0;ROLL_RIGHT;0,0243685922727686
2;-140;0;NO_ACTION;-1,18843389259335
1;-120;0;ROLL_LEFT;-0,88415021845308
1;-120;0;ROLL_RIGHT;11,9165580761972
1;-120;0;NO_ACTION;-0,830140752363258
1;120;0;ROLL_LEFT;1,30339185311728
1;120;0;ROLL_RIGHT;-1,21420818847226
1;120;0;NO_ACTION;-1,140578581186
3;120;0;ROLL_LEFT;-1,1828848062026
3;120;0;ROLL_RIGHT;-1,2091945391609
3;120;0;NO_ACTION;-1,2720024903214
11;-40;0;ROLL_LEFT;13,2871099820729
11;-40;0;ROLL_RIGHT;1,30961253094941
11;-40;0;NO_ACTION;9,22032711152015
9;-40;0;ROLL_LEFT;32,5297980611105
9;-40;0;ROLL_RIGHT;-1,0199087396837
9;-40;0;NO_ACTION;52,2207207165476
8;-40;0;ROLL_LEFT;193,323420373461
8;-40;0;ROLL_RIGHT;12,4560613881465
8;-40;0;NO_ACTION;-0,867111797652091
7;-40;0;ROLL_LEFT;259,374284971391
7;-40;0;ROLL_RIGHT;37,172643334846
7;-40;0;NO_ACTION;53,9584813926733
6;-40;0;ROLL_LEFT;2,30946225568748
6;-40;0;ROLL_RIGHT;97,3633721402598
6;-40;0;NO_ACTION;346,926462509189
5;-40;0;ROLL_LEFT;588,851193963938
5;-40;0;ROLL_RIGHT;150,951696593885
5;-40;0;NO_ACTION;128,610188790933
5;-20;0;ROLL_LEFT;572,601436532248
5;-20;0;ROLL_RIGHT;46,5055902119787
5;-20;0;NO_ACTION;75,8562267351777
4;-40;0;ROLL_LEFT;375,127037795263
4;-40;0;ROLL_RIGHT;198,28171620201
4;-40;0;NO_ACTION;738,292993413989
4;-20;0;ROLL_LEFT;398,24878272889
4;-20;0;ROLL_RIGHT;393,063322778686
4;-20;0;NO_ACTION;634,857535027006
4;0;0;ROLL_LEFT;522,738847511501
4;0;0;ROLL_RIGHT;275,809045972579
4;0;0;NO_ACTION;210,800383889128
3;-20;0;ROLL_LEFT;784,623637546722
3;-20;0;ROLL_RIGHT;360,414815853334
3;-20;0;NO_ACTION;583,334555865179
2;-20;0;ROLL_LEFT;744,593995210201
2;-20;0;ROLL_RIGHT;907,433125287383
2;-20;0;NO_ACTION;814,0711080929
2;-40;0;ROLL_LEFT;260,659650384853
2;-40;0;ROLL_RIGHT;780,49754592005
2;-40;0;NO_ACTION;618,173695687089
1;-40;0;ROLL_LEFT;201,083794117325
1;-40;0;ROLL_RIGHT;603,945217785673
1;-40;0;NO_ACTION;122,740283390101
0;40;0;ROLL_LEFT;550,346207669424
0;40;0;ROLL_RIGHT;77,4596000161462
0;40;0;NO_ACTION;168,97008576716
1;40;0;ROLL_LEFT;740,584828527502
1;40;0;ROLL_RIGHT;275,454997029697
1;40;0;NO_ACTION;231,205578663522
2;40;0;ROLL_LEFT;676,211848425024
2;40;0;ROLL_RIGHT;192,515949748672
2;40;0;NO_ACTION;345,500031095382
3;40;0;ROLL_LEFT;485,949428267717
3;40;0;ROLL_RIGHT;74,7403693247851
3;40;0;NO_ACTION;57,2672460391903
4;40;0;ROLL_LEFT;263,359437694379
4;40;0;ROLL_RIGHT;8,04805415645812
4;40;0;NO_ACTION;16,4612077072834
5;20;0;ROLL_LEFT;257,590168021884
5;20;0;ROLL_RIGHT;25,1416256602808
5;20;0;NO_ACTION;58,7235880589142
6;20;0;ROLL_LEFT;144,693464590456
6;20;0;ROLL_RIGHT;12,8864874306853
6;20;0;NO_ACTION;22,952254054082
6;0;0;ROLL_LEFT;191,993118712296
6;0;0;ROLL_RIGHT;22,8538488153986
6;0;0;NO_ACTION;63,3383086778377
1;-20;0;ROLL_LEFT;312,816881880024
1;-20;0;ROLL_RIGHT;800,629090002127
1;-20;0;NO_ACTION;614,232933845871
0;-40;0;ROLL_LEFT;112,368902474252
0;-40;0;ROLL_RIGHT;447,05389085872
0;-40;0;NO_ACTION;-0,100000001490116
5;40;0;ROLL_LEFT;118,585294536043
5;40;0;ROLL_RIGHT;-0,745279606515984
5;40;0;NO_ACTION;3,77813215797001
6;40;0;ROLL_LEFT;-0,833779392748854
6;40;0;ROLL_RIGHT;-0,764769231020846
6;40;0;NO_ACTION;1,4207947251534
6;60;0;ROLL_LEFT;0,37285569368636
6;60;0;ROLL_RIGHT;-1,4429696128493
6;60;0;NO_ACTION;-1,39047406730626
7;60;0;ROLL_LEFT;-0,854035795375625
7;60;0;ROLL_RIGHT;-1,31928250746461
7;60;0;NO_ACTION;-1,40004891025605
8;80;0;ROLL_LEFT;-1,46864445183958
8;80;0;ROLL_RIGHT;-1,54754110374134
8;80;0;NO_ACTION;-1,53185168171601
9;60;0;ROLL_LEFT;-1,51825970429667
9;60;0;ROLL_RIGHT;-1,59103023975358
9;60;0;NO_ACTION;-1,54116281364921
10;60;0;ROLL_LEFT;-1,68202209511319
10;60;0;ROLL_RIGHT;-1,66187153839308
10;60;0;NO_ACTION;-1,69525567961476
11;80;0;ROLL_LEFT;-1,54026941232958
11;80;0;ROLL_RIGHT;-1,60260264907062
11;80;0;NO_ACTION;-1,5541914692938
12;80;0;ROLL_LEFT;-1,47878916046704
12;80;0;ROLL_RIGHT;-1,4932566736815
12;80;0;NO_ACTION;-1,57883680801661
13;80;0;ROLL_LEFT;-1,45827199420446
13;80;0;ROLL_RIGHT;-1,43760064012156
13;80;0;NO_ACTION;-1,5179370887315
14;80;0;ROLL_LEFT;-1,5980344450975
14;80;0;ROLL_RIGHT;-1,62680381738653
14;80;0;NO_ACTION;-1,65223069454364
15;80;0;ROLL_LEFT;-1,76183738250812
15;80;0;ROLL_RIGHT;-1,76238935598084
15;80;0;NO_ACTION;-1,71772481176035
16;60;0;ROLL_LEFT;-1,73165847891637
16;60;0;ROLL_RIGHT;-1,73605190426517
16;60;0;NO_ACTION;-1,86126485720574
17;60;0;ROLL_LEFT;-1,82796924256459
17;60;0;ROLL_RIGHT;-1,82086369919711
17;60;0;NO_ACTION;-1,90927431946836
18;80;0;ROLL_LEFT;-1,69953453868702
18;80;0;ROLL_RIGHT;-1,73363614746719
18;80;0;NO_ACTION;-1,7605293610753
19;60;0;ROLL_LEFT;-1,7992958974662
19;60;0;ROLL_RIGHT;-1,69259306982745
19;60;0;NO_ACTION;-1,74143342578662
20;60;0;ROLL_LEFT;-1,48709420014902
20;60;0;ROLL_RIGHT;-1,38151286191997
20;60;0;NO_ACTION;-1,25433680983121
15;-100;0;ROLL_LEFT;-1,03007294766409
15;-100;0;ROLL_RIGHT;-1,25432277530734
15;-100;0;NO_ACTION;80,9419096223545
12;-100;0;ROLL_LEFT;14,3098431219603
12;-100;0;ROLL_RIGHT;31,6191396696843
12;-100;0;NO_ACTION;200,641150673888
11;-100;0;ROLL_LEFT;31,9939203395973
11;-100;0;ROLL_RIGHT;216,754558936582
11;-100;0;NO_ACTION;2,89299046576439
9;-100;0;ROLL_LEFT;78,641237410795
9;-100;0;ROLL_RIGHT;81,5106959326496
9;-100;0;NO_ACTION;303,328003120642
8;-80;0;ROLL_LEFT;175,24259636046
8;-80;0;ROLL_RIGHT;399,139081817309
8;-80;0;NO_ACTION;55,9059177512927
7;-100;0;ROLL_LEFT;42,4024032076826
7;-100;0;ROLL_RIGHT;441,127679306037
7;-100;0;NO_ACTION;121,566334088968
6;-100;0;ROLL_LEFT;112,620228292642
6;-100;0;ROLL_RIGHT;472,68922576562
6;-100;0;NO_ACTION;94,962828902292
4;-100;0;ROLL_LEFT;110,828984855608
4;-100;0;ROLL_RIGHT;60,3279498002062
4;-100;0;NO_ACTION;324,781723940631
3;-100;0;ROLL_LEFT;30,0868445288684
3;-100;0;ROLL_RIGHT;336,182892016614
3;-100;0;NO_ACTION;30,3894756879471
2;-100;0;ROLL_LEFT;50,62470322003
2;-100;0;ROLL_RIGHT;309,912792770088
2;-100;0;NO_ACTION;37,9781548411094
1;-100;0;ROLL_LEFT;3,96462116548156
1;-100;0;ROLL_RIGHT;242,799958655287
1;-100;0;NO_ACTION;-0,488263511541726
1;100;0;ROLL_LEFT;-0,848485190093841
1;100;0;ROLL_RIGHT;-0,730230151439605
1;100;0;NO_ACTION;28,570702096828
4;120;0;ROLL_LEFT;-1,40272522305382
4;120;0;ROLL_RIGHT;-1,36342088704983
4;120;0;NO_ACTION;-1,39824836214774
6;140;0;ROLL_LEFT;-1,279243691993
6;140;0;ROLL_RIGHT;-1,31406892229233
6;140;0;NO_ACTION;-1,36325377439196
7;140;0;ROLL_LEFT;-1,12989677691892
7;140;0;ROLL_RIGHT;-1,05659532663444
7;140;0;NO_ACTION;-1,08664123202575
9;140;0;ROLL_LEFT;-1,21307269416356
9;140;0;ROLL_RIGHT;-1,26802880415379
9;140;0;NO_ACTION;-1,23975682728278
11;120;0;ROLL_LEFT;-1,41989985360176
11;120;0;ROLL_RIGHT;-1,48143565984312
11;120;0;NO_ACTION;-1,50610743226421
14;140;0;ROLL_LEFT;-1,26272139758269
14;140;0;ROLL_RIGHT;-1,28364045704908
14;140;0;NO_ACTION;-1,35561224362593
16;140;0;ROLL_LEFT;-1,51674963170323
16;140;0;ROLL_RIGHT;-1,47113187172868
16;140;0;NO_ACTION;-1,48006659630529
18;140;0;ROLL_LEFT;-1,23613132887729
18;140;0;ROLL_RIGHT;-1,31662995891868
18;140;0;NO_ACTION;-1,33768493801828
14;-200;0;ROLL_LEFT;-0,731283357900569
14;-200;0;ROLL_RIGHT;-0,799690402960289
14;-200;0;NO_ACTION;-0,773018591142966
9;-200;0;ROLL_LEFT;-0,689851856198604
9;-200;0;ROLL_RIGHT;-0,785606080006129
9;-200;0;NO_ACTION;-0,892664605667416
1;-200;0;ROLL_LEFT;-0,691261576743387
1;-200;0;ROLL_RIGHT;-0,795194835036384
1;-200;0;NO_ACTION;-0,701443820758938
1;200;0;ROLL_LEFT;-0,861255675898372
1;200;0;ROLL_RIGHT;-0,69409408219637
1;200;0;NO_ACTION;-0,796582953115529
8;140;0;ROLL_LEFT;-1,44560256029214
8;140;0;ROLL_RIGHT;-1,47797426973326
8;140;0;NO_ACTION;-1,41018377911148
10;140;0;ROLL_LEFT;-1,55867074829004
10;140;0;ROLL_RIGHT;-1,42114918902025
10;140;0;NO_ACTION;-1,45190532906762
15;120;0;ROLL_LEFT;-1,61457043789883
15;120;0;ROLL_RIGHT;-1,67056930893918
15;120;0;NO_ACTION;-1,61374868027859
16;120;0;ROLL_LEFT;-1,30496236447291
16;120;0;ROLL_RIGHT;-1,25718930042503
16;120;0;NO_ACTION;-1,3401228587046
16;-120;0;ROLL_LEFT;1,00037481345819
16;-120;0;ROLL_RIGHT;11,7001401099942
16;-120;0;NO_ACTION;60,1840470247022
12;-120;0;ROLL_LEFT;37,8131019204389
12;-120;0;ROLL_RIGHT;8,12708409882774
12;-120;0;NO_ACTION;198,602403709709
10;-120;0;ROLL_LEFT;47,7399642482027
10;-120;0;ROLL_RIGHT;260,312590321688
10;-120;0;NO_ACTION;75,9826626571473
7;-120;0;ROLL_LEFT;16,9306226717023
7;-120;0;ROLL_RIGHT;294,286357367743
7;-120;0;NO_ACTION;29,9935996560174
1;-140;0;ROLL_LEFT;-1,44694207693634
1;-140;0;ROLL_RIGHT;-1,49856964445732
1;-140;0;NO_ACTION;-0,921297041722829
5;120;0;ROLL_LEFT;-1,08866687281939
5;120;0;ROLL_RIGHT;-1,18364024512342
5;120;0;NO_ACTION;-1,11213847073746
7;120;0;ROLL_LEFT;-1,26559399038606
7;120;0;ROLL_RIGHT;-1,17740312202939
7;120;0;NO_ACTION;-1,29648937692138
8;120;0;ROLL_LEFT;-1,25858234503053
8;120;0;ROLL_RIGHT;-1,3766709426729
8;120;0;NO_ACTION;-1,30557890585793
13;100;0;ROLL_LEFT;-1,35841408049228
13;100;0;ROLL_RIGHT;-1,42883430639165
13;100;0;NO_ACTION;-1,35008484134595
15;100;0;ROLL_LEFT;-1,69459532949655
15;100;0;ROLL_RIGHT;-1,54073632241024
15;100;0;NO_ACTION;-1,52168932391515
18;120;0;ROLL_LEFT;-1,17020227560414
18;120;0;ROLL_RIGHT;-1,22856769370947
18;120;0;NO_ACTION;-1,1791126669899
19;120;0;ROLL_LEFT;-1,16872843889022
19;120;0;ROLL_RIGHT;-1,06441030837959
19;120;0;NO_ACTION;-0,986936825257293
20;-120;0;ROLL_LEFT;4,32916923446528
20;-120;0;ROLL_RIGHT;-1,27849575408161
20;-120;0;NO_ACTION;-1,45229476865568
18;-140;0;ROLL_LEFT;0,1921685331942
18;-140;0;ROLL_RIGHT;20,0842487594678
18;-140;0;NO_ACTION;-1,23155333911143
4;-160;0;ROLL_LEFT;-1,44411822448475
4;-160;0;ROLL_RIGHT;-1,33842527734244
4;-160;0;NO_ACTION;-1,41792827499296
0;-160;0;ROLL_LEFT;-1,09482568390336
0;-160;0;ROLL_RIGHT;-1,00249847290084
0;-160;0;NO_ACTION;-0,98008007358229
2;160;0;ROLL_LEFT;-1,51539106011294
2;160;0;ROLL_RIGHT;-1,50825417781092
2;160;0;NO_ACTION;-1,51112127395911
11;140;0;ROLL_LEFT;-1,3028055131094
11;140;0;ROLL_RIGHT;-1,34917264191539
11;140;0;NO_ACTION;-1,37588694081763
14;120;0;ROLL_LEFT;-1,39912861921687
14;120;0;ROLL_RIGHT;-1,35711574106333
14;120;0;NO_ACTION;-1,4298989476419
16;100;0;ROLL_LEFT;-1,45004324055667
16;100;0;ROLL_RIGHT;-1,45312500413043
16;100;0;NO_ACTION;-1,5163535320269
17;100;0;ROLL_LEFT;-1,35409683173605
17;100;0;ROLL_RIGHT;-1,29551030307885
17;100;0;NO_ACTION;-1,31415552523583
20;80;0;ROLL_LEFT;-1,15216992877783
20;80;0;ROLL_RIGHT;-1,24175962049479
20;80;0;NO_ACTION;-1,22931445746053
17;-60;0;ROLL_LEFT;0,524203950269998
17;-60;0;ROLL_RIGHT;-2,2051305695049
17;-60;0;NO_ACTION;6,16037943490847
16;-40;0;ROLL_LEFT;3,88189416443045
16;-40;0;ROLL_RIGHT;-2,3412967612525
16;-40;0;NO_ACTION;-2,40110197135788
14;-40;0;ROLL_LEFT;-1,85388348139892
14;-40;0;ROLL_RIGHT;-1,84911527697372
14;-40;0;NO_ACTION;2,23616560307825
12;-40;0;ROLL_LEFT;7,40735210190063
12;-40;0;ROLL_RIGHT;-1,52207912267442
12;-40;0;NO_ACTION;-0,252055783910157
10;-60;0;ROLL_LEFT;24,6556526855313
10;-60;0;ROLL_RIGHT;4,68733134783698
10;-60;0;NO_ACTION;156,154343267465
8;-60;0;ROLL_LEFT;314,811153251645
8;-60;0;ROLL_RIGHT;13,1847679153149
8;-60;0;NO_ACTION;86,8754928843949
7;-60;0;ROLL_LEFT;196,592620902004
7;-60;0;ROLL_RIGHT;68,0918208525824
7;-60;0;NO_ACTION;445,889355217109
5;-60;0;ROLL_LEFT;278,919440360955
5;-60;0;ROLL_RIGHT;179,938011528832
5;-60;0;NO_ACTION;629,961427881647
3;-40;0;ROLL_LEFT;539,624832758208
3;-40;0;ROLL_RIGHT;783,622016369664
3;-40;0;NO_ACTION;563,28520878268
1;-60;0;ROLL_LEFT;39,1783315412209
1;-60;0;ROLL_RIGHT;191,330004813448
1;-60;0;NO_ACTION;445,776240080931
0;60;0;ROLL_LEFT;605,193325955018
0;60;0;ROLL_RIGHT;114,985688969558
0;60;0;NO_ACTION;87,101556653186
1;80;0;ROLL_LEFT;223,794442376112
1;80;0;ROLL_RIGHT;51,0691524170654
1;80;0;NO_ACTION;19,5310084478942
2;80;0;ROLL_LEFT;120,586022817561
2;80;0;ROLL_RIGHT;4,11674058368905
2;80;0;NO_ACTION;13,5311585586991
3;100;0;ROLL_LEFT;7,60530825936409
3;100;0;ROLL_RIGHT;-0,759830626254283
3;100;0;NO_ACTION;-1,06038300007322
6;120;0;ROLL_LEFT;-1,28497499913518
6;120;0;ROLL_RIGHT;-1,35511625348356
6;120;0;NO_ACTION;-1,36630122219091
7;100;0;ROLL_LEFT;-1,37856363427336
7;100;0;ROLL_RIGHT;-1,4091567652322
7;100;0;NO_ACTION;-1,37240979031293
9;80;0;ROLL_LEFT;-1,49724631187385
9;80;0;ROLL_RIGHT;-1,49344824241396
9;80;0;NO_ACTION;-1,45380905049656
11;100;0;ROLL_LEFT;-1,3659991919
11;100;0;ROLL_RIGHT;-1,34489411782772
11;100;0;NO_ACTION;-1,43241251024542
12;100;0;ROLL_LEFT;-1,44729094095779
12;100;0;ROLL_RIGHT;-1,5240006937983
12;100;0;NO_ACTION;-1,52770066711931
18;-60;0;ROLL_LEFT;3,19591895416969
18;-60;0;ROLL_RIGHT;-2,31735551161018
18;-60;0;NO_ACTION;-2,32978271242648
16;-80;0;ROLL_LEFT;-0,220368050350886
16;-80;0;ROLL_RIGHT;-1,49400543437491
16;-80;0;NO_ACTION;35,064542243327
10;-100;0;ROLL_LEFT;270,568525047181
10;-100;0;ROLL_RIGHT;109,126871494054
10;-100;0;NO_ACTION;33,5500667879788
9;-120;0;ROLL_LEFT;-0,555359815950457
9;-120;0;ROLL_RIGHT;335,356829792925
9;-120;0;NO_ACTION;51,5405308703143
7;-140;0;ROLL_LEFT;-1,05773001019165
7;-140;0;ROLL_RIGHT;172,093739059034
7;-140;0;NO_ACTION;7,69633202089844
5;-140;0;ROLL_LEFT;-1,1339086882289
5;-140;0;ROLL_RIGHT;-0,00639082586860784
5;-140;0;NO_ACTION;31,3819910721937
3;-160;0;ROLL_LEFT;-1,38519732211463
3;-160;0;ROLL_RIGHT;-1,23859847530494
3;-160;0;NO_ACTION;-1,27435792496746
3;160;0;ROLL_LEFT;-1,01113585584653
3;160;0;ROLL_RIGHT;-0,999373608495679
3;160;0;NO_ACTION;-1,07095484704793
5;160;0;ROLL_LEFT;-0,978353568622961
5;160;0;ROLL_RIGHT;-1,03808495740194
5;160;0;NO_ACTION;-1,10345868273045
9;160;0;ROLL_LEFT;-1,3512459170627
9;160;0;ROLL_RIGHT;-1,40976397165159
9;160;0;NO_ACTION;-1,42975005800823
11;160;0;ROLL_LEFT;-1,34779572012576
11;160;0;ROLL_RIGHT;-1,25821942727028
11;160;0;NO_ACTION;-1,32680047103405
13;160;0;ROLL_LEFT;-1,35110639363277
13;160;0;ROLL_RIGHT;-1,34666007457516
13;160;0;NO_ACTION;-1,29410850488361
17;120;0;ROLL_LEFT;-1,45171957476187
17;120;0;ROLL_RIGHT;-1,37448384645817
17;120;0;NO_ACTION;-1,33801207582899
20;120;0;ROLL_LEFT;-0,977804799908492
20;120;0;ROLL_RIGHT;-0,967894856791522
20;120;0;NO_ACTION;-0,994750361459866
17;-100;0;ROLL_LEFT;9,35567525216793
17;-100;0;ROLL_RIGHT;21,3211246695627
17;-100;0;NO_ACTION;1,69636189426875
13;-80;0;ROLL_LEFT;120,883736019781
13;-80;0;ROLL_RIGHT;1,17356991549437
13;-80;0;NO_ACTION;4,99868580706367
12;-80;0;ROLL_LEFT;83,8291191675731
12;-80;0;ROLL_RIGHT;-1,25757868482845
12;-80;0;NO_ACTION;0,481629102758373
11;-80;0;ROLL_LEFT;34,9901186434057
11;-80;0;ROLL_RIGHT;133,189905973235
11;-80;0;NO_ACTION;29,7970495896449
7;-80;0;ROLL_LEFT;173,637543406043
7;-80;0;ROLL_RIGHT;70,6777791230244
7;-80;0;NO_ACTION;459,243916157954
5;-100;0;ROLL_LEFT;24,3981771321799
5;-100;0;ROLL_RIGHT;427,115835889423
5;-100;0;NO_ACTION;90,8707982583061
3;-80;0;ROLL_LEFT;144,881021803984
3;-80;0;ROLL_RIGHT;114,036891154625
3;-80;0;NO_ACTION;350,479445459376
0;100;0;ROLL_LEFT;37,4013268064849
0;100;0;ROLL_RIGHT;1,73007357318144
0;100;0;NO_ACTION;58,3648983443374
2;100;0;ROLL_LEFT;19,4106212839144
2;100;0;ROLL_RIGHT;-0,905803620274471
2;100;0;NO_ACTION;-0,954448637582317
3;80;0;ROLL_LEFT;44,0689332512742
3;80;0;ROLL_RIGHT;-1,05511012642634
3;80;0;NO_ACTION;-0,708677525545747
4;80;0;ROLL_LEFT;-1,24227657988144
4;80;0;ROLL_RIGHT;12,9604085758577
4;80;0;NO_ACTION;-1,2604880483463
10;100;0;ROLL_LEFT;-1,53700650887505
10;100;0;ROLL_RIGHT;-1,54260922816795
10;100;0;NO_ACTION;-1,47922649197518
15;60;0;ROLL_LEFT;-1,67265733916985
15;60;0;ROLL_RIGHT;-1,70389617468397
15;60;0;NO_ACTION;-1,62166678300399
15;40;0;ROLL_LEFT;-1,76312995804706
15;40;0;ROLL_RIGHT;-1,83378598336389
15;40;0;NO_ACTION;-1,78704397230025
16;40;0;ROLL_LEFT;-1,90799125846773
16;40;0;ROLL_RIGHT;-1,92043142398755
16;40;0;NO_ACTION;-1,92232811166985
17;40;0;ROLL_LEFT;-2,14117760105968
17;40;0;ROLL_RIGHT;-2,07010854585243
17;40;0;NO_ACTION;-2,03386811920645
18;60;0;ROLL_LEFT;-1,85957667328793
18;60;0;ROLL_RIGHT;-1,8605987897746
18;60;0;NO_ACTION;-1,81874236355049
17;-160;0;ROLL_LEFT;3,61638577344854
17;-160;0;ROLL_RIGHT;22,2531382685701
17;-160;0;NO_ACTION;-1,59392747127387
2;-180;0;ROLL_LEFT;-1,34345569671004
2;-180;0;ROLL_RIGHT;-1,28599141622286
2;-180;0;NO_ACTION;-1,27616975653792
19;140;0;ROLL_LEFT;-1,13814693759885
19;140;0;ROLL_RIGHT;-1,08430082545416
19;140;0;NO_ACTION;-1,12027014037801
17;0;0;ROLL_LEFT;-3,54716843803725
17;0;0;ROLL_RIGHT;-5,29074593116179
17;0;0;NO_ACTION;-5,11962078359539
18;0;0;ROLL_LEFT;-4,38625936683119
18;0;0;ROLL_RIGHT;-4,42572100229454
18;0;0;NO_ACTION;-4,38677998743582
17;-20;0;ROLL_LEFT;-0,650764246990295
17;-20;0;ROLL_RIGHT;-2,72403928498834
17;-20;0;NO_ACTION;-2,50787379224506
16;-20;0;ROLL_LEFT;-2,4337117607508
16;-20;0;ROLL_RIGHT;-2,85872033668234
16;-20;0;NO_ACTION;-2,65446769840395
15;-60;0;ROLL_LEFT;29,0659205422562
15;-60;0;ROLL_RIGHT;0,35596353473486
15;-60;0;NO_ACTION;-1,80644043404174
10;-80;0;ROLL_LEFT;246,287946275717
10;-80;0;ROLL_RIGHT;31,902248428127
10;-80;0;NO_ACTION;30,2611000131117
9;-80;0;ROLL_LEFT;49,8533738469399
9;-80;0;ROLL_RIGHT;308,015045528947
9;-80;0;NO_ACTION;107,605435937298
7;-20;0;ROLL_LEFT;99,2503240641885
7;-20;0;ROLL_RIGHT;-0,696632511120979
7;-20;0;NO_ACTION;8,13745501839515
6;-20;0;ROLL_LEFT;269,80977565507
6;-20;0;ROLL_RIGHT;24,9613136820864
6;-20;0;NO_ACTION;52,4376183419381
5;0;0;ROLL_LEFT;444,618537124006
5;0;0;ROLL_RIGHT;56,4660614834883
5;0;0;NO_ACTION;73,0208102312327
3;0;0;ROLL_LEFT;745,919930830009
3;0;0;ROLL_RIGHT;517,130679832172
3;0;0;NO_ACTION;497,047702147633
3;20;0;ROLL_LEFT;548,498862434926
3;20;0;ROLL_RIGHT;258,280370757186
3;20;0;NO_ACTION;323,152746101049
4;20;0;ROLL_LEFT;434,697413663642
4;20;0;ROLL_RIGHT;93,4883333665516
4;20;0;NO_ACTION;75,0349523980602
3;-60;0;ROLL_LEFT;252,208298781613
3;-60;0;ROLL_RIGHT;589,770178569085
3;-60;0;NO_ACTION;291,958914402563
2;-60;0;ROLL_LEFT;391,615056928413
2;-60;0;ROLL_RIGHT;47,6293812072343
2;-60;0;NO_ACTION;216,167541892362
1;60;0;ROLL_LEFT;475,754390566239
1;60;0;ROLL_RIGHT;148,293209518552
1;60;0;NO_ACTION;216,059916237638
2;60;0;ROLL_LEFT;392,817972475457
2;60;0;ROLL_RIGHT;39,5299767062996
2;60;0;NO_ACTION;114,085237120359
3;60;0;ROLL_LEFT;-0,650592832910384
3;60;0;ROLL_RIGHT;4,94803498811246
3;60;0;NO_ACTION;159,997059183657
4;60;0;ROLL_LEFT;52,3509262904011
4;60;0;ROLL_RIGHT;0,059474711904876
4;60;0;NO_ACTION;-0,656003910953042
7;20;0;ROLL_LEFT;-1,09476312965817
7;20;0;ROLL_RIGHT;58,8317395435525
7;20;0;NO_ACTION;4,21122820623421
7;0;0;ROLL_LEFT;109,706905120665
7;0;0;ROLL_RIGHT;29,1439118750413
7;0;0;NO_ACTION;44,7503403296727
2;140;0;ROLL_LEFT;-1,56712036291711
2;140;0;ROLL_RIGHT;-1,51681454629052
2;140;0;NO_ACTION;-1,61774325685824
5;140;0;ROLL_LEFT;-1,26856867061785
5;140;0;ROLL_RIGHT;-1,31937509399047
5;140;0;NO_ACTION;-1,23697544229181
13;140;0;ROLL_LEFT;-1,38291724928069
13;140;0;ROLL_RIGHT;-1,31879884293314
13;140;0;NO_ACTION;-1,42164602422735
18;100;0;ROLL_LEFT;-1,44991442471878
18;100;0;ROLL_RIGHT;-1,38910292259025
18;100;0;NO_ACTION;-1,44184093677754
19;100;0;ROLL_LEFT;-1,25049393473048
19;100;0;ROLL_RIGHT;-1,24491816605103
19;100;0;NO_ACTION;-1,2436554448565
20;-60;0;ROLL_LEFT;-1,26400662131062
20;-60;0;ROLL_RIGHT;-2,27301992396918
20;-60;0;NO_ACTION;-2,30088573739094
19;-60;0;ROLL_LEFT;0,963624439043083
19;-60;0;ROLL_RIGHT;-1,76950997631244
19;-60;0;NO_ACTION;-1,72757764256418
14;-80;0;ROLL_LEFT;97,560449235494
14;-80;0;ROLL_RIGHT;11,114452686122
14;-80;0;NO_ACTION;0,438364800108559
6;-80;0;ROLL_LEFT;154,149778050451
6;-80;0;ROLL_RIGHT;211,889003351184
6;-80;0;NO_ACTION;510,450132365118
5;-80;0;ROLL_LEFT;130,102827512313
5;-80;0;ROLL_RIGHT;565,459358043903
5;-80;0;NO_ACTION;275,486135120483
4;-80;0;ROLL_LEFT;98,4681589194896
4;-80;0;ROLL_RIGHT;571,472470705393
4;-80;0;NO_ACTION;53,5804843274737
1;-80;0;ROLL_LEFT;150,165670484474
1;-80;0;ROLL_RIGHT;457,859768495707
1;-80;0;NO_ACTION;204,575835018521
0;80;0;ROLL_LEFT;478,438363387558
0;80;0;ROLL_RIGHT;47,9713969330965
0;80;0;NO_ACTION;71,2642316006418
0;-60;0;ROLL_LEFT;415,906633472133
0;-60;0;ROLL_RIGHT;163,598289425044
0;-60;0;NO_ACTION;190,562723838373
2;20;0;ROLL_LEFT;689,342036759035
2;20;0;ROLL_RIGHT;447,021433332557
2;20;0;NO_ACTION;531,793262594361
2;0;0;ROLL_LEFT;500
2;0;0;ROLL_RIGHT;500
2;0;0;NO_ACTION;500
13;0;0;ROLL_LEFT;8,65871514398324
13;0;0;ROLL_RIGHT;-1,69880380941042
13;0;0;NO_ACTION;-2,24899256841279
12;0;0;ROLL_LEFT;-0,407484416379126
12;0;0;ROLL_RIGHT;-2,30667154148967
12;0;0;NO_ACTION;-2,40941025203978
13;20;0;ROLL_LEFT;-1,62508524729644
13;20;0;ROLL_RIGHT;-1,5562210174436
13;20;0;NO_ACTION;-1,68188999698534
14;0;0;ROLL_LEFT;-3,84268233276142
14;0;0;ROLL_RIGHT;-4,08027700894053
14;0;0;NO_ACTION;-4,26082823170812
15;0;0;ROLL_LEFT;7,77107036660392
15;0;0;ROLL_RIGHT;-2,2920536265623
15;0;0;NO_ACTION;-2,5731391304337
14;-20;0;ROLL_LEFT;-0,194850427086161
14;-20;0;ROLL_RIGHT;-2,20761479908121
14;-20;0;NO_ACTION;-1,91870468171317
13;-60;0;ROLL_LEFT;7,31304100027951
13;-60;0;ROLL_RIGHT;-1,51165541323688
13;-60;0;NO_ACTION;50,8062071477069
14;100;0;ROLL_LEFT;-1,54309851068251
14;100;0;ROLL_RIGHT;-1,46114316860074
14;100;0;NO_ACTION;-1,54528611914869
20;-140;0;ROLL_LEFT;2,53785184742444
20;-140;0;ROLL_RIGHT;-1,51608175194019
20;-140;0;NO_ACTION;-1,23235984058122
14;-180;0;ROLL_LEFT;-0,707800704742919
14;-180;0;ROLL_RIGHT;34,4158708137856
14;-180;0;NO_ACTION;-1,02308370573801
11;-180;0;ROLL_LEFT;3,25890001272754
11;-180;0;ROLL_RIGHT;10,0943046367911
11;-180;0;NO_ACTION;-1,57546196902416
9;-180;0;ROLL_LEFT;-1,47177139163687
9;-180;0;ROLL_RIGHT;-1,45846987780369
9;-180;0;NO_ACTION;-1,50962399166524
1;140;0;ROLL_LEFT;-1,24081077308665
1;140;0;ROLL_RIGHT;-1,22134370608603
1;140;0;NO_ACTION;-1,39736600476577
5;80;0;ROLL_LEFT;-1,37571595513932
5;80;0;ROLL_RIGHT;35,0530802995165
5;80;0;NO_ACTION;-1,28881669654245
6;80;0;ROLL_LEFT;7,87373211133187
6;80;0;ROLL_RIGHT;-1,4964679729015
6;80;0;NO_ACTION;-1,52265543911017
7;80;0;ROLL_LEFT;-1,32168745167033
7;80;0;ROLL_RIGHT;-1,28341423958059
7;80;0;NO_ACTION;-1,23285738925267
8;60;0;ROLL_LEFT;-1,05974176091757
8;60;0;ROLL_RIGHT;-1,30040421852162
8;60;0;NO_ACTION;-1,36580311688942
9;40;0;ROLL_LEFT;-1,26755979758216
9;40;0;ROLL_RIGHT;-1,29386633197745
9;40;0;NO_ACTION;-1,15971529668103
10;40;0;ROLL_LEFT;-1,26950577988759
10;40;0;ROLL_RIGHT;-1,22762831344745
10;40;0;NO_ACTION;-1,31254464722559
11;40;0;ROLL_LEFT;-1,45975332649073
11;40;0;ROLL_RIGHT;-1,27618160642514
11;40;0;NO_ACTION;-1,34894887962806
11;60;0;ROLL_LEFT;-1,63787125121793
11;60;0;ROLL_RIGHT;-1,7402861072141
11;60;0;NO_ACTION;-1,68719911173737
12;60;0;ROLL_LEFT;-1,53701861432625
12;60;0;ROLL_RIGHT;-1,49470068858631
12;60;0;NO_ACTION;-1,43260484956437
16;80;0;ROLL_LEFT;-1,69009743838004
16;80;0;ROLL_RIGHT;-1,74672106950382
16;80;0;NO_ACTION;-1,73026104221062
17;80;0;ROLL_LEFT;-1,69098715605119
17;80;0;ROLL_RIGHT;-1,70459950949335
17;80;0;NO_ACTION;-1,7691129061964
19;80;0;ROLL_LEFT;-1,65220139641226
19;80;0;ROLL_RIGHT;-1,64050676145178
19;80;0;NO_ACTION;-1,62515651043775
18;-100;0;ROLL_LEFT;18,7508787608267
18;-100;0;ROLL_RIGHT;0,55823297034855
18;-100;0;NO_ACTION;-1,32941535467314
15;-80;0;ROLL_LEFT;10,5631798431145
15;-80;0;ROLL_RIGHT;6,37959082809326
15;-80;0;NO_ACTION;55,5442933537405
6;-60;0;ROLL_LEFT;65,940639908982
6;-60;0;ROLL_RIGHT;22,3023170472395
6;-60;0;NO_ACTION;575,27399271113
2;-80;0;ROLL_LEFT;183,699971783949
2;-80;0;ROLL_RIGHT;407,698687396455
2;-80;0;NO_ACTION;128,871375550055
18;200;0;ROLL_LEFT;-0,610564628836112
18;200;0;ROLL_RIGHT;-0,575538555428906
18;200;0;NO_ACTION;-0,639409790377113
17;-180;0;ROLL_LEFT;-0,943908918434374
17;-180;0;ROLL_RIGHT;23,4550828638356
17;-180;0;NO_ACTION;-1,62302418356698
12;-180;0;ROLL_LEFT;-1,41842369650529
12;-180;0;ROLL_RIGHT;-1,47833366495742
12;-180;0;NO_ACTION;2,5167573160319
10;-160;0;ROLL_LEFT;-1,35617184639337
10;-160;0;ROLL_RIGHT;42,4773468468496
10;-160;0;NO_ACTION;-1,32374281803779
8;-160;0;ROLL_LEFT;-0,819508964207139
8;-160;0;ROLL_RIGHT;5,5575723312617
8;-160;0;NO_ACTION;22,6747576590545
4;-140;0;ROLL_LEFT;-1,41012516254075
4;-140;0;ROLL_RIGHT;15,0448818216166
4;-140;0;NO_ACTION;-1,25159479264378
0;140;0;ROLL_LEFT;-1,00152063105217
0;140;0;ROLL_RIGHT;-0,982892810252505
0;140;0;NO_ACTION;-1,08575213181154
8;160;0;ROLL_LEFT;-1,35742610812722
8;160;0;ROLL_RIGHT;-1,34526987225822
8;160;0;NO_ACTION;-1,36111469829342
12;140;0;ROLL_LEFT;-1,25357436678501
12;140;0;ROLL_RIGHT;-1,27893703313209
12;140;0;NO_ACTION;-1,22457760286873
15;-140;0;ROLL_LEFT;-1,0765355256422
15;-140;0;ROLL_RIGHT;39,0615192204327
15;-140;0;NO_ACTION;3,48544425090775
11;-120;0;ROLL_LEFT;25,8285423055582
11;-120;0;ROLL_RIGHT;217,288244874844
11;-120;0;NO_ACTION;83,6304868611663
9;120;0;ROLL_LEFT;-1,3910057833289
9;120;0;ROLL_RIGHT;-1,33189568737725
9;120;0;NO_ACTION;-1,31470798952491
18;-160;0;ROLL_LEFT;-1,509072564222
18;-160;0;ROLL_RIGHT;0,609856017172049
18;-160;0;NO_ACTION;14,2490255490554
2;200;0;ROLL_LEFT;-0,959314985129423
2;200;0;ROLL_RIGHT;-0,98335875814071
2;200;0;NO_ACTION;-0,927168876437184
4;200;0;ROLL_LEFT;-0,784631728360585
4;200;0;ROLL_RIGHT;-0,852079868915734
4;200;0;NO_ACTION;-0,651444432299513
9;180;0;ROLL_LEFT;-1,34361403577705
9;180;0;ROLL_RIGHT;-1,43194648924402
9;180;0;NO_ACTION;-1,35826435675953
15;-120;0;ROLL_LEFT;0,0232137189005787
15;-120;0;ROLL_RIGHT;21,4606161127149
15;-120;0;NO_ACTION;93,8495783637396
8;-100;0;ROLL_LEFT;323,355774676063
8;-100;0;ROLL_RIGHT;153,562072308397
8;-100;0;NO_ACTION;102,509579435401
12;-160;0;ROLL_LEFT;1,36660216748015
12;-160;0;ROLL_RIGHT;20,5894360028546
12;-160;0;NO_ACTION;50,5397410142021
6;-160;0;ROLL_LEFT;-1,48671106994899
6;-160;0;ROLL_RIGHT;-0,87824835438468
6;-160;0;NO_ACTION;-1,54812146754697
3;140;0;ROLL_LEFT;-1,28983756169462
3;140;0;ROLL_RIGHT;-1,0705277861436
3;140;0;NO_ACTION;-1,13280762836245
4;140;0;ROLL_LEFT;-1,42562362629515
4;140;0;ROLL_RIGHT;-1,37576985163533
4;140;0;NO_ACTION;-1,39839414445092
17;180;0;ROLL_LEFT;-1,26037926649208
17;180;0;ROLL_RIGHT;-1,29435158353183
17;180;0;NO_ACTION;-1,09814817154527
20;180;0;ROLL_LEFT;-1,19320615852203
20;180;0;ROLL_RIGHT;-1,10425642993449
20;180;0;NO_ACTION;-1,0667861603613
19;-180;0;ROLL_LEFT;-1,65230150768072
19;-180;0;ROLL_RIGHT;11,9382558816578
19;-180;0;NO_ACTION;-1,1146758248158
10;80;0;ROLL_LEFT;-1,47361490564967
10;80;0;ROLL_RIGHT;-1,46700064693446
10;80;0;NO_ACTION;-1,530285428417
14;60;0;ROLL_LEFT;-1,68497434688828
14;60;0;ROLL_RIGHT;-1,76761762673602
14;60;0;NO_ACTION;-1,76704872670485
18;40;0;ROLL_LEFT;-1,93112023531923
18;40;0;ROLL_RIGHT;-1,83908562622407
18;40;0;NO_ACTION;-1,82465974974196
20;40;0;ROLL_LEFT;-1,45291230995133
20;40;0;ROLL_RIGHT;-1,49994515555389
20;40;0;NO_ACTION;-1,46119843765361
20;20;0;ROLL_LEFT;-2,39848728040428
20;20;0;ROLL_RIGHT;-3,09399016317881
20;20;0;NO_ACTION;-2,50226294709615
13;-100;0;ROLL_LEFT;165,354661975322
13;-100;0;ROLL_RIGHT;-0,924048668389355
13;-100;0;NO_ACTION;10,7797404955908
8;-20;0;ROLL_LEFT;115,240724932378
8;-20;0;ROLL_RIGHT;-0,883395046008357
8;-20;0;NO_ACTION;2,02096277554233
8;40;0;ROLL_LEFT;5,12470610744288
8;40;0;ROLL_RIGHT;-1,25678112223388
8;40;0;NO_ACTION;-1,26143110299595
10;20;0;ROLL_LEFT;-1,27107462709201
10;20;0;ROLL_RIGHT;-1,19543617495866
10;20;0;NO_ACTION;13,5009512359367
11;20;0;ROLL_LEFT;-0,932193686570817
11;20;0;ROLL_RIGHT;-1,2967298265564
11;20;0;NO_ACTION;-1,61403906972205
12;20;0;ROLL_LEFT;-1,66926064093349
12;20;0;ROLL_RIGHT;-1,61419204714175
12;20;0;NO_ACTION;-1,45661285724615
12;40;0;ROLL_LEFT;-1,64482627907694
12;40;0;ROLL_RIGHT;-1,71917617120455
12;40;0;NO_ACTION;-1,70518137643063
13;40;0;ROLL_LEFT;-1,51077400467703
13;40;0;ROLL_RIGHT;-1,57292931785695
13;40;0;NO_ACTION;-1,52871520685346
13;60;0;ROLL_LEFT;-1,83810420434209
13;60;0;ROLL_RIGHT;-1,87424395856934
13;60;0;NO_ACTION;-1,9091277892337
1;-180;0;ROLL_LEFT;-1,4444022295569
1;-180;0;ROLL_RIGHT;-1,42324040768886
1;-180;0;NO_ACTION;-1,46384252991354
9;200;0;ROLL_LEFT;-0,671877401054357
9;200;0;ROLL_RIGHT;-0,680978532594376
9;200;0;NO_ACTION;-0,639367901218754
11;180;0;ROLL_LEFT;-1,39653468817885
11;180;0;ROLL_RIGHT;-1,46810615304289
11;180;0;NO_ACTION;-1,46128706389986
14;180;0;ROLL_LEFT;-1,19359558378799
14;180;0;ROLL_RIGHT;-1,29698376119458
14;180;0;NO_ACTION;-1,22380610117329
18;160;0;ROLL_LEFT;-1,22248916995042
18;160;0;ROLL_RIGHT;-1,23029131370573
18;160;0;NO_ACTION;-1,16902115366138
0;160;0;ROLL_LEFT;-0,725045586204057
0;160;0;ROLL_RIGHT;-0,81896055999176
0;160;0;NO_ACTION;-0,783568752058118
7;-180;0;ROLL_LEFT;-1,52727375606237
7;-180;0;ROLL_RIGHT;-1,52521859315827
7;-180;0;NO_ACTION;-1,53401882281328
20;-200;0;ROLL_LEFT;-1,2213171177931
20;-200;0;ROLL_RIGHT;0,372477336591931
20;-200;0;NO_ACTION;-1,06610237822744
5;200;0;ROLL_LEFT;-0,894248966213119
5;200;0;ROLL_RIGHT;-0,887396536247342
5;200;0;NO_ACTION;-0,949823656090576
6;200;0;ROLL_LEFT;-0,46658978594316
6;200;0;ROLL_RIGHT;-0,545346239055192
6;200;0;NO_ACTION;-0,490471519454134
18;-120;0;ROLL_LEFT;-1,22003791636131
18;-120;0;ROLL_RIGHT;18,9320972844206
18;-120;0;NO_ACTION;-0,735238314915908
20;100;0;ROLL_LEFT;-0,960389071705244
20;100;0;ROLL_RIGHT;-0,941432344301865
20;100;0;NO_ACTION;-0,959083860008812
19;-100;0;ROLL_LEFT;3,58275549893834
19;-100;0;ROLL_RIGHT;0,6912389525546
19;-100;0;NO_ACTION;-1,38509108910683
4;-60;0;ROLL_LEFT;206,089540773945
4;-60;0;ROLL_RIGHT;665,03916984031
4;-60;0;NO_ACTION;351,065740917162
5;60;0;ROLL_LEFT;9,92680366240946
5;60;0;ROLL_RIGHT;-0,966670982624767
5;60;0;NO_ACTION;-1,31897069008903
14;40;0;ROLL_LEFT;-1,51981144330878
14;40;0;ROLL_RIGHT;-1,55814192719088
14;40;0;NO_ACTION;-1,45838957130585
9;20;0;ROLL_LEFT;-0,917911934952244
9;20;0;ROLL_RIGHT;-0,971976148850321
9;20;0;NO_ACTION;0,195100726264118
11;0;0;ROLL_LEFT;-0,562386396212583
11;0;0;ROLL_RIGHT;-1,04925004234967
11;0;0;NO_ACTION;-0,693478742092208
6;-200;0;ROLL_LEFT;-0,783729892760289
6;-200;0;ROLL_RIGHT;-0,749999015762895
6;-200;0;NO_ACTION;-0,714088022103555
19;-160;0;ROLL_LEFT;9,00456602534876
19;-160;0;ROLL_RIGHT;-1,49483223721908
19;-160;0;NO_ACTION;-1,28420418618301
17;-120;0;ROLL_LEFT;8,0315857001157
17;-120;0;ROLL_RIGHT;-1,13504257088421
17;-120;0;NO_ACTION;33,127898240636
20;-20;0;ROLL_LEFT;-2,59201357976243
20;-20;0;ROLL_RIGHT;-2,64660109685097
20;-20;0;NO_ACTION;-2,65749908030853
20;0;0;ROLL_LEFT;-4,58593930593821
20;0;0;ROLL_RIGHT;-4,01138362936528
20;0;0;NO_ACTION;-4,15152652494446
19;0;0;ROLL_LEFT;-4,78914556035771
19;0;0;ROLL_RIGHT;-4,29076240826006
19;0;0;NO_ACTION;-4,5873184498698
19;-20;0;ROLL_LEFT;-2,55520426702734
19;-20;0;ROLL_RIGHT;-2,44191016444942
19;-20;0;NO_ACTION;-2,70703582784957
18;-20;0;ROLL_LEFT;-2,69233241375295
18;-20;0;ROLL_RIGHT;-2,88635437166322
18;-20;0;NO_ACTION;-2,59499582356254
17;-40;0;ROLL_LEFT;1,57791814881991
17;-40;0;ROLL_RIGHT;-2,32897492270436
17;-40;0;NO_ACTION;-2,33040564291067
13;-20;0;ROLL_LEFT;-1,82893519164967
13;-20;0;ROLL_RIGHT;-1,87642193982079
13;-20;0;NO_ACTION;-1,49671731732177
12;-20;0;ROLL_LEFT;1,24671296409842
12;-20;0;ROLL_RIGHT;-1,66018884817364
12;-20;0;NO_ACTION;-1,6550591973453
11;-20;0;ROLL_LEFT;7,56556179091129
11;-20;0;ROLL_RIGHT;2,46738532887221
11;-20;0;NO_ACTION;-1,26219724587885
15;20;0;ROLL_LEFT;-2,05216669904714
15;20;0;ROLL_RIGHT;-1,8432050282686
15;20;0;NO_ACTION;-2,10372064067431
16;20;0;ROLL_LEFT;-2,05032480072603
16;20;0;ROLL_RIGHT;-2,05645600962321
16;20;0;NO_ACTION;-2,05315089722631
16;0;0;ROLL_LEFT;-4,71617576363185
16;0;0;ROLL_RIGHT;-5,07631854358059
16;0;0;NO_ACTION;-5,55150544923008
17;20;0;ROLL_LEFT;-2,17381776492767
17;20;0;ROLL_RIGHT;-1,91488146043823
17;20;0;NO_ACTION;-2,01938801581977
18;20;0;ROLL_LEFT;-2,11261164440905
18;20;0;ROLL_RIGHT;-2,09246399681741
18;20;0;NO_ACTION;-1,99506447951467
19;20;0;ROLL_LEFT;-1,58971156697757
19;20;0;ROLL_RIGHT;-1,73263062996824
19;20;0;NO_ACTION;-1,73285716950432
20;-40;0;ROLL_LEFT;-2,440131516068
20;-40;0;ROLL_RIGHT;-2,61653990565881
20;-40;0;NO_ACTION;-2,69069187779362
19;-40;0;ROLL_LEFT;-0,682629878922573
19;-40;0;ROLL_RIGHT;-2,50351274974999
19;-40;0;NO_ACTION;-2,42040630900494
18;-40;0;ROLL_LEFT;-2,49122442884578
18;-40;0;ROLL_RIGHT;-2,34600917041486
18;-40;0;NO_ACTION;-2,14692194737453
10;-20;0;ROLL_LEFT;-0,0921002082759844
10;-20;0;ROLL_RIGHT;-1,19337490097985
10;-20;0;NO_ACTION;-1,06215282345798
9;-20;0;ROLL_LEFT;25,6413590823339
9;-20;0;ROLL_RIGHT;0,108857247775636
9;-20;0;NO_ACTION;0,314258023431573
8;0;0;ROLL_LEFT;87,2716175019851
8;0;0;ROLL_RIGHT;23,5366189352656
8;0;0;NO_ACTION;32,2013346549939
8;20;0;ROLL_LEFT;34,4944461921887
8;20;0;ROLL_RIGHT;-1,08244583609488
8;20;0;NO_ACTION;-1,07116222084612
9;0;0;ROLL_LEFT;46,0977455187168
9;0;0;ROLL_RIGHT;9,64365170969026
9;0;0;NO_ACTION;4,52859245642709
10;0;0;ROLL_LEFT;-2,97553249398021
10;0;0;ROLL_RIGHT;-2,75254143288555
10;0;0;NO_ACTION;-0,149891266938119
7;40;0;ROLL_LEFT;12,3432511650269
7;40;0;ROLL_RIGHT;-1,25761187872896
7;40;0;NO_ACTION;0,591760468703794
15;-20;0;ROLL_LEFT;-2,69373933632726
15;-20;0;ROLL_RIGHT;-2,40746764150589
15;-20;0;NO_ACTION;-2,26928441435875
14;20;0;ROLL_LEFT;-0,942909505964155
14;20;0;ROLL_RIGHT;-1,83061495552673
14;20;0;NO_ACTION;-1,72476616346994
19;40;0;ROLL_LEFT;-1,92830958215269
19;40;0;ROLL_RIGHT;-2,00474865121357
19;40;0;NO_ACTION;-1,91525538138932
0;-140;0;ROLL_LEFT;-0,841886469782308
0;-140;0;ROLL_RIGHT;-0,71104651435445
0;-140;0;NO_ACTION;-0,867655710577799
13;-200;0;ROLL_LEFT;-1,35540619749962
13;-200;0;ROLL_RIGHT;-0,242106757668965
13;-200;0;NO_ACTION;-1,25598227344169
8;-200;0;ROLL_LEFT;-1,1182406726014
8;-200;0;ROLL_RIGHT;-1,18924658581972
8;-200;0;NO_ACTION;-1,08214421593678
5;-200;0;ROLL_LEFT;-0,949819893582859
5;-200;0;ROLL_RIGHT;-1,04553677811471
5;-200;0;NO_ACTION;-1,0354255060777
0;-200;0;ROLL_LEFT;-0,606383017428119
0;-200;0;ROLL_RIGHT;-0,594481722204811
0;-200;0;NO_ACTION;-0,704506880999842
3;200;0;ROLL_LEFT;-0,655384203204644
3;200;0;ROLL_RIGHT;-0,729062080197931
3;200;0;NO_ACTION;-0,656547138489921
14;200;0;ROLL_LEFT;-0,740010131495955
14;200;0;ROLL_RIGHT;-0,625354664720055
14;200;0;NO_ACTION;-0,701344947533429
16;200;0;ROLL_LEFT;-0,600284838074962
16;200;0;ROLL_RIGHT;-0,482181088622683
16;200;0;NO_ACTION;-0,494589396267894
19;200;0;ROLL_LEFT;-0,383494395058193
19;200;0;ROLL_RIGHT;-0,394778349485669
19;200;0;NO_ACTION;-0,530346837098591
19;-200;0;ROLL_LEFT;-1,1131351200449
19;-200;0;ROLL_RIGHT;3,10707188128207
19;-200;0;NO_ACTION;-0,950107689214759
16;-200;0;ROLL_LEFT;-1,14316157242148
16;-200;0;ROLL_RIGHT;3,62734206334114
16;-200;0;NO_ACTION;-1,38924834880433
4;-180;0;ROLL_LEFT;-1,18891959481676
4;-180;0;ROLL_RIGHT;-1,11977527790974
4;-180;0;NO_ACTION;-1,12504043462611
16;-180;0;ROLL_LEFT;-1,53454671091785
16;-180;0;ROLL_RIGHT;-1,47275295571899
16;-180;0;NO_ACTION;26,8199667604375
14;-160;0;ROLL_LEFT;-1,04073273324116
14;-160;0;ROLL_RIGHT;72,8466830201456
14;-160;0;NO_ACTION;11,855244762844
19;-120;0;ROLL_LEFT;-1,18591485189634
19;-120;0;ROLL_RIGHT;9,40513934737364
19;-120;0;NO_ACTION;-1,20255922737747
14;-120;0;ROLL_LEFT;133,388280758518
14;-120;0;ROLL_RIGHT;16,3108236737664
14;-120;0;NO_ACTION;20,6077888477551
0;-120;0;ROLL_LEFT;-0,629763289991363
0;-120;0;ROLL_RIGHT;-0,646272632798823
0;-120;0;NO_ACTION;1,16756091244719
8;200;0;ROLL_LEFT;-0,600509866571712
8;200;0;ROLL_RIGHT;-0,56497916819592
8;200;0;NO_ACTION;-0,497389923923112
1;20;0;ROLL_LEFT;278,772868399692
1;20;0;ROLL_RIGHT;518,571707241724
1;20;0;NO_ACTION;645,998701923429
0;-80;0;ROLL_LEFT;70,8385016205288
0;-80;0;ROLL_RIGHT;415,346120480709
0;-80;0;NO_ACTION;173,868068805137
0;200;0;ROLL_LEFT;-0,308161177644833
0;200;0;ROLL_RIGHT;-0,378682037468126
0;200;0;NO_ACTION;-0,342406567618478
0;-100;0;ROLL_LEFT;-0,379505456831393
0;-100;0;ROLL_RIGHT;-0,367116861450516
0;-100;0;NO_ACTION;29,0053427338775
0;0;0;ROLL_LEFT;500
0;0;0;ROLL_RIGHT;500
0;0;0;NO_ACTION;500
0;20;0;ROLL_LEFT;643,842862527325
0;20;0;ROLL_RIGHT;8,31201388265469
0;20;0;NO_ACTION;164,004830565791
1;0;0;ROLL_LEFT;500
1;0;0;ROLL_RIGHT;500
1;0;0;NO_ACTION;500
3;-200;0;ROLL_LEFT;-0,94302507608109
3;-200;0;ROLL_RIGHT;-1,0140297801297
3;-200;0;NO_ACTION;-0,885915579542733
10;200;0;ROLL_LEFT;-0,887224484071588
10;200;0;ROLL_RIGHT;-0,873374098572159
10;200;0;NO_ACTION;-0,811502877347094
11;-200;0;ROLL_LEFT;-1,08994021049352
11;-200;0;ROLL_RIGHT;-0,997171824122277
11;-200;0;NO_ACTION;-1,07348189164316
12;200;0;ROLL_LEFT;-0,86505180294066
12;200;0;ROLL_RIGHT;-0,839246453285527
12;200;0;NO_ACTION;-1,06058196123901
0;-20;0;ROLL_LEFT;33,504043135848
0;-20;0;ROLL_RIGHT;700,835463413123
0;-20;0;NO_ACTION;134,102324187043
29;-200;0;ROLL_LEFT;-0,660538211381913
29;-200;0;ROLL_RIGHT;-0,61757073135508
29;-200;0;NO_ACTION;-0,60860242076412
25;-200;0;ROLL_LEFT;-0,412073018951471
25;-200;0;ROLL_RIGHT;-0,34130247811606
25;-200;0;NO_ACTION;-0,423254890507413
22;-200;0;ROLL_LEFT;-0,194399647821413
22;-200;0;ROLL_RIGHT;1,61367092797573
22;-200;0;NO_ACTION;-0,324205732383097
30;-160;0;ROLL_LEFT;-0,290749506033637
30;-160;0;ROLL_RIGHT;-0,219858025435109
30;-160;0;NO_ACTION;-0,190000000447035
28;-160;0;ROLL_LEFT;-0,111333230897739
28;-160;0;ROLL_RIGHT;-0,100000001490116
28;-160;0;NO_ACTION;-0,331207018738151
26;-140;0;ROLL_LEFT;-0,38468684031052
26;-140;0;ROLL_RIGHT;-0,323031267489997
26;-140;0;NO_ACTION;-0,297634804967815
24;-140;0;ROLL_LEFT;-0,239910186028949
24;-140;0;ROLL_RIGHT;-0,293405081167103
24;-140;0;NO_ACTION;-0,282215358484821
22;-120;0;ROLL_LEFT;-0,279320941496698
22;-120;0;ROLL_RIGHT;0,0974412985239411
22;-120;0;NO_ACTION;-0,174863252749442
21;-120;0;ROLL_LEFT;2,9905637482623
21;-120;0;ROLL_RIGHT;-0,186768469049347
21;-120;0;NO_ACTION;-0,215327668430443
21;40;0;ROLL_LEFT;-0,201841424148837
21;40;0;ROLL_RIGHT;-0,322316885525985
21;40;0;NO_ACTION;-0,289049997447431
22;40;0;ROLL_LEFT;-0,329978731106462
22;40;0;ROLL_RIGHT;-0,378677773162608
22;40;0;NO_ACTION;-0,35339999281913
23;40;0;ROLL_LEFT;-0,307639684376725
23;40;0;ROLL_RIGHT;-0,371402492678873
23;40;0;NO_ACTION;-0,208050000531971
24;40;0;ROLL_LEFT;-0,218391914214749
24;40;0;ROLL_RIGHT;-0,299271997179017
24;40;0;NO_ACTION;-0,199500000610947
25;40;0;ROLL_LEFT;-0,475572985006497
25;40;0;ROLL_RIGHT;-0,297599997368455
25;40;0;NO_ACTION;-0,469459735431802
26;80;0;ROLL_LEFT;-0,397091226882394
26;80;0;ROLL_RIGHT;-0,397036890262523
26;80;0;NO_ACTION;-0,315753429243034
27;80;0;ROLL_LEFT;-0,402353728757926
27;80;0;ROLL_RIGHT;-0,318191514079113
27;80;0;NO_ACTION;-0,291662734955826
28;80;0;ROLL_LEFT;-0,325752810502214
28;80;0;ROLL_RIGHT;-0,365139427690356
28;80;0;NO_ACTION;-0,370499992661178
29;60;0;ROLL_LEFT;-0,477287306290737
29;60;0;ROLL_RIGHT;-0,431214831952161
29;60;0;NO_ACTION;-0,420461270748537
30;60;0;ROLL_LEFT;-0,475008894831004
30;60;0;ROLL_RIGHT;-0,472244903140374
30;60;0;NO_ACTION;-0,510329633246255
30;-60;0;ROLL_LEFT;-0,566927533230845
30;-60;0;ROLL_RIGHT;-0,611209422553121
30;-60;0;NO_ACTION;-0,560729211445184
29;-40;0;ROLL_LEFT;-0,299314747380559
29;-40;0;ROLL_RIGHT;-0,208952500549667
29;-40;0;NO_ACTION;-0,282945772514113
28;-40;0;ROLL_LEFT;-0,202116821912884
28;-40;0;ROLL_RIGHT;-0,355198138626683
28;-40;0;NO_ACTION;-0,199500000610947
28;-60;0;ROLL_LEFT;-0,502716635214005
28;-60;0;ROLL_RIGHT;-0,391754635588247
28;-60;0;NO_ACTION;-0,389388082094622
27;-40;0;ROLL_LEFT;-0,339840381535636
27;-40;0;ROLL_RIGHT;-0,317708126280524
27;-40;0;NO_ACTION;-0,190000000447035
26;-40;0;ROLL_LEFT;-0,331026909863349
26;-40;0;ROLL_RIGHT;-0,29854548468649
26;-40;0;NO_ACTION;-0,289049997447431
26;-20;0;ROLL_LEFT;-0,209850488045958
26;-20;0;ROLL_RIGHT;-0,445876683324291
26;-20;0;NO_ACTION;-0,289049997447431
26;0;0;ROLL_LEFT;-1,88896898280572
26;0;0;ROLL_RIGHT;-1,31597729537206
26;0;0;NO_ACTION;-1,58141265168457
25;-20;0;ROLL_LEFT;-0,118952501592748
25;-20;0;ROLL_RIGHT;-0,23686651827558
25;-20;0;NO_ACTION;-0,278694997087568
25;0;0;ROLL_LEFT;-0,949240738737329
25;0;0;ROLL_RIGHT;-0,49333176545555
25;0;0;NO_ACTION;-0,804897383084927
24;-20;0;ROLL_LEFT;-0,100000001490116
24;-20;0;ROLL_RIGHT;0
24;-20;0;NO_ACTION;-0,409509986680597
24;-40;0;ROLL_LEFT;-0,422957508595045
24;-40;0;ROLL_RIGHT;-0,360131828470093
24;-40;0;NO_ACTION;-0,396703305520869
23;-40;0;ROLL_LEFT;-0,608638427671714
23;-40;0;ROLL_RIGHT;-0,56467403950433
23;-40;0;NO_ACTION;-0,540267372013807
22;-40;0;ROLL_LEFT;-0,493878298425715
22;-40;0;ROLL_RIGHT;-0,602324452486216
22;-40;0;NO_ACTION;-0,609621825991032
21;-60;0;ROLL_LEFT;-0,790463936196304
21;-60;0;ROLL_RIGHT;-0,732037074800898
21;-60;0;NO_ACTION;-0,641304469639588
21;20;0;ROLL_LEFT;-0,270999997362494
21;20;0;ROLL_RIGHT;-0,280499997526407
21;20;0;NO_ACTION;-0,651321506686532
22;20;0;ROLL_LEFT;-0,433376199479563
22;20;0;ROLL_RIGHT;-0,290764747459534
22;20;0;NO_ACTION;-0,343899992655218
23;20;0;ROLL_LEFT;-0,572519453132114
23;20;0;ROLL_RIGHT;-0,494093141214746
23;20;0;NO_ACTION;-0,510018771500234
24;60;0;ROLL_LEFT;-0,226822000184581
24;60;0;ROLL_RIGHT;-0,20886225052638
24;60;0;NO_ACTION;-0,291756070727252
25;60;0;ROLL_LEFT;-0,208952500549666
25;60;0;ROLL_RIGHT;-0,109500001654029
25;60;0;NO_ACTION;-0,118952501592748
26;60;0;ROLL_LEFT;-0,386962723936788
26;60;0;ROLL_RIGHT;-0,208050000531971
26;60;0;NO_ACTION;-0,300115219729006
26;40;0;ROLL_LEFT;-0,289952497465126
26;40;0;ROLL_RIGHT;-0,370547492482923
26;40;0;NO_ACTION;-0,386754016948652
27;40;0;ROLL_LEFT;-0,2976474971902
27;40;0;ROLL_RIGHT;-0,297599997368455
27;40;0;NO_ACTION;-0,372090767452933
27;20;0;ROLL_LEFT;-0,269101597032976
27;20;0;ROLL_RIGHT;-0,406166971300981
27;20;0;NO_ACTION;-0,409509986680597
28;20;0;ROLL_LEFT;-0,382843214164063
28;20;0;ROLL_RIGHT;-0,309250297783136
28;20;0;NO_ACTION;-0,427559986765534
28;40;0;ROLL_LEFT;-0,297557247166913
28;40;0;ROLL_RIGHT;-0,298412247362863
28;40;0;NO_ACTION;-0,280499997526407
29;40;0;ROLL_LEFT;-0,21370326122901
29;40;0;ROLL_RIGHT;-0,228620429919641
29;40;0;NO_ACTION;-0,396911613044306
29;20;0;ROLL_LEFT;-0,725430532616447
29;20;0;ROLL_RIGHT;-0,466894260244921
29;20;0;NO_ACTION;-0,343899992655218
29;0;0;ROLL_LEFT;-1,18199720397883
29;0;0;ROLL_RIGHT;-1,33550464864618
29;0;0;NO_ACTION;-1,22388679572596
30;20;0;ROLL_LEFT;-0,350825492224321
30;20;0;ROLL_RIGHT;-0,306818430404669
30;20;0;NO_ACTION;-0,343899992655218
30;-40;0;ROLL_LEFT;-0,29850249738615
30;-40;0;ROLL_RIGHT;-0,298412247362863
30;-40;0;NO_ACTION;-0,379986906148006
25;-40;0;ROLL_LEFT;-0,297599997368455
25;-40;0;ROLL_RIGHT;-0,297599997368455
25;-40;0;NO_ACTION;-0,378112516440373
21;-40;0;ROLL_LEFT;-1,32794909624688
21;-40;0;ROLL_RIGHT;-1,52421418559201
21;-40;0;NO_ACTION;-1,44426556803711
24;20;0;ROLL_LEFT;-0,295680916074916
24;20;0;ROLL_RIGHT;-0,306928522086826
24;20;0;NO_ACTION;-0,343899992655218
25;20;0;ROLL_LEFT;-0,190000000447035
25;20;0;ROLL_RIGHT;-0,224213774796159
25;20;0;NO_ACTION;-0,409509986680597
24;0;0;ROLL_LEFT;-1,18042024821778
24;0;0;ROLL_RIGHT;-1,33135814194431
24;0;0;NO_ACTION;-1,33641556144592
26;20;0;ROLL_LEFT;-0,626366651555666
26;20;0;ROLL_RIGHT;-0,217545487771031
26;20;0;NO_ACTION;-0,190000000447035
29;-80;0;ROLL_LEFT;-0,406291800178067
29;-80;0;ROLL_RIGHT;-0,311302847156111
29;-80;0;NO_ACTION;-0,414097104419325
28;-100;0;ROLL_LEFT;-0,297599997368455
28;-100;0;ROLL_RIGHT;-0,387647491961867
28;-100;0;NO_ACTION;-0,461769248189805
27;-100;0;ROLL_LEFT;-0,403216326765917
27;-100;0;ROLL_RIGHT;-0,322485484057662
27;-100;0;NO_ACTION;-0,380807729894646
25;-100;0;ROLL_LEFT;-0,29099332966416
25;-100;0;ROLL_RIGHT;-0,316641835052075
25;-100;0;NO_ACTION;-0,316468605652429
24;-120;0;ROLL_LEFT;-0,367382271788462
24;-120;0;ROLL_RIGHT;-0,388379459957828
24;-120;0;NO_ACTION;-0,376787488462432
22;-140;0;ROLL_LEFT;-0,137789446007439
22;-140;0;ROLL_RIGHT;-0,436879802024356
22;-140;0;NO_ACTION;-0,321314632017422
30;0;0;ROLL_LEFT;-1,92872071703206
30;0;0;ROLL_RIGHT;-1,83619170703706
30;0;0;NO_ACTION;-1,82831906552083
29;-60;0;ROLL_LEFT;-0,306197497111223
29;-60;0;ROLL_RIGHT;-0,403114655161664
29;-60;0;NO_ACTION;-0,486567153021611
27;-60;0;ROLL_LEFT;-0,588223973081418
27;-60;0;ROLL_RIGHT;-0,398441699172735
27;-60;0;NO_ACTION;-0,429593091182696
26;-60;0;ROLL_LEFT;-0,471092831697237
26;-60;0;ROLL_RIGHT;-0,494024122527794
26;-60;0;NO_ACTION;-0,645215301111839
25;-60;0;ROLL_LEFT;-0,404191263634379
25;-60;0;ROLL_RIGHT;-0,412621616984479
25;-60;0;NO_ACTION;-0,481385899441661
24;-60;0;ROLL_LEFT;-0,408518066303732
24;-60;0;ROLL_RIGHT;-0,419081551916734
24;-60;0;NO_ACTION;-0,489032292256929
23;-80;0;ROLL_LEFT;-0,479082957177399
23;-80;0;ROLL_RIGHT;-0,407756891872074
23;-80;0;NO_ACTION;-0,384833973659566
22;-80;0;ROLL_LEFT;-0,372092187653092
22;-80;0;ROLL_RIGHT;-0,523537185714246
22;-80;0;NO_ACTION;-0,368331586060539
21;-80;0;ROLL_LEFT;-0,861767162376301
21;-80;0;ROLL_RIGHT;-0,948390308612166
21;-80;0;NO_ACTION;-0,884973353690009
23;-60;0;ROLL_LEFT;-0,324659115908354
23;-60;0;ROLL_RIGHT;-0,343549286387746
23;-60;0;NO_ACTION;-0,422541926018686
22;-60;0;ROLL_LEFT;-0,47000565629468
22;-60;0;ROLL_RIGHT;-0,552428432895831
22;-60;0;NO_ACTION;-0,557326393342937
21;-100;0;ROLL_LEFT;-0,282092229715389
21;-100;0;ROLL_RIGHT;-0,258535149000138
21;-100;0;NO_ACTION;0,865487374826288
28;-80;0;ROLL_LEFT;-0,406376294483951
28;-80;0;ROLL_RIGHT;-0,422457194727446
28;-80;0;NO_ACTION;-0,479917333223846
27;-80;0;ROLL_LEFT;-0,308797148345981
27;-80;0;ROLL_RIGHT;-0,381538754870249
27;-80;0;NO_ACTION;-0,391640096065996
26;-120;0;ROLL_LEFT;-0,245663499457576
26;-120;0;ROLL_RIGHT;-0,219266740845798
26;-120;0;NO_ACTION;-0,31711937810679
23;-120;0;ROLL_LEFT;-0,214441424344607
23;-120;0;ROLL_RIGHT;-0,221022026267984
23;-120;0;NO_ACTION;-0,392418294152961
29;-100;0;ROLL_LEFT;-0,403084753733528
29;-100;0;ROLL_RIGHT;-0,391832847048174
29;-100;0;NO_ACTION;-0,40621386264746
26;-100;0;ROLL_LEFT;-0,290932474852517
26;-100;0;ROLL_RIGHT;-0,388601608678861
26;-100;0;NO_ACTION;-0,372300480175164
25;-140;0;ROLL_LEFT;-0,376539153869081
25;-140;0;ROLL_RIGHT;-0,398402044991403
25;-140;0;NO_ACTION;-0,386459626429813
23;-140;0;ROLL_LEFT;-0,240139746902805
23;-140;0;ROLL_RIGHT;-0,286604928347428
23;-140;0;NO_ACTION;0,543157824279562
21;-140;0;ROLL_LEFT;-0,156530114280804
21;-140;0;ROLL_RIGHT;0,243474647014788
21;-140;0;NO_ACTION;6,64845450878109
23;0;0;ROLL_LEFT;-1,30252093518836
23;0;0;ROLL_RIGHT;-1,46714234196699
23;0;0;NO_ACTION;-2,02059829205879
25;-80;0;ROLL_LEFT;-0,379909742398355
25;-80;0;ROLL_RIGHT;-0,333082353512409
25;-80;0;NO_ACTION;-0,406713373780735
24;-80;0;ROLL_LEFT;-0,494982667997799
24;-80;0;ROLL_RIGHT;-0,392948491542153
24;-80;0;NO_ACTION;-0,413823077485794
23;-100;0;ROLL_LEFT;-0,202307645783054
23;-100;0;ROLL_RIGHT;-0,290278396271811
23;-100;0;NO_ACTION;-0,209173724580224
28;-200;0;ROLL_LEFT;-0,576966592899508
28;-200;0;ROLL_RIGHT;-0,52586369953655
28;-200;0;NO_ACTION;-0,507770695685488
26;-200;0;ROLL_LEFT;-0,41365343149504
26;-200;0;ROLL_RIGHT;-0,424303108912093
26;-200;0;NO_ACTION;-0,400077604254969
23;-180;0;ROLL_LEFT;0,700769971193502
23;-180;0;ROLL_RIGHT;-0,272833185155064
23;-180;0;NO_ACTION;-0,14716950211079
30;-200;0;ROLL_LEFT;-0,839590631488363
30;-200;0;ROLL_RIGHT;-0,813793625381139
30;-200;0;NO_ACTION;-0,823785387060344
27;-200;0;ROLL_LEFT;-0,688678147434999
27;-200;0;ROLL_RIGHT;-0,236925261072363
27;-200;0;NO_ACTION;-0,685516737760491
25;-180;0;ROLL_LEFT;-0,498108829022185
25;-180;0;ROLL_RIGHT;-0,541561181409185
25;-180;0;NO_ACTION;-0,481326289798597
22;-180;0;ROLL_LEFT;2,03811795836172
22;-180;0;ROLL_RIGHT;-0,442162660951365
22;-180;0;NO_ACTION;-0,458003109878615
22;120;0;ROLL_LEFT;-0,100000001490116
22;120;0;ROLL_RIGHT;-0,100000001490116
22;120;0;NO_ACTION;-0,199500000610947
23;120;0;ROLL_LEFT;-0,209935796858306
23;120;0;ROLL_RIGHT;-0,109500001654029
23;120;0;NO_ACTION;-0,227711413928639
25;100;0;ROLL_LEFT;-0,305342496915273
25;100;0;ROLL_RIGHT;-0,299400484882441
25;100;0;NO_ACTION;-0,314800866009093
26;100;0;ROLL_LEFT;-0,305342496915273
26;100;0;ROLL_RIGHT;-0,372274857676759
26;100;0;NO_ACTION;-0,281511778349155
27;120;0;ROLL_LEFT;-0,100000001490116
27;120;0;ROLL_RIGHT;0
27;120;0;NO_ACTION;-0,100000001490116
29;120;0;ROLL_LEFT;-0,319723106452378
29;120;0;ROLL_RIGHT;-0,209764750544075
29;120;0;NO_ACTION;-0,209850488045958
30;-120;0;ROLL_LEFT;-0,354302492836826
30;-120;0;ROLL_RIGHT;-0,323913120063159
30;-120;0;NO_ACTION;-0,289049997447431
28;-120;0;ROLL_LEFT;-0,109500001654029
28;-120;0;ROLL_RIGHT;-0,20886225052638
28;-120;0;NO_ACTION;-0,209970042070088
24;-200;0;ROLL_LEFT;-0,106673296983487
24;-200;0;ROLL_RIGHT;-0,424947544207816
24;-200;0;NO_ACTION;-0,288199113411468
21;-200;0;ROLL_LEFT;-0,362957058219229
21;-200;0;ROLL_RIGHT;2,50127820278042
21;-200;0;NO_ACTION;-0,103466753483087
21;180;0;ROLL_LEFT;-0,199500000610947
21;180;0;ROLL_RIGHT;-0,199500000610947
21;180;0;NO_ACTION;-0,109500001654029
23;180;0;ROLL_LEFT;-0,100000001490116
23;180;0;ROLL_RIGHT;-0,100000001490116
23;180;0;NO_ACTION;-0,100000001490116
25;180;0;ROLL_LEFT;-0,100000001490116
25;180;0;ROLL_RIGHT;0
25;180;0;NO_ACTION;-0,100000001490116
29;180;0;ROLL_LEFT;-0,200402500628643
29;180;0;ROLL_RIGHT;-0,111214751666132
29;180;0;NO_ACTION;-0,109500001654029
23;-20;0;ROLL_LEFT;-0,41375439687406
23;-20;0;ROLL_RIGHT;-0,550718316003775
23;-20;0;NO_ACTION;-0,315474460375589
21;-20;0;ROLL_LEFT;-0,26988107328797
21;-20;0;ROLL_RIGHT;-0,100000001490116
21;-20;0;NO_ACTION;-0,38822897823934
27;-180;0;ROLL_LEFT;-0,414631637564636
27;-180;0;ROLL_RIGHT;-0,398213357190144
27;-180;0;NO_ACTION;0,0705796691250768
24;-180;0;ROLL_LEFT;-0,33082668024769
24;-180;0;ROLL_RIGHT;-0,324552058340734
24;-180;0;NO_ACTION;2,12479406678386
22;-160;0;ROLL_LEFT;0,207779498523971
22;-160;0;ROLL_RIGHT;0,0346183701566622
22;-160;0;NO_ACTION;-0,228452523889289
29;-140;0;ROLL_LEFT;-0,209451589278573
29;-140;0;ROLL_RIGHT;-0,280499997526407
29;-140;0;NO_ACTION;-0,216557250251453
27;-160;0;ROLL_LEFT;-0,279549997283518
27;-160;0;ROLL_RIGHT;-0,361296483521626
27;-160;0;NO_ACTION;-0,324870181137079
22;180;0;ROLL_LEFT;-0,100000001490116
22;180;0;ROLL_RIGHT;0
22;180;0;NO_ACTION;-0,100000001490116
24;160;0;ROLL_LEFT;-0,190000000447035
24;160;0;ROLL_RIGHT;-0,198550000368059
24;160;0;NO_ACTION;-0,354302492836826
26;140;0;ROLL_LEFT;-0,190000000447035
26;140;0;ROLL_RIGHT;-0,190000000447035
26;140;0;NO_ACTION;-0,289049997447431
28;140;0;ROLL_LEFT;-0,190000000447035
28;140;0;ROLL_RIGHT;-0,200488238130525
28;140;0;NO_ACTION;-0,190000000447035
29;140;0;ROLL_LEFT;-0,24255248387444
29;140;0;ROLL_RIGHT;-0,128276513789715
29;140;0;NO_ACTION;-0,229114871666659
27;-120;0;ROLL_LEFT;-0,413371473679373
27;-120;0;ROLL_RIGHT;-0,3163325161066
27;-120;0;NO_ACTION;-0,317456210007433
25;-120;0;ROLL_LEFT;-0,208050000531971
25;-120;0;ROLL_RIGHT;-0,226353357347314
25;-120;0;NO_ACTION;-0,307009552032699
29;-160;0;ROLL_LEFT;-0,320981120773115
29;-160;0;ROLL_RIGHT;-0,403566813721787
29;-160;0;NO_ACTION;-0,413044903465444
27;-140;0;ROLL_LEFT;-0,100000001490116
27;-140;0;ROLL_RIGHT;-0,129329491742528
27;-140;0;NO_ACTION;-0,297541456272853
29;-20;0;ROLL_LEFT;0
29;-20;0;ROLL_RIGHT;-0,100000001490116
29;-20;0;NO_ACTION;-0,409509986680597
28;-20;0;ROLL_LEFT;-0,297557247166913
28;-20;0;ROLL_RIGHT;-0,378071017165903
28;-20;0;NO_ACTION;-0,270999997362494
27;0;0;ROLL_LEFT;-1,16023364668297
27;0;0;ROLL_RIGHT;-1,36503815417023
27;0;0;NO_ACTION;-1,40524733830999
22;-100;0;ROLL_LEFT;-0,403725397421245
22;-100;0;ROLL_RIGHT;-0,328147200471087
22;-100;0;NO_ACTION;-0,251311613632539
27;60;0;ROLL_LEFT;-0,21819077524475
27;60;0;ROLL_RIGHT;-0,300045772356161
27;60;0;NO_ACTION;-0,29919077216021
28;60;0;ROLL_LEFT;-0,208952500549667
28;60;0;ROLL_RIGHT;-0,327188817823683
28;60;0;NO_ACTION;-0,39779364101839
30;-100;0;ROLL_LEFT;-0,316557311860502
30;-100;0;ROLL_RIGHT;-0,242904549429961
30;-100;0;NO_ACTION;-0,317158120049627
29;-120;0;ROLL_LEFT;-0,307999950349861
29;-120;0;ROLL_RIGHT;-0,371512951100263
29;-120;0;NO_ACTION;-0,40105154413001
21;0;0;ROLL_LEFT;-1,03286556732441
21;0;0;ROLL_RIGHT;-0,499466314241517
21;0;0;NO_ACTION;-0,294170496577695
23;-200;0;ROLL_LEFT;-0,519539123516803
23;-200;0;ROLL_RIGHT;1,35010736691353
23;-200;0;NO_ACTION;-0,494900378483423
23;140;0;ROLL_LEFT;-0,199500000610947
23;140;0;ROLL_RIGHT;-0,200402500628643
23;140;0;NO_ACTION;-0,190000000447035
25;120;0;ROLL_LEFT;-0,100000001490116
25;120;0;ROLL_RIGHT;-0,100000001490116
25;120;0;NO_ACTION;-0,216743619453127
28;100;0;ROLL_LEFT;-0,208050000531971
28;100;0;ROLL_RIGHT;-0,110650325915035
28;100;0;NO_ACTION;-0,301167534724598
29;100;0;ROLL_LEFT;-0,221560546514508
29;100;0;ROLL_RIGHT;-0,282455241225588
29;100;0;NO_ACTION;-0,21819077524475
30;100;0;ROLL_LEFT;-0,120581514064641
30;100;0;ROLL_RIGHT;-0,12745975131223
30;100;0;NO_ACTION;-0,229321399607955
25;-160;0;ROLL_LEFT;-0,224088882301391
25;-160;0;ROLL_RIGHT;0
25;-160;0;NO_ACTION;-0,200093849849179
28;-180;0;ROLL_LEFT;-0,28509873669323
28;-180;0;ROLL_RIGHT;-0,325670792905236
28;-180;0;NO_ACTION;-0,411071435053332
21;-180;0;ROLL_LEFT;5,26506971654637
21;-180;0;ROLL_RIGHT;-0,148284824602016
21;-180;0;NO_ACTION;-0,156461042362596
26;-180;0;ROLL_LEFT;-0,332061179929619
26;-180;0;ROLL_RIGHT;-0,293119123496147
26;-180;0;NO_ACTION;-0,316289824243647
21;120;0;ROLL_LEFT;-0,208952500549667
21;120;0;ROLL_RIGHT;-0,190000000447035
21;120;0;NO_ACTION;-0,289049997447431
24;140;0;ROLL_LEFT;-0,109500001654029
24;140;0;ROLL_RIGHT;-0,118050001575053
24;140;0;NO_ACTION;-0,208050000531971
30;120;0;ROLL_LEFT;-0,228276281273667
30;120;0;ROLL_RIGHT;-0,110402501671724
30;120;0;NO_ACTION;-0,198550000368059
24;-100;0;ROLL_LEFT;-0,218921935728728
24;-100;0;ROLL_RIGHT;-0,12745975131223
24;-100;0;NO_ACTION;-0,111265553154949
27;160;0;ROLL_LEFT;-0,112186270328811
27;160;0;ROLL_RIGHT;0
27;160;0;NO_ACTION;-0,199500000610947
29;160;0;ROLL_LEFT;-0,109500001654029
29;160;0;ROLL_RIGHT;-0,12165410120167
29;160;0;NO_ACTION;-0,100000001490116
29;-180;0;ROLL_LEFT;-0,224415335481378
29;-180;0;ROLL_RIGHT;-0,118862251569461
29;-180;0;NO_ACTION;-0,109500001654029
21;-160;0;ROLL_LEFT;-0,0149576515801319
21;-160;0;ROLL_RIGHT;0
21;-160;0;NO_ACTION;3,05753616479193
23;80;0;ROLL_LEFT;-0,109500001654029
23;80;0;ROLL_RIGHT;-0,200402500628643
23;80;0;NO_ACTION;-0,217680877341156
24;80;0;ROLL_LEFT;-0,201377651874584
24;80;0;ROLL_RIGHT;-0,217502500470691
24;80;0;NO_ACTION;-0,299442925389628
25;80;0;ROLL_LEFT;-0,41475767717647
25;80;0;ROLL_RIGHT;-0,333963644752651
25;80;0;NO_ACTION;-0,398625237913338
29;80;0;ROLL_LEFT;-0,223572999843843
29;80;0;ROLL_RIGHT;-0,282214747538511
29;80;0;NO_ACTION;-0,199500000610947
30;80;0;ROLL_LEFT;-0,241865667142022
30;80;0;ROLL_RIGHT;-0,118050001575053
30;80;0;NO_ACTION;-0,228654296338468
24;-160;0;ROLL_LEFT;-0,161481208713606
24;-160;0;ROLL_RIGHT;-0,0712920741308258
24;-160;0;NO_ACTION;-0,173805923158402
30;-20;0;ROLL_LEFT;-0,100000001490116
30;-20;0;ROLL_RIGHT;-0,577510418823997
30;-20;0;NO_ACTION;-0,190000000447035
22;-20;0;ROLL_LEFT;-0,406620410128245
22;-20;0;ROLL_RIGHT;-0,227051688554494
22;-20;0;NO_ACTION;-0,118050001575053
21;60;0;ROLL_LEFT;-0,208050000531971
21;60;0;ROLL_RIGHT;-0,281496380108683
21;60;0;NO_ACTION;-0,302347976891364
22;60;0;ROLL_LEFT;-0,209764750544075
22;60;0;ROLL_RIGHT;-0,317942420376299
22;60;0;NO_ACTION;-0,289952497465126
23;60;0;ROLL_LEFT;-0,216600000452995
23;60;0;ROLL_RIGHT;-0,219204164209157
23;60;0;NO_ACTION;-0,317303113969559
30;40;0;ROLL_LEFT;-0,387827649563912
30;40;0;ROLL_RIGHT;-0,211570896690435
30;40;0;NO_ACTION;-0,214790938381896
30;-80;0;ROLL_LEFT;-0,332961406220159
30;-80;0;ROLL_RIGHT;-0,430124260263234
30;-80;0;NO_ACTION;-0,587263379404215
26;-80;0;ROLL_LEFT;-0,316492148071055
26;-80;0;ROLL_RIGHT;-0,226141474316583
26;-80;0;NO_ACTION;-0,243295286822797
24;180;0;ROLL_LEFT;-0,100000001490116
24;180;0;ROLL_RIGHT;-0,109500001654029
24;180;0;NO_ACTION;-0,100000001490116
26;180;0;ROLL_LEFT;-0,190000000447035
26;180;0;ROLL_RIGHT;-0,100000001490116
26;180;0;NO_ACTION;-0,200402500628643
28;180;0;ROLL_LEFT;-0,100000001490116
28;180;0;ROLL_RIGHT;0
28;180;0;NO_ACTION;-0,101340502149572
30;-180;0;ROLL_LEFT;-0,227937891164276
30;-180;0;ROLL_RIGHT;-0,234914296445421
30;-180;0;NO_ACTION;-0,401382247089998
21;160;0;ROLL_LEFT;-0,209850488045958
21;160;0;ROLL_RIGHT;-0,100000001490116
21;160;0;NO_ACTION;-0,134635816568386
28;0;0;ROLL_LEFT;-1,71344463720756
28;0;0;ROLL_RIGHT;-2,14209073258321
28;0;0;NO_ACTION;-2,48635500476516
21;100;0;ROLL_LEFT;-0,198550000368059
21;100;0;ROLL_RIGHT;-0,307095484607515
21;100;0;NO_ACTION;-0,199500000610947
22;100;0;ROLL_LEFT;-0,210923247144348
22;100;0;ROLL_RIGHT;-0,100000001490116
22;100;0;NO_ACTION;-0,190000000447035
24;120;0;ROLL_LEFT;-0,110402501671724
24;120;0;ROLL_RIGHT;-0,109500001654029
24;120;0;NO_ACTION;-0,212040679437439
27;-20;0;ROLL_LEFT;-0,312220496662632
27;-20;0;ROLL_RIGHT;-0,495042667747777
27;-20;0;NO_ACTION;-0,454435153337758
28;-140;0;ROLL_LEFT;-0,389700450220654
28;-140;0;ROLL_RIGHT;-0,316332553541469
28;-140;0;NO_ACTION;-0,31290821932282
22;160;0;ROLL_LEFT;0
22;160;0;ROLL_RIGHT;-0,109500001654029
22;160;0;NO_ACTION;-0,118050001575053
23;-160;0;ROLL_LEFT;1,16403325940736
23;-160;0;ROLL_RIGHT;-0,100000001490116
23;-160;0;NO_ACTION;-0,106169545741593
22;140;0;ROLL_LEFT;-0,289049997447431
22;140;0;ROLL_RIGHT;-0,208952500549667
22;140;0;NO_ACTION;-0,226646463873331
22;0;0;ROLL_LEFT;-0,390017768634567
22;0;0;ROLL_RIGHT;-0,42162270679189
22;0;0;NO_ACTION;-0,584973388158689
23;100;0;ROLL_LEFT;-0,208952500549667
23;100;0;ROLL_RIGHT;-0,200402500628643
23;100;0;NO_ACTION;-0,200402500628643
24;100;0;ROLL_LEFT;-0,220244701558789
24;100;0;ROLL_RIGHT;-0,226993046498812
24;100;0;NO_ACTION;-0,320591982054401
22;200;0;ROLL_LEFT;0
22;200;0;ROLL_RIGHT;0
22;200;0;NO_ACTION;-0,100000001490116
24;200;0;ROLL_LEFT;-0,100000001490116
24;200;0;ROLL_RIGHT;0
24;200;0;NO_ACTION;0
27;200;0;ROLL_LEFT;0
27;200;0;ROLL_RIGHT;-0,109500001654029
27;200;0;NO_ACTION;0
27;100;0;ROLL_LEFT;-0,109500001654029
27;100;0;ROLL_RIGHT;-0,120728125187137
27;100;0;NO_ACTION;-0,225429848820143
26;-160;0;ROLL_LEFT;-0,129996765459645
26;-160;0;ROLL_RIGHT;-0,187465848176601
26;-160;0;NO_ACTION;-0,203634662305543
25;140;0;ROLL_LEFT;-0,208050000531971
25;140;0;ROLL_RIGHT;-0,110488239173607
25;140;0;NO_ACTION;-0,100000001490116
30;140;0;ROLL_LEFT;-0,118050001575053
30;140;0;ROLL_RIGHT;-0,153269276702741
30;140;0;NO_ACTION;-0,110402501671724
21;140;0;ROLL_LEFT;-0,100000001490116
21;140;0;ROLL_RIGHT;0
21;140;0;NO_ACTION;-0,118050001575053
23;160;0;ROLL_LEFT;0
23;160;0;ROLL_RIGHT;0
23;160;0;NO_ACTION;-0,100000001490116
27;140;0;ROLL_LEFT;-0,110488239173607
27;140;0;ROLL_RIGHT;-0,111524264040161
27;140;0;NO_ACTION;-0,110402501671724
28;120;0;ROLL_LEFT;-0,119927652838689
28;120;0;ROLL_RIGHT;-0,110402501671724
28;120;0;NO_ACTION;-0,110488239173607
30;-140;0;ROLL_LEFT;-0,209869990740975
30;-140;0;ROLL_RIGHT;-0,217605206592566
30;-140;0;NO_ACTION;-0,218400487966981
28;160;0;ROLL_LEFT;-0,100000001490116
28;160;0;ROLL_RIGHT;-0,12165410120167
28;160;0;NO_ACTION;-0,100000001490116
30;160;0;ROLL_LEFT;0
30;160;0;ROLL_RIGHT;-0,118050001575053
30;160;0;NO_ACTION;-0,195000001713634
26;160;0;ROLL_LEFT;-0,109500001654029
26;160;0;ROLL_RIGHT;-0,109500001654029
26;160;0;NO_ACTION;-0,109500001654029
21;80;0;ROLL_LEFT;0
21;80;0;ROLL_RIGHT;-0,100000001490116
21;80;0;NO_ACTION;-0,100000001490116
22;80;0;ROLL_LEFT;-0,110402501671724
22;80;0;ROLL_RIGHT;0
22;80;0;NO_ACTION;-0,208952500549667
21;200;0;ROLL_LEFT;-0,109500001654029
21;200;0;ROLL_RIGHT;0
21;200;0;NO_ACTION;-0,100000001490116
27;180;0;ROLL_LEFT;0
27;180;0;ROLL_RIGHT;0
27;180;0;NO_ACTION;-0,100000001490116
30;180;0;ROLL_LEFT;-0,119850489089039
30;180;0;ROLL_RIGHT;0
30;180;0;NO_ACTION;0
29;200;0;ROLL_LEFT;0
29;200;0;ROLL_RIGHT;0
29;200;0;NO_ACTION;-0,166939300005551
31;0;0;ROLL_LEFT;-1
31;0;0;ROLL_RIGHT;-1
31;0;0;NO_ACTION;-1
