Distance;Current_Velocity;Target_Velocity;Move;Value;Times
25;-200;-160;ROLL_LEFT;61,5887525858166;116
25;-200;-160;ROLL_RIGHT;48,3101951342343;46
17;-200;-160;ROLL_LEFT;78,1052463194798;38
17;-200;-160;ROLL_RIGHT;113,389328369356;127
12;-180;-160;ROLL_LEFT;147,922923601205;215
12;-180;-160;ROLL_RIGHT;136,194013576143;49
10;-180;-160;ROLL_LEFT;145,81537380289;72
10;-180;-160;ROLL_RIGHT;154,636604657414;204
5;-180;-160;ROLL_LEFT;233,366029007482;174
5;-180;-160;ROLL_RIGHT;194,074975392683;85
3;-180;-160;ROLL_LEFT;142,801681395794;123
3;-180;-160;ROLL_RIGHT;289,914602697766;115
1;-160;-160;ROLL_LEFT;500;1
1;-160;-160;ROLL_RIGHT;500;1
22;-200;-160;ROLL_LEFT;87,0322568741223;112
22;-200;-160;ROLL_RIGHT;61,2137594062108;50
20;-200;-160;ROLL_LEFT;105,242392785387;158
20;-200;-160;ROLL_RIGHT;73,8716561815087;42
8;-180;-160;ROLL_LEFT;123,681136483652;21
8;-180;-160;ROLL_RIGHT;148,68148462466;202
6;-180;-160;ROLL_LEFT;159,87125261889;148
6;-180;-160;ROLL_RIGHT;148,521236643589;92
3;-160;-160;ROLL_LEFT;232,900170507867;118
3;-160;-160;ROLL_RIGHT;305,524866266772;337
15;-40;160;ROLL_LEFT;153,521103754432;503
15;-40;160;ROLL_RIGHT;41,6514145473761;74
14;-60;160;ROLL_LEFT;147,086319514902;502
14;-60;160;ROLL_RIGHT;35,1134437192435;76
13;-40;160;ROLL_LEFT;150,918545885178;574
13;-40;160;ROLL_RIGHT;41,1671891781563;100
12;-20;160;ROLL_LEFT;154,910058785488;541
12;-20;160;ROLL_RIGHT;44,0830406218056;103
12;0;160;ROLL_LEFT;159,331877184554;539
12;0;160;ROLL_RIGHT;47,7209600646703;97
12;-40;160;ROLL_LEFT;151,400151385222;575
12;-40;160;ROLL_RIGHT;40,5191846319954;110
11;-40;160;ROLL_LEFT;148,791144583236;585
11;-40;160;ROLL_RIGHT;38,7829473439715;97
10;-60;160;ROLL_LEFT;143,154551715376;594
10;-60;160;ROLL_RIGHT;34,0399181799705;101
9;-60;160;ROLL_LEFT;144,530566627017;591
9;-60;160;ROLL_RIGHT;32,0292274295276;110
8;-40;160;ROLL_LEFT;146,275163192587;624
8;-40;160;ROLL_RIGHT;34,807664180195;113
7;-40;160;ROLL_LEFT;144,305677300229;554
7;-40;160;ROLL_RIGHT;33,8428070032532;103
5;-60;160;ROLL_LEFT;136,31660216575;623
5;-60;160;ROLL_RIGHT;24,4279357567268;82
4;-80;160;ROLL_LEFT;132,852046909658;589
4;-80;160;ROLL_RIGHT;20,5013887664446;109
3;-80;160;ROLL_LEFT;130,148809567184;602
3;-80;160;ROLL_RIGHT;17,6965276517386;82
2;-80;160;ROLL_LEFT;127,678419780382;495
2;-80;160;ROLL_RIGHT;16,6266804339307;96
1;-80;160;ROLL_LEFT;124,692787998564;414
1;-80;160;ROLL_RIGHT;15,167642310106;77
1;100;-160;ROLL_LEFT;9,11790473838411;80
1;100;-160;ROLL_RIGHT;121,699384741068;378
2;100;-160;ROLL_LEFT;8,42460140302864;61
2;100;-160;ROLL_RIGHT;121,330066187159;313
4;120;-160;ROLL_LEFT;3,20453428898497;76
4;120;-160;ROLL_RIGHT;117,676373256335;360
5;120;-160;ROLL_LEFT;98,28510775831;55
5;120;-160;ROLL_RIGHT;104,449296242808;299
6;100;-160;ROLL_LEFT;-8,95618460448978;24
6;100;-160;ROLL_RIGHT;112,891608600246;143
8;80;-160;ROLL_LEFT;-21,7005276622828;18
8;80;-160;ROLL_RIGHT;99,95610926488;95
9;60;-160;ROLL_LEFT;-13,2178000315144;32
9;60;-160;ROLL_RIGHT;99,0088351055928;213
10;60;-160;ROLL_LEFT;-16,7733380800737;52
10;60;-160;ROLL_RIGHT;95,9574931572913;305
11;80;-160;ROLL_LEFT;89,1904261694594;208
11;80;-160;ROLL_RIGHT;94,2141733707191;74
12;80;-160;ROLL_LEFT;106,864839044653;426
12;80;-160;ROLL_RIGHT;-7,43862506376584;73
13;80;-160;ROLL_LEFT;107,042877096759;644
13;80;-160;ROLL_RIGHT;-3,57868966192886;145
14;80;-160;ROLL_LEFT;105,596667709809;738
14;80;-160;ROLL_RIGHT;-9,21917248632502;128
15;80;-160;ROLL_LEFT;101,728015921476;820
15;80;-160;ROLL_RIGHT;-8,84786728437538;154
16;60;-160;ROLL_LEFT;96,0356311394186;1256
16;60;-160;ROLL_RIGHT;-16,0563169402212;223
17;80;-160;ROLL_LEFT;97,518484066611;1078
17;80;-160;ROLL_RIGHT;-14,2736605087901;182
18;80;-160;ROLL_LEFT;92,2114140215723;1069
18;80;-160;ROLL_RIGHT;-19,237658968715;206
20;60;-160;ROLL_LEFT;80,4981920082514;1087
20;60;-160;ROLL_RIGHT;-29,2323414308653;205
21;80;-160;ROLL_LEFT;77,7382959735703;817
21;80;-160;ROLL_RIGHT;-34,5744416034597;151
22;80;-160;ROLL_LEFT;71,3185000385735;834
22;80;-160;ROLL_RIGHT;-39,6861123751898;126
23;80;-160;ROLL_LEFT;64,9003338026558;677
23;80;-160;ROLL_RIGHT;-47,4006579768893;113
24;60;-160;ROLL_LEFT;54,888507011093;829
24;60;-160;ROLL_RIGHT;-54,9249711386743;147
25;-100;-160;ROLL_LEFT;48,9580750837248;95
25;-100;-160;ROLL_RIGHT;52,0338521416476;316
22;-120;-160;ROLL_LEFT;50,4496324103497;83
22;-120;-160;ROLL_RIGHT;72,2194846032313;327
20;-140;-160;ROLL_LEFT;89,4887056625908;226
20;-140;-160;ROLL_RIGHT;78,2889077932081;71
18;-160;-160;ROLL_LEFT;88,4617311649396;44
18;-160;-160;ROLL_RIGHT;112,084057225604;167
17;-160;-160;ROLL_LEFT;84,8673654361248;31
17;-160;-160;ROLL_RIGHT;115,762964797093;153
14;-180;-160;ROLL_LEFT;134,195600600834;172
14;-180;-160;ROLL_RIGHT;115,787556519693;42
23;-200;160;ROLL_LEFT;110,39674507522;77
23;-200;160;ROLL_RIGHT;-25,9025487606702;17
19;-200;160;ROLL_LEFT;123,531709396935;127
19;-200;160;ROLL_RIGHT;-6,79817537151123;15
16;-200;160;ROLL_LEFT;122,147321678246;109
16;-200;160;ROLL_RIGHT;-9,98504977650333;19
14;-200;160;ROLL_LEFT;123,392981197075;143
14;-200;160;ROLL_RIGHT;-9,22923393752116;20
11;-200;160;ROLL_LEFT;116,088564566856;149
11;-200;160;ROLL_RIGHT;-3,71943722977366;23
9;-200;160;ROLL_LEFT;117,614384607568;174
9;-200;160;ROLL_RIGHT;0,134786841774024;36
6;-200;160;ROLL_LEFT;110,67134394064;185
6;-200;160;ROLL_RIGHT;104,825011612571;48
2;-160;160;ROLL_LEFT;123,883840642979;360
2;-160;160;ROLL_RIGHT;8,08463768816166;58
0;-140;160;ROLL_LEFT;120,480192552925;560
0;-140;160;ROLL_RIGHT;8,09219017087376;92
2;140;-160;ROLL_LEFT;104,238233693087;364
2;140;-160;ROLL_RIGHT;103,397418639039;326
4;160;-160;ROLL_LEFT;122,882190526449;643
4;160;-160;ROLL_RIGHT;10,0619707755847;91
6;160;-160;ROLL_LEFT;121,15522458315;809
6;160;-160;ROLL_RIGHT;8,94986594524066;149
8;160;-160;ROLL_LEFT;117,268266329808;979
8;160;-160;ROLL_RIGHT;7,15017676003321;165
10;180;-160;ROLL_LEFT;106,429491008334;667
10;180;-160;ROLL_RIGHT;-6,87993240358514;110
12;160;-160;ROLL_LEFT;103,969321361816;925
12;160;-160;ROLL_RIGHT;-7,99005276242566;159
14;160;-160;ROLL_LEFT;97,033857370678;575
14;160;-160;ROLL_RIGHT;-16,3764543439207;118
16;140;-160;ROLL_LEFT;93,8598522386046;749
16;140;-160;ROLL_RIGHT;-19,5956233947596;120
17;120;-160;ROLL_LEFT;94,3521030234895;833
17;120;-160;ROLL_RIGHT;-18,819924502801;173
19;120;-160;ROLL_LEFT;83,3072632436403;676
19;120;-160;ROLL_RIGHT;-28,1179650040419;115
20;120;-160;ROLL_LEFT;79,0494262090919;573
20;120;-160;ROLL_RIGHT;-37,0252700809584;84
22;120;-160;ROLL_LEFT;71,6544627795025;413
22;120;-160;ROLL_RIGHT;-41,1861456037702;73
24;140;-160;ROLL_LEFT;74,030213060795;168
24;140;-160;ROLL_RIGHT;-49,4404678835997;35
25;140;-160;ROLL_LEFT;78,3383290897006;123
25;140;-160;ROLL_RIGHT;-66,5984516135596;28
25;-140;-160;ROLL_LEFT;51,6033855530943;53
25;-140;-160;ROLL_RIGHT;70,1581924069315;152
24;-160;-160;ROLL_LEFT;48,4239742524364;30
24;-160;-160;ROLL_RIGHT;77,2954473557509;89
22;-180;-160;ROLL_LEFT;89,3120706020726;73
22;-180;-160;ROLL_RIGHT;10,8367134610879;15
19;-180;-160;ROLL_LEFT;72,5229599720815;24
19;-180;-160;ROLL_RIGHT;105,723358357731;127
16;-140;-160;ROLL_LEFT;103,867890758676;53
16;-140;-160;ROLL_RIGHT;112,050239647511;239
14;-120;-160;ROLL_LEFT;115,574108396477;88
14;-120;-160;ROLL_RIGHT;107,6723043083;279
13;-100;-160;ROLL_LEFT;92,8460910729613;563
13;-100;-160;ROLL_RIGHT;97,3931988112859;271
11;-100;-160;ROLL_LEFT;113,079847358359;680
11;-100;-160;ROLL_RIGHT;114,235762837208;456
10;-100;-160;ROLL_LEFT;122,452171644269;851
10;-100;-160;ROLL_RIGHT;123,316511883846;358
9;-100;-160;ROLL_LEFT;110,229666887787;557
9;-100;-160;ROLL_RIGHT;104,172080702552;597
6;-80;-160;ROLL_LEFT;82,0876878726443;833
6;-80;-160;ROLL_RIGHT;83,8894904007494;281
5;-100;-160;ROLL_LEFT;106,827200937097;466
5;-100;-160;ROLL_RIGHT;114,691375796231;565
3;-120;-160;ROLL_LEFT;136,408487227408;491
3;-120;-160;ROLL_RIGHT;148,429416920076;475
1;-140;-160;ROLL_LEFT;219,514742253662;261
1;-140;-160;ROLL_RIGHT;216,571466847662;535
0;120;160;ROLL_LEFT;140,169924233238;133
0;120;160;ROLL_RIGHT;150,788698110038;659
2;140;160;ROLL_LEFT;164,866623250065;568
2;140;160;ROLL_RIGHT;47,3517238107735;102
4;140;160;ROLL_LEFT;165,841794060982;487
4;140;160;ROLL_RIGHT;48,5548181805191;79
8;160;160;ROLL_LEFT;143,048186796425;246
8;160;160;ROLL_RIGHT;17,4579409388311;56
9;140;160;ROLL_LEFT;161,92307240041;333
9;140;160;ROLL_RIGHT;34,9020160511472;65
11;120;160;ROLL_LEFT;163,467399082775;326
11;120;160;ROLL_RIGHT;40,9112790532675;60
12;100;160;ROLL_LEFT;166,607661597118;365
12;100;160;ROLL_RIGHT;49,9822933908724;73
14;120;160;ROLL_LEFT;150,906309496847;267
14;120;160;ROLL_RIGHT;12,19239923884;42
15;100;160;ROLL_LEFT;156,170173534508;297
15;100;160;ROLL_RIGHT;38,8796897832332;56
16;100;160;ROLL_LEFT;153,11054339482;251
16;100;160;ROLL_RIGHT;31,4967545660495;41
17;80;160;ROLL_LEFT;160,673340162652;308
17;80;160;ROLL_RIGHT;34,9985979329625;48
19;60;160;ROLL_LEFT;159,350731443519;314
19;60;160;ROLL_RIGHT;36,3178260602501;44
20;80;160;ROLL_LEFT;142,863314724854;256
20;80;160;ROLL_RIGHT;8,89907515048706;41
22;80;160;ROLL_LEFT;118,263460137267;151
22;80;160;ROLL_RIGHT;-1,00481576612987;30
23;100;160;ROLL_LEFT;103,193065417324;104
23;100;160;ROLL_RIGHT;-21,898889793294;23
25;100;160;ROLL_LEFT;96,4418288384872;106
25;100;160;ROLL_RIGHT;-43,7232364200573;14
24;-140;160;ROLL_LEFT;77,0580211762279;49
24;-140;160;ROLL_RIGHT;-40,2611661188759;10
22;-140;160;ROLL_LEFT;106,016318194504;65
22;-140;160;ROLL_RIGHT;-29,9884806180948;13
20;-160;160;ROLL_LEFT;107,523084076522;52
20;-160;160;ROLL_RIGHT;-41,5771021557642;11
18;-160;160;ROLL_LEFT;119,569281157782;76
18;-160;160;ROLL_RIGHT;-11,0891450559378;17
16;-140;160;ROLL_LEFT;127,117646626272;124
16;-140;160;ROLL_RIGHT;-19,3106417172974;19
14;-120;160;ROLL_LEFT;134,347584370322;224
14;-120;160;ROLL_RIGHT;18,8829747382092;42
12;-120;160;ROLL_LEFT;134,752470400627;298
12;-120;160;ROLL_RIGHT;19,9655100237039;59
10;-140;160;ROLL_LEFT;128,092505184097;273
10;-140;160;ROLL_RIGHT;16,8343130810914;64
8;-120;160;ROLL_LEFT;130,590900552222;423
8;-120;160;ROLL_RIGHT;19,4984461785157;70
7;-140;160;ROLL_LEFT;128,156390662389;354
7;-140;160;ROLL_RIGHT;13,603839260716;65
5;-120;160;ROLL_LEFT;128,210504817867;480
5;-120;160;ROLL_RIGHT;14,6073090544114;78
3;-120;160;ROLL_LEFT;126,929973758676;527
3;-120;160;ROLL_RIGHT;14,8865343181873;106
2;-140;160;ROLL_LEFT;120,220766265162;524
2;-140;160;ROLL_RIGHT;9,40579607225379;106
3;140;-160;ROLL_LEFT;109,044610456135;551
3;140;-160;ROLL_RIGHT;108,536237872318;157
5;140;-160;ROLL_LEFT;122,818692530088;581
5;140;-160;ROLL_RIGHT;10,9761093614811;82
7;160;-160;ROLL_LEFT;119,738328147807;790
7;160;-160;ROLL_RIGHT;6,80133417765424;130
11;140;-160;ROLL_LEFT;112,859810895867;822
11;140;-160;ROLL_RIGHT;1,5912883368146;167
12;120;-160;ROLL_LEFT;112,607156392535;682
12;120;-160;ROLL_RIGHT;-0,0446463826340039;118
14;120;-160;ROLL_LEFT;107,02151464004;891
14;120;-160;ROLL_RIGHT;-5,17712755795348;175
15;120;-160;ROLL_LEFT;102,204207996889;943
15;120;-160;ROLL_RIGHT;-8,72187968403303;165
18;120;-160;ROLL_LEFT;88,2297170687377;750
18;120;-160;ROLL_RIGHT;-24,9035329514959;140
21;120;-160;ROLL_LEFT;73,6134658255701;517
21;120;-160;ROLL_RIGHT;-39,4629564032533;84
24;120;-160;ROLL_LEFT;72,3519866917442;318
24;120;-160;ROLL_RIGHT;-45,5246836732701;53
25;-160;-160;ROLL_LEFT;27,6670198879302;22
25;-160;-160;ROLL_RIGHT;66,594442334878;78
23;-160;-160;ROLL_LEFT;80,5114594626758;100
23;-160;-160;ROLL_RIGHT;61,6039236644808;44
21;-180;-160;ROLL_LEFT;75,7488861534996;40
21;-180;-160;ROLL_RIGHT;97,1541603055001;109
16;-180;-160;ROLL_LEFT;124,867049794866;203
16;-180;-160;ROLL_RIGHT;110,922898964719;45
12;-160;-160;ROLL_LEFT;146,881258382263;197
12;-160;-160;ROLL_RIGHT;140,045993216667;49
9;-140;-160;ROLL_LEFT;182,671888124381;88
9;-140;-160;ROLL_RIGHT;183,057877253886;377
5;-140;-160;ROLL_LEFT;249,206045506953;438
5;-140;-160;ROLL_RIGHT;198,951588473651;252
3;-140;-160;ROLL_LEFT;308,071198084865;409
3;-140;-160;ROLL_RIGHT;243,186631467553;374
1;180;160;ROLL_LEFT;115,840015657578;93
1;180;160;ROLL_RIGHT;96,764210033642;161
3;160;160;ROLL_LEFT;150,899678895568;245
3;160;160;ROLL_RIGHT;34,0158704716336;49
7;160;160;ROLL_LEFT;148,427901129241;309
7;160;160;ROLL_RIGHT;20,9386538791281;56
9;160;160;ROLL_LEFT;133,2096998852;253
9;160;160;ROLL_RIGHT;9,82598473965546;42
13;120;160;ROLL_LEFT;153,972444152788;281
13;120;160;ROLL_RIGHT;25,5893840421135;49
16;120;160;ROLL_LEFT;135,355170163634;214
16;120;160;ROLL_RIGHT;5,02261863157848;34
17;120;160;ROLL_LEFT;122,253133075378;177
17;120;160;ROLL_RIGHT;-3,19517304112684;34
19;100;160;ROLL_LEFT;128,495688921592;173
19;100;160;ROLL_RIGHT;-0,752803381278444;36
20;100;160;ROLL_LEFT;125,156829381729;138
20;100;160;ROLL_RIGHT;-19,7555719055677;25
21;120;160;ROLL_LEFT;98,6510237308705;104
21;120;160;ROLL_RIGHT;-33,7573798919952;23
24;100;160;ROLL_LEFT;96,279804547315;92
24;100;160;ROLL_RIGHT;-34,6738684027819;16
25;-80;160;ROLL_LEFT;118,377661134376;154
25;-80;160;ROLL_RIGHT;-21,7456441151539;15
24;-100;160;ROLL_LEFT;114,624829457807;124
24;-100;160;ROLL_RIGHT;-16,1332047042421;19
23;-120;160;ROLL_LEFT;112,851572933248;93
23;-120;160;ROLL_RIGHT;-25,390402131478;18
21;-120;160;ROLL_LEFT;121,256525650657;111
21;-120;160;ROLL_RIGHT;-27,4689098022481;19
12;-160;160;ROLL_LEFT;126,175040093424;131
12;-160;160;ROLL_RIGHT;-4,17322295155282;14
8;-160;160;ROLL_LEFT;121,949299440009;218
8;-160;160;ROLL_RIGHT;7,08968129483062;45
6;-180;160;ROLL_LEFT;115,378776750874;282
6;-180;160;ROLL_RIGHT;1,91944135342592;43
4;-180;160;ROLL_LEFT;101,398974678596;56
4;-180;160;ROLL_RIGHT;104,914288947688;302
1;-200;160;ROLL_LEFT;8,89654160178691;48
1;-200;160;ROLL_RIGHT;120,340343072552;297
1;200;-160;ROLL_LEFT;117,457604027774;277
1;200;-160;ROLL_RIGHT;2,2358611427563;33
3;200;-160;ROLL_LEFT;113,300371962109;178
3;200;-160;ROLL_RIGHT;-10,864204096;27
6;200;-160;ROLL_LEFT;106,096529798005;140
6;200;-160;ROLL_RIGHT;-12,6143898492044;31
8;200;-160;ROLL_LEFT;97,6711625974963;112
8;200;-160;ROLL_RIGHT;-19,1762069408032;24
11;200;-160;ROLL_LEFT;67,1662291392567;35
11;200;-160;ROLL_RIGHT;-32,3213213256749;7
13;180;-160;ROLL_LEFT;92,6552100621718;257
13;180;-160;ROLL_RIGHT;-26,4546013536656;40
16;180;-160;ROLL_LEFT;78,0582820591511;140
16;180;-160;ROLL_RIGHT;-40,1739507040761;18
18;180;-160;ROLL_LEFT;62,3087218809524;71
18;180;-160;ROLL_RIGHT;-48,0030607228893;12
20;180;-160;ROLL_LEFT;48,5504997440968;37
20;180;-160;ROLL_RIGHT;-32,7097038945151;6
22;180;-160;ROLL_LEFT;46,9188754770604;38
22;180;-160;ROLL_RIGHT;-30,7790513939389;6
24;180;-160;ROLL_LEFT;49,1811364568879;21
24;180;-160;ROLL_RIGHT;-11,2213157316378;2
25;-180;-160;ROLL_LEFT;56,2161409355814;47
25;-180;-160;ROLL_RIGHT;37,9315165137166;20
23;-180;-160;ROLL_LEFT;50,9930344532174;21
23;-180;-160;ROLL_RIGHT;79,9435394323207;76
20;-180;-160;ROLL_LEFT;99,9875308865834;116
20;-180;-160;ROLL_RIGHT;64,0625883772914;33
18;-200;-160;ROLL_LEFT;67,7074175284878;26
18;-200;-160;ROLL_RIGHT;108,15612937927;101
16;-200;-160;ROLL_LEFT;60,9011854993749;17
16;-200;-160;ROLL_RIGHT;113,182895317674;120
13;-200;-160;ROLL_LEFT;127,780115364734;106
13;-200;-160;ROLL_RIGHT;99,5411579567602;25
11;-200;-160;ROLL_LEFT;82,1046464036857;27
11;-200;-160;ROLL_RIGHT;141,163222201651;87
6;-200;-160;ROLL_LEFT;81,2014265178203;34
6;-200;-160;ROLL_RIGHT;43,4058387688178;10
3;-200;-160;ROLL_LEFT;41,8258468005468;11
3;-200;-160;ROLL_RIGHT;73,7394960391675;46
1;-180;-160;ROLL_LEFT;170,541640454063;80
1;-180;-160;ROLL_RIGHT;115,133762161411;212
3;180;160;ROLL_LEFT;129,34876574425;211
3;180;160;ROLL_RIGHT;12,3717307341674;42
6;180;160;ROLL_LEFT;125,579814045367;214
6;180;160;ROLL_RIGHT;-6,2007725383305;35
10;180;160;ROLL_LEFT;99,2107924499412;131
10;180;160;ROLL_RIGHT;-31,2874853336794;27
12;140;160;ROLL_LEFT;138,400051185651;252
12;140;160;ROLL_RIGHT;11,1905985454595;47
14;160;160;ROLL_LEFT;92,7911204419178;112
14;160;160;ROLL_RIGHT;-31,0386559823759;27
16;140;160;ROLL_LEFT;107,542374957779;148
16;140;160;ROLL_RIGHT;-25,8239387156253;23
18;160;160;ROLL_LEFT;68,2788403421503;46
18;160;160;ROLL_RIGHT;-38,6766241797145;14
20;140;160;ROLL_LEFT;77,1369197615206;86
20;140;160;ROLL_RIGHT;-45,7556420994806;18
21;140;160;ROLL_LEFT;76,6210048466098;79
21;140;160;ROLL_RIGHT;-19,2166110318121;4
23;140;160;ROLL_LEFT;54,4693940296482;44
23;140;160;ROLL_RIGHT;-34,0427004212101;6
25;160;160;ROLL_LEFT;34,3937955790271;13
25;160;160;ROLL_RIGHT;-12,8914081083682;2
24;-200;160;ROLL_LEFT;125,383187644412;106
24;-200;160;ROLL_RIGHT;-5,66557082174623;15
21;-200;160;ROLL_LEFT;117,259032240406;96
21;-200;160;ROLL_RIGHT;-5,40567843516936;14
12;-200;160;ROLL_LEFT;119,928429831596;148
12;-200;160;ROLL_RIGHT;-3,9025195897352;22
7;-200;160;ROLL_LEFT;94,45762878146;28
7;-200;160;ROLL_RIGHT;113,142552693536;198
4;-200;160;ROLL_LEFT;11,48774905948;47
4;-200;160;ROLL_RIGHT;125,626702260384;227
2;-200;160;ROLL_LEFT;9,7475804583886;49
2;-200;160;ROLL_RIGHT;125,817835932376;277
11;180;-160;ROLL_LEFT;101,552816761837;347
11;180;-160;ROLL_RIGHT;-17,4313635685456;54
15;180;-160;ROLL_LEFT;80,5660701707436;173
15;180;-160;ROLL_RIGHT;-40,889335943672;31
19;180;-160;ROLL_LEFT;61,8267911709585;69
19;180;-160;ROLL_RIGHT;-37,872195996577;8
24;160;-160;ROLL_LEFT;66,0011302088688;72
24;160;-160;ROLL_RIGHT;-37,5416917624337;6
24;-180;-160;ROLL_LEFT;4,56110081136281;9
24;-180;-160;ROLL_RIGHT;66,2390255097087;41
17;-180;-160;ROLL_LEFT;94,5112847874644;46
17;-180;-160;ROLL_RIGHT;120,143261173382;173
15;-180;-160;ROLL_LEFT;117,86617263846;50
15;-180;-160;ROLL_RIGHT;134,892287414154;221
4;200;160;ROLL_LEFT;79,8655254665886;53
4;200;160;ROLL_RIGHT;-24,378060370975;9
10;160;160;ROLL_LEFT;112,563190680865;193
10;160;160;ROLL_RIGHT;-9,02918023859762;36
18;100;160;ROLL_LEFT;142,710122811224;237
18;100;160;ROLL_RIGHT;15,3600971390102;41
19;120;160;ROLL_LEFT;103,127345213693;105
19;120;160;ROLL_RIGHT;-29,9881631247342;21
20;120;160;ROLL_LEFT;100,144725515007;110
20;120;160;ROLL_RIGHT;-31,4345939397544;22
22;120;160;ROLL_LEFT;92,6907104474679;85
22;120;160;ROLL_RIGHT;-27,5694721074554;13
24;120;160;ROLL_LEFT;74,1114662077903;54
24;120;160;ROLL_RIGHT;-37,6220041546982;9
25;120;160;ROLL_LEFT;71,2419883305834;48
25;120;160;ROLL_RIGHT;-39,7981797031202;10
25;-120;160;ROLL_LEFT;81,6238019195324;62
25;-120;160;ROLL_RIGHT;-28,3634031970458;12
23;-140;160;ROLL_LEFT;94,0873998979123;58
23;-140;160;ROLL_RIGHT;-34,8779229273774;11
21;-140;160;ROLL_LEFT;116,075055945215;94
21;-140;160;ROLL_RIGHT;-25,9161773432583;11
19;-160;160;ROLL_LEFT;109,840888073608;55
19;-160;160;ROLL_RIGHT;-8,26546534789892;9
17;-160;160;ROLL_LEFT;124,821243458298;109
17;-160;160;ROLL_RIGHT;-8,52645760916307;12
15;-180;160;ROLL_LEFT;121,933064644168;110
15;-180;160;ROLL_RIGHT;-2,62342142273091;18
13;-180;160;ROLL_LEFT;120,446184575175;137
13;-180;160;ROLL_RIGHT;-8,65112454002357;22
11;-180;160;ROLL_LEFT;122,593402754617;142
11;-180;160;ROLL_RIGHT;-0,303428029811556;21
9;-180;160;ROLL_LEFT;123,779040397831;178
9;-180;160;ROLL_RIGHT;6,32886275323429;39
10;140;-160;ROLL_LEFT;114,294956934682;851
10;140;-160;ROLL_RIGHT;4,66278634930075;159
13;120;-160;ROLL_LEFT;109,036873979957;785
13;120;-160;ROLL_RIGHT;-2,87488542723244;148
16;120;-160;ROLL_LEFT;99,115549459903;931
16;120;-160;ROLL_RIGHT;-13,0069372608565;162
20;100;-160;ROLL_LEFT;81,3279800673818;748
20;100;-160;ROLL_RIGHT;-29,9130939621147;136
22;60;-160;ROLL_LEFT;73,0472730433438;982
22;60;-160;ROLL_RIGHT;-37,7709233723032;182
23;60;-160;ROLL_LEFT;66,8173086009361;946
23;60;-160;ROLL_RIGHT;-47,4214418492782;162
23;40;-160;ROLL_LEFT;61,4053140714437;1113
23;40;-160;ROLL_RIGHT;-47,6825699966726;167
24;20;-160;ROLL_LEFT;50,7615186726115;1163
24;20;-160;ROLL_RIGHT;-60,3442370429419;220
24;0;-160;ROLL_LEFT;42,1558002450951;1459
24;0;-160;ROLL_RIGHT;-71,9326398352663;260
24;-20;-160;ROLL_LEFT;16,5823498950222;724
24;-20;-160;ROLL_RIGHT;21,5194232933759;935
23;-40;-160;ROLL_LEFT;22,6909339682742;835
23;-40;-160;ROLL_RIGHT;18,7228674414737;868
22;-60;-160;ROLL_LEFT;28,2925273334329;480
22;-60;-160;ROLL_RIGHT;25,2739278177353;499
21;-60;-160;ROLL_LEFT;28,0155131103295;209
21;-60;-160;ROLL_RIGHT;30,533054353232;883
19;-60;-160;ROLL_LEFT;38,3020717649693;505
19;-60;-160;ROLL_RIGHT;36,4422378888874;1074
19;-80;-160;ROLL_LEFT;52,7167452995311;239
19;-80;-160;ROLL_RIGHT;48,4154513532244;569
18;-80;-160;ROLL_LEFT;50,7243609135274;527
18;-80;-160;ROLL_RIGHT;57,1487276563032;399
17;-80;-160;ROLL_LEFT;59,611832184336;647
17;-80;-160;ROLL_RIGHT;67,7975212907587;279
16;-80;-160;ROLL_LEFT;60,1701820808263;675
16;-80;-160;ROLL_RIGHT;60,1449186831824;381
15;-100;-160;ROLL_LEFT;88,6972081175713;334
15;-100;-160;ROLL_RIGHT;85,7831751678912;168
12;-120;-160;ROLL_LEFT;115,012477671088;283
12;-120;-160;ROLL_RIGHT;123,654446909523;206
5;-160;-160;ROLL_LEFT;248,054569507125;86
5;-160;-160;ROLL_RIGHT;242,179224902458;263
1;160;160;ROLL_LEFT;500;1
1;160;160;ROLL_RIGHT;500;1
13;-20;-160;ROLL_LEFT;35,6847391093637;653
13;-20;-160;ROLL_RIGHT;36,8951654910855;1271
13;-40;-160;ROLL_LEFT;44,7869279353771;1202
13;-40;-160;ROLL_RIGHT;37,6546799151133;1260
12;-60;-160;ROLL_LEFT;59,8496112971588;1132
12;-60;-160;ROLL_RIGHT;51,36178842614;1071
11;-60;-160;ROLL_LEFT;55,8042033729774;1047
11;-60;-160;ROLL_RIGHT;58,7634638550864;858
10;-80;-160;ROLL_LEFT;87,6430156664925;1097
10;-80;-160;ROLL_RIGHT;72,8307569792964;410
8;-80;-160;ROLL_LEFT;81,3245265433248;724
8;-80;-160;ROLL_RIGHT;83,5884975836645;535
6;-60;-160;ROLL_LEFT;75,1338904520581;678
6;-60;-160;ROLL_RIGHT;70,3333442534437;261
4;-100;-160;ROLL_LEFT;118,297896039251;515
4;-100;-160;ROLL_RIGHT;112,366480854147;502
2;-80;-160;ROLL_LEFT;125,980746279795;733
2;-80;-160;ROLL_RIGHT;118,140002421741;139
1;-80;-160;ROLL_LEFT;131,784985099129;436
1;-80;-160;ROLL_RIGHT;135,329179409169;365
0;100;160;ROLL_LEFT;144,337210933541;522
0;100;160;ROLL_RIGHT;147,272723968846;332
2;80;160;ROLL_LEFT;169,514869919611;725
2;80;160;ROLL_RIGHT;60,1917152507336;120
3;80;160;ROLL_LEFT;169,147066136978;675
3;80;160;ROLL_RIGHT;58,6983645783678;122
4;100;160;ROLL_LEFT;171,531116180097;716
4;100;160;ROLL_RIGHT;60,6486775226887;108
6;100;160;ROLL_LEFT;170,935835615601;598
6;100;160;ROLL_RIGHT;60,4482303048447;103
8;120;160;ROLL_LEFT;169,768833435216;423
8;120;160;ROLL_RIGHT;49,4247675932924;95
10;100;160;ROLL_LEFT;170,384046176251;439
10;100;160;ROLL_RIGHT;57,7141821480871;76
11;100;160;ROLL_LEFT;167,938451256644;376
11;100;160;ROLL_RIGHT;53,9521851370215;65
12;120;160;ROLL_LEFT;154,901070435299;350
12;120;160;ROLL_RIGHT;38,2413428989604;57
19;80;160;ROLL_LEFT;146,791497215767;248
19;80;160;ROLL_RIGHT;26,1799581145528;46
20;60;160;ROLL_LEFT;155,815052798906;260
20;60;160;ROLL_RIGHT;29,153419010552;48
21;60;160;ROLL_LEFT;151,633574708815;279
21;60;160;ROLL_RIGHT;16,8814312836889;38
22;60;160;ROLL_LEFT;136,329432235685;236
22;60;160;ROLL_RIGHT;0,862126648625738;37
23;60;160;ROLL_LEFT;129,526923328136;169
23;60;160;ROLL_RIGHT;-4,91718522197307;28
24;60;160;ROLL_LEFT;118,255006384424;173
24;60;160;ROLL_RIGHT;-21,757021693636;26
25;60;160;ROLL_LEFT;117,312518203209;164
25;60;160;ROLL_RIGHT;-46,0021867750536;24
24;-80;160;ROLL_LEFT;119,62096752504;140
24;-80;160;ROLL_RIGHT;-20,9452999349743;25
23;-100;160;ROLL_LEFT;120,218865062223;143
23;-100;160;ROLL_RIGHT;-26,012960232656;20
22;-120;160;ROLL_LEFT;119,352495053172;125
22;-120;160;ROLL_RIGHT;-29,5043784262088;15
20;-120;160;ROLL_LEFT;127,282768473066;106
20;-120;160;ROLL_RIGHT;-24,5927172371203;16
18;-140;160;ROLL_LEFT;124,637875091537;94
18;-140;160;ROLL_RIGHT;-20,7682751026912;18
15;-140;160;ROLL_LEFT;131,409557679656;156
15;-140;160;ROLL_RIGHT;-7,0804644736074;19
13;-160;160;ROLL_LEFT;128,450655623234;118
13;-160;160;ROLL_RIGHT;0,831656682422365;11
11;-160;160;ROLL_LEFT;127,885045919074;144
11;-160;160;ROLL_RIGHT;8,9871461124994;33
7;-180;160;ROLL_LEFT;119,876473612344;220
7;-180;160;ROLL_RIGHT;-0,615932893726553;40
2;-180;160;ROLL_LEFT;111,734296012865;406
2;-180;160;ROLL_RIGHT;110,010416359601;70
0;-200;160;ROLL_LEFT;5,49782768255785;46
0;-200;160;ROLL_RIGHT;123,279107399576;263
3;180;-160;ROLL_LEFT;120,655509537441;832
3;180;-160;ROLL_RIGHT;9,85628805246699;115
5;180;-160;ROLL_LEFT;115,421484573392;797
5;180;-160;ROLL_RIGHT;5,7448880498985;152
7;180;-160;ROLL_LEFT;115,71428141861;872
7;180;-160;ROLL_RIGHT;3,34054717278964;166
12;180;-160;ROLL_LEFT;96,9706757716647;402
12;180;-160;ROLL_RIGHT;-18,4955899095549;73
18;140;-160;ROLL_LEFT;85,0848729740928;490
18;140;-160;ROLL_RIGHT;-27,5362222635372;110
20;160;-160;ROLL_LEFT;72,3447919531859;172
20;160;-160;ROLL_RIGHT;-49,0702025763554;27
22;160;-160;ROLL_LEFT;67,7977993856858;109
22;160;-160;ROLL_RIGHT;-54,8865854517993;13
23;160;-160;ROLL_LEFT;70,6974217059877;69
23;160;-160;ROLL_RIGHT;-46,149381011972;12
25;160;-160;ROLL_LEFT;69,1974956512052;60
25;160;-160;ROLL_RIGHT;-43,0177032584049;15
8;-160;-160;ROLL_LEFT;158,619274858358;230
8;-160;-160;ROLL_RIGHT;166,909069443187;82
6;-140;-160;ROLL_LEFT;192,770063617211;378
6;-140;-160;ROLL_RIGHT;185,925009952818;230
1;-120;-160;ROLL_LEFT;123,897963065996;253
1;-120;-160;ROLL_RIGHT;136,246818688896;616
0;140;160;ROLL_LEFT;145,952451146211;353
0;140;160;ROLL_RIGHT;143,37585777635;439
2;120;160;ROLL_LEFT;168,611842686623;637
2;120;160;ROLL_RIGHT;57,3691582839012;135
5;120;160;ROLL_LEFT;171,244105641182;581
5;120;160;ROLL_RIGHT;60,4286420990775;109
7;120;160;ROLL_LEFT;170,359534630155;488
7;120;160;ROLL_RIGHT;53,4324438241351;73
10;140;160;ROLL_LEFT;153,503988847396;285
10;140;160;ROLL_RIGHT;29,2213607749127;55
15;120;160;ROLL_LEFT;142,316320039009;236
15;120;160;ROLL_RIGHT;6,45159117750323;32
22;140;160;ROLL_LEFT;70,8055758975514;68
22;140;160;ROLL_RIGHT;-35,5091621115955;10
24;140;160;ROLL_LEFT;60,1215405367953;38
24;140;160;ROLL_RIGHT;-39,7984472312827;8
24;-160;160;ROLL_LEFT;84,17532339362;41
24;-160;160;ROLL_RIGHT;-21,9622272362046;8
21;-180;160;ROLL_LEFT;103,993966786477;50
21;-180;160;ROLL_RIGHT;-18,751677633663;5
19;-180;160;ROLL_LEFT;114,363972198516;62
19;-180;160;ROLL_RIGHT;-14,8428505198897;11
17;-180;160;ROLL_LEFT;113,748590901932;64
17;-180;160;ROLL_RIGHT;-14,6242226767835;13
11;-140;160;ROLL_LEFT;130,833299808131;233
11;-140;160;ROLL_RIGHT;16,744691678088;49
6;-120;160;ROLL_LEFT;127,817880407237;440
6;-120;160;ROLL_RIGHT;15,8189183379168;81
4;-120;160;ROLL_LEFT;124,728036668042;513
4;-120;160;ROLL_RIGHT;14,7578295131155;95
3;-140;160;ROLL_LEFT;119,76877593826;516
3;-140;160;ROLL_RIGHT;8,74238214690362;85
1;-160;160;ROLL_LEFT;105,049456037022;365
1;-160;160;ROLL_RIGHT;102,27153824701;143
1;160;-160;ROLL_LEFT;106,248187626988;248
1;160;-160;ROLL_RIGHT;109,861307219081;307
6;180;-160;ROLL_LEFT;116,557452733086;853
6;180;-160;ROLL_RIGHT;5,26115676119124;168
10;160;-160;ROLL_LEFT;110,360628570254;855
10;160;-160;ROLL_RIGHT;-0,867855072875765;151
11;160;-160;ROLL_LEFT;108,792986828816;932
11;160;-160;ROLL_RIGHT;-3,99261737861006;164
13;140;-160;ROLL_LEFT;103,555237129255;928
13;140;-160;ROLL_RIGHT;-4,68665859114461;177
15;140;-160;ROLL_LEFT;96,7636347565379;719
15;140;-160;ROLL_RIGHT;-12,0539198927085;147
17;140;-160;ROLL_LEFT;90,6129767363101;562
17;140;-160;ROLL_RIGHT;-21,4794667088676;103
20;140;-160;ROLL_LEFT;78,8666476267307;360
20;140;-160;ROLL_RIGHT;-36,6862499939686;60
23;100;-160;ROLL_LEFT;65,2640449604361;508
23;100;-160;ROLL_RIGHT;-48,7797712906356;103
25;100;-160;ROLL_LEFT;60,7900587438134;387
25;100;-160;ROLL_RIGHT;-40,5319351161206;64
25;-120;-160;ROLL_LEFT;66,1479658566921;246
25;-120;-160;ROLL_RIGHT;59,8567051005922;85
24;-140;-160;ROLL_LEFT;75,5091852440414;201
24;-140;-160;ROLL_RIGHT;60,3415315718918;56
22;-160;-160;ROLL_LEFT;73,2451260686729;37
22;-160;-160;ROLL_RIGHT;92,3703992564748;154
18;-140;-160;ROLL_LEFT;104,751544894097;237
18;-140;-160;ROLL_RIGHT;92,7612255602594;54
13;-160;-160;ROLL_LEFT;129,664148857864;45
13;-160;-160;ROLL_RIGHT;148,617302721564;219
4;-180;-160;ROLL_LEFT;129,156146506906;147
4;-180;-160;ROLL_RIGHT;182,630182219223;119
2;-180;-160;ROLL_LEFT;139,215067287855;104
2;-180;-160;ROLL_RIGHT;177,715705524165;212
5;180;160;ROLL_LEFT;133,481329925705;190
5;180;160;ROLL_RIGHT;-4,64257318205105;48
7;180;160;ROLL_LEFT;114,879477443621;181
7;180;160;ROLL_RIGHT;-8,20701126606736;34
12;180;160;ROLL_LEFT;69,0948151250285;78
12;180;160;ROLL_RIGHT;-38,8399223458049;20
14;180;160;ROLL_LEFT;62,4484106533598;61
14;180;160;ROLL_RIGHT;-21,6354709937736;4
17;180;160;ROLL_LEFT;42,4610367762461;37
17;180;160;ROLL_RIGHT;-38,5251737991325;6
19;160;160;ROLL_LEFT;61,0600074966521;59
19;160;160;ROLL_RIGHT;-51,9176921456975;20
14;-180;160;ROLL_LEFT;125,413838099444;128
14;-180;160;ROLL_RIGHT;-5,09011122277153;21
12;140;-160;ROLL_LEFT;109,756840772808;893
12;140;-160;ROLL_RIGHT;-1,61321786264191;145
16;100;-160;ROLL_LEFT;100,503408623402;946
16;100;-160;ROLL_RIGHT;-9,81736032667976;204
17;60;-160;ROLL_LEFT;90,2697963541571;1176
17;60;-160;ROLL_RIGHT;-18,7826043406584;211
19;80;-160;ROLL_LEFT;88,7275066966553;1010
19;80;-160;ROLL_RIGHT;-22,067346564115;188
19;60;-160;ROLL_LEFT;84,6642090999256;1130
19;60;-160;ROLL_RIGHT;-24,098344937362;196
21;60;-160;ROLL_LEFT;78,9719170748912;1079
21;60;-160;ROLL_RIGHT;-34,5364664896623;164
25;40;-160;ROLL_LEFT;48,1529214255593;874
25;40;-160;ROLL_RIGHT;-63,6196928102059;150
25;20;-160;ROLL_LEFT;42,0519664719808;1057
25;20;-160;ROLL_RIGHT;-66,4721716281316;183
25;0;-160;ROLL_LEFT;35,4466332955896;1134
25;0;-160;ROLL_RIGHT;-74,8137195614623;196
25;-40;-160;ROLL_LEFT;21,5092921258655;678
25;-40;-160;ROLL_RIGHT;15,7535241658341;211
24;-60;-160;ROLL_LEFT;27,3321414900807;454
24;-60;-160;ROLL_RIGHT;24,577895905975;149
23;-80;-160;ROLL_LEFT;33,1394856932401;336
23;-80;-160;ROLL_RIGHT;37,9016617093268;332
22;-80;-160;ROLL_LEFT;35,1406262391824;320
22;-80;-160;ROLL_RIGHT;32,6082741196803;332
21;-80;-160;ROLL_LEFT;44,3267250873564;273
21;-80;-160;ROLL_RIGHT;37,3313661317963;395
20;-60;-160;ROLL_LEFT;38,4761971026473;707
20;-60;-160;ROLL_RIGHT;32,2961626312264;677
20;-80;-160;ROLL_LEFT;48,8281679416351;363
20;-80;-160;ROLL_RIGHT;42,3879103242991;420
17;-60;-160;ROLL_LEFT;44,797653518028;1131
17;-60;-160;ROLL_RIGHT;38,490471718791;1058
16;-60;-160;ROLL_LEFT;49,2415823380585;1656
16;-60;-160;ROLL_RIGHT;40,071414904451;940
15;-80;-160;ROLL_LEFT;67,0881279631828;745
15;-80;-160;ROLL_RIGHT;64,1027762999369;569
14;-100;-160;ROLL_LEFT;87,3180864471025;426
14;-100;-160;ROLL_RIGHT;86,4759741617797;233
10;-140;-160;ROLL_LEFT;161,267197929415;281
10;-140;-160;ROLL_RIGHT;142,895265630656;54
8;-120;-160;ROLL_LEFT;158,251223285703;665
8;-120;-160;ROLL_RIGHT;138,499523135255;224
7;-120;-160;ROLL_LEFT;150,936263367163;554
7;-120;-160;ROLL_RIGHT;160,69904432183;348
6;-100;-160;ROLL_LEFT;121,68404568354;593
6;-100;-160;ROLL_RIGHT;113,924125194841;497
1;-100;-160;ROLL_LEFT;139,73143907204;552
1;-100;-160;ROLL_RIGHT;138,341184396414;271
1;100;160;ROLL_LEFT;155,28993454022;281
1;100;160;ROLL_RIGHT;157,542384939455;578
2;100;160;ROLL_LEFT;171,737538459966;693
2;100;160;ROLL_RIGHT;59,7973287813293;125
4;60;160;ROLL_LEFT;161,285172383592;409
4;60;160;ROLL_RIGHT;50,5949071753021;63
5;60;160;ROLL_LEFT;164,727150580288;461
5;60;160;ROLL_RIGHT;53,1043277170637;76
6;40;160;ROLL_LEFT;161,726377138445;446
6;40;160;ROLL_RIGHT;48,9008776523596;65
7;60;160;ROLL_LEFT;165,103684089634;549
7;60;160;ROLL_RIGHT;55,0269684626985;91
7;80;160;ROLL_LEFT;169,517270451071;530
7;80;160;ROLL_RIGHT;58,5463769459522;97
8;60;160;ROLL_LEFT;166,830524950566;548
8;60;160;ROLL_RIGHT;55,6385753808084;106
9;60;160;ROLL_LEFT;168,043365982112;504
9;60;160;ROLL_RIGHT;56,3893399557624;112
10;80;160;ROLL_LEFT;169,730221495007;476
10;80;160;ROLL_RIGHT;57,3930050643806;84
12;80;160;ROLL_LEFT;169,452276267384;399
12;80;160;ROLL_RIGHT;56,9245893370159;74
13;80;160;ROLL_LEFT;168,52766540458;402
13;80;160;ROLL_RIGHT;56,5998025613944;90
14;60;160;ROLL_LEFT;168,277148216165;420
14;60;160;ROLL_RIGHT;50,4555339767948;64
15;40;160;ROLL_LEFT;166,198356622999;445
15;40;160;ROLL_RIGHT;54,7654180929373;94
15;60;160;ROLL_LEFT;167,190880213356;414
15;60;160;ROLL_RIGHT;48,7665289068557;61
16;60;160;ROLL_LEFT;166,29239119715;389
16;60;160;ROLL_RIGHT;50,3389976268708;75
24;80;160;ROLL_LEFT;111,692888432327;126
24;80;160;ROLL_RIGHT;-19,7601617417214;25
20;-100;160;ROLL_LEFT;134,732554844038;145
20;-100;160;ROLL_RIGHT;-9,04320945671712;16
18;-120;160;ROLL_LEFT;130,076630057448;121
18;-120;160;ROLL_RIGHT;4,54616947926272;26
10;-160;160;ROLL_LEFT;125,571145655111;163
10;-160;160;ROLL_RIGHT;7,32397367084765;31
4;-160;160;ROLL_LEFT;121,154854603998;289
4;-160;160;ROLL_RIGHT;8,42536807640296;49
0;-180;160;ROLL_LEFT;14,0513590576437;80
0;-180;160;ROLL_RIGHT;126,016082450587;495
2;180;-160;ROLL_LEFT;115,695202974742;604
2;180;-160;ROLL_RIGHT;11,5875093336066;110
9;180;-160;ROLL_LEFT;108,61556706068;610
9;180;-160;ROLL_RIGHT;-8,1549012638154;106
12;200;-160;ROLL_LEFT;57,2021475832974;44
12;200;-160;ROLL_RIGHT;-18,7587621771834;4
14;180;-160;ROLL_LEFT;88,3891322122214;208
14;180;-160;ROLL_RIGHT;-33,8863602527897;30
18;160;-160;ROLL_LEFT;82,6079618993234;290
18;160;-160;ROLL_RIGHT;-32,3940458639326;47
22;140;-160;ROLL_LEFT;76,9929294608409;271
22;140;-160;ROLL_RIGHT;-38,8909181119544;48
21;-160;-160;ROLL_LEFT;92,8815219452312;201
21;-160;-160;ROLL_RIGHT;77,0647047724071;41
19;-160;-160;ROLL_LEFT;82,2542743166491;41
19;-160;-160;ROLL_RIGHT;106,223719975171;190
17;-140;-160;ROLL_LEFT;93,1782066196576;50
17;-140;-160;ROLL_RIGHT;109,578295587599;199
9;-160;-160;ROLL_LEFT;170,255131064036;37
9;-160;-160;ROLL_RIGHT;197,409686063308;196
7;-140;-160;ROLL_LEFT;202,906487177313;444
7;-140;-160;ROLL_RIGHT;193,40226483139;129
4;-160;-160;ROLL_LEFT;186,982939768004;124
4;-160;-160;ROLL_RIGHT;234,051212702039;244
2;-160;-160;ROLL_LEFT;266,670893493485;281
2;-160;-160;ROLL_RIGHT;202,853419181822;198
6;160;160;ROLL_LEFT;147,620114406019;293
6;160;160;ROLL_RIGHT;31,845265439773;59
12;160;160;ROLL_LEFT;112,136545743823;141
12;160;160;ROLL_RIGHT;-22,1844042309437;24
18;140;160;ROLL_LEFT;86,8773008730094;124
18;140;160;ROLL_RIGHT;-49,4623177918358;16
19;140;160;ROLL_LEFT;81,797435251771;92
19;140;160;ROLL_RIGHT;-46,2566233631056;19
23;-160;160;ROLL_LEFT;79,5500193657634;45
23;-160;160;ROLL_RIGHT;-25,2477496169068;9
15;-160;160;ROLL_LEFT;126,26213585615;91
15;-160;160;ROLL_RIGHT;-16,5363906754251;13
8;-180;160;ROLL_LEFT;123,100335501461;188
8;-180;160;ROLL_RIGHT;5,35452301684134;39
1;180;-160;ROLL_LEFT;123,498812280808;602
1;180;-160;ROLL_RIGHT;10,7313433522318;104
21;100;-160;ROLL_LEFT;76,0021042531548;766
21;100;-160;ROLL_RIGHT;-36,9662757926496;157
24;80;-160;ROLL_LEFT;56,7458088032186;642
24;80;-160;ROLL_RIGHT;-57,0028634834716;89
25;80;-160;ROLL_LEFT;50,1066961775759;558
25;80;-160;ROLL_RIGHT;-55,5970387610741;96
22;-140;-160;ROLL_LEFT;82,8960339905182;319
22;-140;-160;ROLL_RIGHT;76,1936121931183;97
20;-160;-160;ROLL_LEFT;94,6022982825485;60
20;-160;-160;ROLL_RIGHT;101,60689699898;208
18;-180;-160;ROLL_LEFT;116,037283607218;193
18;-180;-160;ROLL_RIGHT;104,158117867507;47
16;-160;-160;ROLL_LEFT;108,581519084696;39
16;-160;-160;ROLL_RIGHT;120,615574128876;198
6;-160;-160;ROLL_LEFT;208,149476989769;295
6;-160;-160;ROLL_RIGHT;181,477460358145;49
9;180;160;ROLL_LEFT;104,369700204917;130
9;180;160;ROLL_RIGHT;-19,5787488514808;22
13;160;160;ROLL_LEFT;100,189696984885;113
13;160;160;ROLL_RIGHT;-24,4834208304607;31
15;160;160;ROLL_LEFT;80,6032778008877;87
15;160;160;ROLL_RIGHT;-34,4886205309473;22
17;160;160;ROLL_LEFT;68,9024213545531;71
17;160;160;ROLL_RIGHT;-35,2295257918554;12
16;-180;160;ROLL_LEFT;122,333221485738;84
16;-180;160;ROLL_RIGHT;-9,47049207985904;16
12;-180;160;ROLL_LEFT;124,029811352104;151
12;-180;160;ROLL_RIGHT;-5,55294787109709;32
10;-180;160;ROLL_LEFT;123,274217007984;185
10;-180;160;ROLL_RIGHT;0,394378789231977;34
5;-180;160;ROLL_LEFT;120,679541816125;278
5;-180;160;ROLL_RIGHT;4,18278760646834;47
3;-160;160;ROLL_LEFT;124,327622170705;341
3;-160;160;ROLL_RIGHT;6,33391976665354;52
1;-180;160;ROLL_LEFT;14,8332016914408;83
1;-180;160;ROLL_RIGHT;125,375947339636;432
14;140;-160;ROLL_LEFT;101,446157352753;943
14;140;-160;ROLL_RIGHT;-8,28941014651092;165
18;100;-160;ROLL_LEFT;93,3984294277729;940
18;100;-160;ROLL_RIGHT;-19,0818333228219;187
24;100;-160;ROLL_LEFT;63,8522975100982;426
24;100;-160;ROLL_RIGHT;-51,601030278452;75
23;-120;-160;ROLL_LEFT;60,0455110876818;112
23;-120;-160;ROLL_RIGHT;63,7343912459871;377
15;-140;-160;ROLL_LEFT;106,046377992325;64
15;-140;-160;ROLL_RIGHT;121,538679789052;207
13;-140;-160;ROLL_LEFT;134,747776135798;241
13;-140;-160;ROLL_RIGHT;121,339334497295;56
11;-160;-160;ROLL_LEFT;161,748984897323;227
11;-160;-160;ROLL_RIGHT;149,064394257097;29
7;-180;-160;ROLL_LEFT;165,603071641922;149
7;-180;-160;ROLL_RIGHT;196,512497596691;113
0;200;160;ROLL_LEFT;83,087571332753;34
0;200;160;ROLL_RIGHT;21,0660709898926;11
2;180;160;ROLL_LEFT;131,168893110669;255
2;180;160;ROLL_RIGHT;-10,5256637735985;33
11;160;160;ROLL_LEFT;124,34496819167;185
11;160;160;ROLL_RIGHT;-6,81789637865907;26
13;140;160;ROLL_LEFT;137,988759039236;205
13;140;160;ROLL_RIGHT;3,53132799456365;27
15;140;160;ROLL_LEFT;118,02208985725;146
15;140;160;ROLL_RIGHT;-8,37222772962293;24
18;120;160;ROLL_LEFT;112,660048423828;158
18;120;160;ROLL_RIGHT;-7,98447169688417;22
23;40;160;ROLL_LEFT;141,939665531926;241
23;40;160;ROLL_RIGHT;12,4639783568513;46
23;20;160;ROLL_LEFT;149,828042822018;255
23;20;160;ROLL_RIGHT;23,5742849392813;54
24;40;160;ROLL_LEFT;132,909310812169;208
24;40;160;ROLL_RIGHT;-8,5961778682624;40
24;20;160;ROLL_LEFT;137,648970296734;220
24;20;160;ROLL_RIGHT;7,73460142135726;44
25;40;160;ROLL_LEFT;125,044975886949;177
25;40;160;ROLL_RIGHT;-8,13894715291645;37
19;-140;160;ROLL_LEFT;125,23973346664;114
19;-140;160;ROLL_RIGHT;-7,8209104776957;22
4;180;-160;ROLL_LEFT;121,569062176197;835
4;180;-160;ROLL_RIGHT;6,587884595926;142
8;180;-160;ROLL_LEFT;110,360969140132;731
8;180;-160;ROLL_RIGHT;-3,82235112517931;121
16;160;-160;ROLL_LEFT;89,6753806940968;405
16;160;-160;ROLL_RIGHT;-28,5056361069578;67
25;120;-160;ROLL_LEFT;71,3168777771462;257
25;120;-160;ROLL_RIGHT;-41,7556342294639;46
13;-180;-160;ROLL_LEFT;115,251367966423;39
13;-180;-160;ROLL_RIGHT;146,570997678305;206
0;160;160;ROLL_LEFT;500;1
0;160;160;ROLL_RIGHT;500;1
13;0;160;ROLL_LEFT;159,488854206355;586
13;0;160;ROLL_RIGHT;47,9540618677236;107
10;-40;160;ROLL_LEFT;149,916238657433;598
10;-40;160;ROLL_RIGHT;39,1035488911658;105
10;-20;160;ROLL_LEFT;151,603739562146;560
10;-20;160;ROLL_RIGHT;41,9707164176423;106
10;0;160;ROLL_LEFT;155,584865800485;521
10;0;160;ROLL_RIGHT;46,0577174255883;97
10;20;160;ROLL_LEFT;159,24150015699;516
10;20;160;ROLL_RIGHT;48,4605021805453;76
9;-20;160;ROLL_LEFT;151,165492865677;639
9;-20;160;ROLL_RIGHT;39,4924352345102;109
9;-40;160;ROLL_LEFT;148,3097347515;651
9;-40;160;ROLL_RIGHT;36,6351488696091;111
8;-60;160;ROLL_LEFT;143,151674063857;627
8;-60;160;ROLL_RIGHT;30,3920646667608;123
7;-60;160;ROLL_LEFT;140,282179725973;690
7;-60;160;ROLL_RIGHT;28,9908715008908;132
6;-60;160;ROLL_LEFT;129,70036036896;570
6;-60;160;ROLL_RIGHT;26,8468878006035;113
5;-80;160;ROLL_LEFT;133,608747538409;602
5;-80;160;ROLL_RIGHT;21,6228946424465;121
4;-100;160;ROLL_LEFT;129,428895704907;557
4;-100;160;ROLL_RIGHT;18,0727711596098;91
3;-100;160;ROLL_LEFT;129,029848082341;518
3;-100;160;ROLL_RIGHT;16,7007973215104;111
0;-100;160;ROLL_LEFT;124,472658419887;442
0;-100;160;ROLL_RIGHT;9,60279451533277;74
7;140;-160;ROLL_LEFT;119,955865844694;605
7;140;-160;ROLL_RIGHT;7,95850046134146;92
9;160;-160;ROLL_LEFT;115,926258021227;982
9;160;-160;ROLL_RIGHT;4,82138146182223;217
23;140;-160;ROLL_LEFT;79,8580101702051;228
23;140;-160;ROLL_RIGHT;-47,0098744043806;38
14;-160;-160;ROLL_LEFT;134,137685415958;222
14;-160;-160;ROLL_RIGHT;116,922809296157;37
10;-160;-160;ROLL_LEFT;157,867877982552;194
10;-160;-160;ROLL_RIGHT;152,202463810314;44
0;180;160;ROLL_LEFT;117,023688569342;329
0;180;160;ROLL_RIGHT;112,02936295163;48
5;200;160;ROLL_LEFT;95,5915115551492;55
5;200;160;ROLL_RIGHT;-35,8144796576944;12
7;200;160;ROLL_LEFT;74,2490844846977;37
7;200;160;ROLL_RIGHT;-28,5916337833716;6
25;-140;160;ROLL_LEFT;70,161867303363;37
25;-140;160;ROLL_RIGHT;-44,9087803229701;9
21;-160;160;ROLL_LEFT;99,2216410165596;49
21;-160;160;ROLL_RIGHT;-29,7804544211908;8
5;160;-160;ROLL_LEFT;123,45554911731;730
5;160;-160;ROLL_RIGHT;8,31858821684671;129
9;140;-160;ROLL_LEFT;116,887404961091;717
9;140;-160;ROLL_RIGHT;4,59738557304387;140
10;120;-160;ROLL_LEFT;115,097522020348;515
10;120;-160;ROLL_RIGHT;3,7024677743021;81
20;80;-160;ROLL_LEFT;84,0779675969328;988
20;80;-160;ROLL_RIGHT;-27,1944380357175;194
21;40;-160;ROLL_LEFT;70,1043296539491;1296
21;40;-160;ROLL_RIGHT;-37,5282049530545;215
22;40;-160;ROLL_LEFT;67,125948062406;1228
22;40;-160;ROLL_RIGHT;-44,6290712146895;207
22;20;-160;ROLL_LEFT;59,1459427023676;1728
22;20;-160;ROLL_RIGHT;-48,7197022054309;310
23;20;-160;ROLL_LEFT;52,2767942562963;1473
23;20;-160;ROLL_RIGHT;-52,7833001538638;268
25;-60;-160;ROLL_LEFT;26,5275387714352;279
25;-60;-160;ROLL_RIGHT;27,7902937201019;530
23;-60;-160;ROLL_LEFT;22,9775281821321;143
23;-60;-160;ROLL_RIGHT;23,909147844135;487
19;-40;-160;ROLL_LEFT;32,4853118462701;1548
19;-40;-160;ROLL_RIGHT;34,1385957412932;2358
18;0;-160;ROLL_LEFT;60,3258927429489;3995
18;0;-160;ROLL_RIGHT;-49,936699881408;689
18;-20;-160;ROLL_LEFT;38,3480802802323;1959
18;-20;-160;ROLL_RIGHT;38,0614723350226;3550
17;-40;-160;ROLL_LEFT;34,2959080946464;2314
17;-40;-160;ROLL_RIGHT;36,4573810928229;2713
14;-80;-160;ROLL_LEFT;69,670031764304;765
14;-80;-160;ROLL_RIGHT;78,4617401662405;822
13;-80;-160;ROLL_LEFT;86,5947611314962;1028
13;-80;-160;ROLL_RIGHT;68,8570410613203;704
11;-40;-160;ROLL_LEFT;52,042033619933;583
11;-40;-160;ROLL_RIGHT;53,3301133118736;1092
11;-20;-160;ROLL_LEFT;62,3318279174697;358
11;-20;-160;ROLL_RIGHT;71,4376329756534;789
10;-20;-160;ROLL_LEFT;67,8495690235792;369
10;-20;-160;ROLL_RIGHT;67,6049882691724;612
10;-40;-160;ROLL_LEFT;55,7204180286079;526
10;-40;-160;ROLL_RIGHT;54,4343632410794;746
9;-40;-160;ROLL_LEFT;56,2221837815737;365
9;-40;-160;ROLL_RIGHT;57,2362088477926;692
8;-20;-160;ROLL_LEFT;65,4678136600192;178
8;-20;-160;ROLL_RIGHT;79,576776057883;400
8;0;-160;ROLL_LEFT;1,74881431005829;69
8;0;-160;ROLL_RIGHT;108,235396062362;402
8;20;-160;ROLL_LEFT;2,43713774988356;66
8;20;-160;ROLL_RIGHT;113,367668737584;296
9;20;-160;ROLL_LEFT;-1,15581732824223;69
9;20;-160;ROLL_RIGHT;108,964801572939;398
10;20;-160;ROLL_LEFT;-11,1805619725943;73
10;20;-160;ROLL_RIGHT;101,372714621777;521
11;20;-160;ROLL_LEFT;-23,7697428728441;95
11;20;-160;ROLL_RIGHT;86,2959526332836;641
11;0;-160;ROLL_LEFT;-18,3751374181296;145
11;0;-160;ROLL_RIGHT;82,1851227322298;764
12;0;-160;ROLL_LEFT;40,9877816925609;619
12;0;-160;ROLL_RIGHT;44,2777214566816;464
10;-60;-160;ROLL_LEFT;58,5507946800246;1048
10;-60;-160;ROLL_RIGHT;57,7204107936685;540
9;-60;-160;ROLL_LEFT;59,5196661360478;666
9;-60;-160;ROLL_RIGHT;61,8572338238416;732
8;-40;-160;ROLL_LEFT;56,0173774620156;350
8;-40;-160;ROLL_RIGHT;52,9598985316582;497
7;-40;-160;ROLL_LEFT;57,1529539215685;436
7;-40;-160;ROLL_RIGHT;51,6285019297302;254
7;-20;-160;ROLL_LEFT;61,4776297545671;182
7;-20;-160;ROLL_RIGHT;72,6485980831686;303
7;0;-160;ROLL_LEFT;-15,2826569940493;53
7;0;-160;ROLL_RIGHT;105,082769628474;289
6;-40;-160;ROLL_LEFT;54,7403543491506;404
6;-40;-160;ROLL_RIGHT;61,9665256694368;223
5;-40;-160;ROLL_LEFT;61,6292061532357;235
5;-40;-160;ROLL_RIGHT;55,3719363006177;148
4;-40;-160;ROLL_LEFT;63,1691311632036;84
4;-40;-160;ROLL_RIGHT;68,6810438152159;287
4;-60;-160;ROLL_LEFT;94,9263220302778;507
4;-60;-160;ROLL_RIGHT;83,1731746993414;177
3;-60;-160;ROLL_LEFT;90,8709943275782;404
3;-60;-160;ROLL_RIGHT;100,550455884631;217
2;-60;-160;ROLL_LEFT;100,420146939607;430
2;-60;-160;ROLL_RIGHT;107,194715332423;189
0;80;160;ROLL_LEFT;143,139909828188;577
0;80;160;ROLL_RIGHT;144,593207680318;226
4;40;160;ROLL_LEFT;155,007881995465;289
4;40;160;ROLL_RIGHT;38,7792500065001;59
5;20;160;ROLL_LEFT;151,751392969897;323
5;20;160;ROLL_RIGHT;38,2396679770234;68
6;20;160;ROLL_LEFT;153,999656947524;414
6;20;160;ROLL_RIGHT;42,2284487500927;65
6;0;160;ROLL_LEFT;150,160197920618;432
6;0;160;ROLL_RIGHT;38,7492805155187;93
7;20;160;ROLL_LEFT;157,541294220494;430
7;20;160;ROLL_RIGHT;46,8763209949914;89
7;0;160;ROLL_LEFT;152,056545897795;494
7;0;160;ROLL_RIGHT;43,3962443625385;99
7;-20;160;ROLL_LEFT;148,361674426664;513
7;-20;160;ROLL_RIGHT;36,0478530954053;88
6;-40;160;ROLL_LEFT;142,224950191824;565
6;-40;160;ROLL_RIGHT;29,5878686827181;89
5;-40;160;ROLL_LEFT;140,280639166941;482
5;-40;160;ROLL_RIGHT;27,7188695435395;73
4;-40;160;ROLL_LEFT;137,617561784854;396
4;-40;160;ROLL_RIGHT;25,2465570896052;76
4;-60;160;ROLL_LEFT;134,373910515133;503
4;-60;160;ROLL_RIGHT;22,813029673405;100
3;-60;160;ROLL_LEFT;131,895764083892;406
3;-60;160;ROLL_RIGHT;18,8977444309155;62
2;-60;160;ROLL_LEFT;130,506155667355;334
2;-60;160;ROLL_RIGHT;13,4980218440842;49
1;-60;160;ROLL_LEFT;127,809345851931;247
1;-60;160;ROLL_RIGHT;-6,19616416660724;19
0;-40;160;ROLL_LEFT;81,4579430741587;64
0;-40;160;ROLL_RIGHT;-33,7982119839992;19
1;60;-160;ROLL_LEFT;-22,1023613294004;21
1;60;-160;ROLL_RIGHT;117,418196152294;104
2;80;-160;ROLL_LEFT;-0,405227445804234;34
2;80;-160;ROLL_RIGHT;118,416791197081;169
3;80;-160;ROLL_LEFT;-7,00160407050152;21
3;80;-160;ROLL_RIGHT;114,05830883254;107
4;60;-160;ROLL_LEFT;-26,039711738428;21
4;60;-160;ROLL_RIGHT;106,846701558037;87
5;60;-160;ROLL_LEFT;-27,0980717190339;17
5;60;-160;ROLL_RIGHT;110,032838592657;119
6;60;-160;ROLL_LEFT;-22,2064196825206;15
6;60;-160;ROLL_RIGHT;107,96305634393;102
6;40;-160;ROLL_LEFT;-16,3202526025957;13
6;40;-160;ROLL_RIGHT;108,362369909084;95
7;20;-160;ROLL_LEFT;-9,02855228447322;35
7;20;-160;ROLL_RIGHT;115,368857152752;212
5;-60;-160;ROLL_LEFT;80,0089963051808;218
5;-60;-160;ROLL_RIGHT;82,132597621071;594
5;-80;-160;ROLL_LEFT;96,068157041882;666
5;-80;-160;ROLL_RIGHT;88,0466995931988;426
4;-80;-160;ROLL_LEFT;102,656160319354;492
4;-80;-160;ROLL_RIGHT;103,298353784548;564
2;-100;-160;ROLL_LEFT;130,365139523381;238
2;-100;-160;ROLL_RIGHT;130,080160187806;614
4;80;160;ROLL_LEFT;166,844353359984;619
4;80;160;ROLL_RIGHT;56,9506564031638;103
5;100;160;ROLL_LEFT;171,338146489805;610
5;100;160;ROLL_RIGHT;60,1803154224197;107
6;80;160;ROLL_LEFT;168,676827319315;506
6;80;160;ROLL_RIGHT;57,6909783985213;79
10;40;160;ROLL_LEFT;164,039294672374;535
10;40;160;ROLL_RIGHT;54,8144545040957;98
11;40;160;ROLL_LEFT;164,96483587929;577
11;40;160;ROLL_RIGHT;53,8593605041734;94
12;40;160;ROLL_LEFT;164,926302328824;531
12;40;160;ROLL_RIGHT;55,2309292931369;110
12;20;160;ROLL_LEFT;160,267461779217;516
12;20;160;ROLL_RIGHT;51,3319674090344;97
13;40;160;ROLL_LEFT;166,028038801321;557
13;40;160;ROLL_RIGHT;54,5512258823019;96
13;20;160;ROLL_LEFT;163,524662709611;549
13;20;160;ROLL_RIGHT;53,6372891905437;111
14;40;160;ROLL_LEFT;166,377775075155;477
14;40;160;ROLL_RIGHT;53,6033459448147;82
14;20;160;ROLL_LEFT;163,531916833048;510
14;20;160;ROLL_RIGHT;53,1316871196239;99
16;20;160;ROLL_LEFT;164,733806914048;466
16;20;160;ROLL_RIGHT;52,8140017846976;91
16;0;160;ROLL_LEFT;162,086738091198;487
16;0;160;ROLL_RIGHT;50,1682679735741;89
16;-20;160;ROLL_LEFT;158,818600935605;438
16;-20;160;ROLL_RIGHT;47,3839966759774;85
16;-40;160;ROLL_LEFT;155,631840640047;490
16;-40;160;ROLL_RIGHT;42,7363628496481;80
14;-20;160;ROLL_LEFT;155,561447621933;548
14;-20;160;ROLL_RIGHT;45,8231922827832;109
14;-40;160;ROLL_LEFT;151,097781455879;491
14;-40;160;ROLL_RIGHT;40,2575384040101;79
13;-20;160;ROLL_LEFT;154,917282254159;604
13;-20;160;ROLL_RIGHT;45,7198831593822;101
11;-60;160;ROLL_LEFT;143,612367238024;599
11;-60;160;ROLL_RIGHT;34,1209637727184;98
7;-80;160;ROLL_LEFT;135,89468608661;542
7;-80;160;ROLL_RIGHT;26,1415836951712;104
1;-120;160;ROLL_LEFT;124,974314457223;582
1;-120;160;ROLL_RIGHT;9,87752247914809;107
0;-120;160;ROLL_LEFT;117,063423126321;511
0;-120;160;ROLL_RIGHT;8,64447434661398;98
3;120;-160;ROLL_LEFT;8,51850680861859;75
3;120;-160;ROLL_RIGHT;117,500735039008;403
7;80;-160;ROLL_LEFT;-17,4023061608945;17
7;80;-160;ROLL_RIGHT;106,42261677972;107
10;100;-160;ROLL_LEFT;112,992482920276;181
10;100;-160;ROLL_RIGHT;-8,50339154175764;26
11;120;-160;ROLL_LEFT;113,249401274267;563
11;120;-160;ROLL_RIGHT;1,9665768134246;100
22;100;-160;ROLL_LEFT;69,0676217913937;582
22;100;-160;ROLL_RIGHT;-45,9596964801123;97
25;-80;-160;ROLL_LEFT;44,6285003355955;227
25;-80;-160;ROLL_RIGHT;36,641281009245;426
23;-100;-160;ROLL_LEFT;48,5923376070427;117
23;-100;-160;ROLL_RIGHT;56,8609427843187;406
19;-120;-160;ROLL_LEFT;85,872078215437;270
19;-120;-160;ROLL_RIGHT;73,7815202211887;81
17;-100;-160;ROLL_LEFT;85,3496909249933;367
17;-100;-160;ROLL_RIGHT;75,0553010902378;163
16;-120;-160;ROLL_LEFT;90,8421562231419;58
16;-120;-160;ROLL_RIGHT;104,040405263359;281
14;-140;-160;ROLL_LEFT;120,129015332263;57
14;-140;-160;ROLL_RIGHT;122,456739401864;277
20;160;160;ROLL_LEFT;61,7490229702747;45
20;160;160;ROLL_RIGHT;-29,4728490843859;5
23;120;160;ROLL_LEFT;86,2905575666017;91
23;120;160;ROLL_RIGHT;-33,8858456209381;14
12;100;-160;ROLL_LEFT;109,989668170311;414
12;100;-160;ROLL_RIGHT;-1,31971263132204;80
14;60;-160;ROLL_LEFT;97,6639350444571;787
14;60;-160;ROLL_RIGHT;-10,7221381490639;134
16;80;-160;ROLL_LEFT;100,95540594163;1073
16;80;-160;ROLL_RIGHT;-12,1188114689715;185
17;100;-160;ROLL_LEFT;95,4093501788296;970
17;100;-160;ROLL_RIGHT;-13,4649998707757;175
19;100;-160;ROLL_LEFT;88,567971365872;861
19;100;-160;ROLL_RIGHT;-23,1860500346125;167
25;60;-160;ROLL_LEFT;41,3865193443175;657
25;60;-160;ROLL_RIGHT;-62,2338402731379;117
22;-100;-160;ROLL_LEFT;55,6231254741108;305
22;-100;-160;ROLL_RIGHT;44,4831348397699;97
21;-100;-160;ROLL_LEFT;45,8185590007613;122
21;-100;-160;ROLL_RIGHT;52,2999524147591;395
20;-120;-160;ROLL_LEFT;76,4593922554028;401
20;-120;-160;ROLL_RIGHT;62,5949328112121;72
18;-120;-160;ROLL_LEFT;91,3278025967316;285
18;-120;-160;ROLL_RIGHT;86,0317326975461;63
15;-120;-160;ROLL_LEFT;106,418400314033;261
15;-120;-160;ROLL_RIGHT;97,7092773551613;60
13;-120;-160;ROLL_LEFT;105,090260124929;225
13;-120;-160;ROLL_RIGHT;117,010543347301;173
11;-120;-160;ROLL_LEFT;136,79837121962;314
11;-120;-160;ROLL_RIGHT;123,912463212123;282
10;-120;-160;ROLL_LEFT;146,438080117072;352
10;-120;-160;ROLL_RIGHT;136,514225541593;328
8;-140;-160;ROLL_LEFT;172,948897365031;130
8;-140;-160;ROLL_RIGHT;182,353155718223;317
4;-140;-160;ROLL_LEFT;213,975414731681;412
4;-140;-160;ROLL_RIGHT;194,797369544947;292
1;140;160;ROLL_LEFT;141,568519813571;470
1;140;160;ROLL_RIGHT;143,960906407847;227
7;140;160;ROLL_LEFT;165,601213339497;367
7;140;160;ROLL_RIGHT;44,4103561603351;61
14;100;160;ROLL_LEFT;161,497733789229;342
14;100;160;ROLL_RIGHT;40,8739839817108;51
16;80;160;ROLL_LEFT;163,368566879223;333
16;80;160;ROLL_RIGHT;40,9364702296181;71
17;60;160;ROLL_LEFT;165,343300287858;388
17;60;160;ROLL_RIGHT;43,0402658359526;58
21;40;160;ROLL_LEFT;154,355814284407;291
21;40;160;ROLL_RIGHT;37,0134701629963;57
21;20;160;ROLL_LEFT;158,776173818716;281
21;20;160;ROLL_RIGHT;38,6931279666555;48
22;0;160;ROLL_LEFT;157,06110934598;293
22;0;160;ROLL_RIGHT;32,6438572788704;61
21;-20;160;ROLL_LEFT;155,533847361246;307
21;-20;160;ROLL_RIGHT;40,2014145568947;65
21;-40;160;ROLL_LEFT;151,590524968728;310
21;-40;160;ROLL_RIGHT;25,7119716137627;42
20;-40;160;ROLL_LEFT;153,727667087801;329
20;-40;160;ROLL_RIGHT;38,8833749001683;65
19;-60;160;ROLL_LEFT;150,144074600932;333
19;-60;160;ROLL_RIGHT;36,3088214070081;64
18;-60;160;ROLL_LEFT;148,865399251048;355
18;-60;160;ROLL_RIGHT;37,3123941415479;86
17;-80;160;ROLL_LEFT;145,32046534199;345
17;-80;160;ROLL_RIGHT;30,9887515766872;53
16;-100;160;ROLL_LEFT;139,832765646607;237
16;-100;160;ROLL_RIGHT;19,2510445790766;39
14;-80;160;ROLL_LEFT;143,352013810597;423
14;-80;160;ROLL_RIGHT;32,3383533841867;75
12;-60;160;ROLL_LEFT;146,377347623218;584
12;-60;160;ROLL_RIGHT;35,8833994000069;88
10;-80;160;ROLL_LEFT;138,765984146165;563
10;-80;160;ROLL_RIGHT;29,8792576955761;119
9;-100;160;ROLL_LEFT;135,461753397891;456
9;-100;160;ROLL_RIGHT;22,6329826246424;70
8;-80;160;ROLL_LEFT;137,737173260233;619
8;-80;160;ROLL_RIGHT;25,9267441647336;82
5;-100;160;ROLL_LEFT;131,444586200419;458
5;-100;160;ROLL_RIGHT;17,8357002740765;95
1;120;-160;ROLL_LEFT;7,35210507774692;87
1;120;-160;ROLL_RIGHT;116,799682264679;570
2;120;-160;ROLL_LEFT;5,83714462192789;76
2;120;-160;ROLL_RIGHT;115,621381037622;502
20;40;-160;ROLL_LEFT;76,384782498025;1345
20;40;-160;ROLL_RIGHT;-30,8249311280812;231
24;40;-160;ROLL_LEFT;57,8871064057942;1003
24;40;-160;ROLL_RIGHT;-56,0788287219955;187
25;-20;-160;ROLL_LEFT;14,8713257932933;274
25;-20;-160;ROLL_RIGHT;17,8712082113443;727
20;-100;-160;ROLL_LEFT;54,7435339554338;83
20;-100;-160;ROLL_RIGHT;58,4351714496757;364
3;-100;-160;ROLL_LEFT;122,460510906279;729
3;-100;-160;ROLL_RIGHT;124,414111576876;308
1;120;160;ROLL_LEFT;150,864159343234;293
1;120;160;ROLL_RIGHT;152,211694047344;529
3;140;160;ROLL_LEFT;163,872075448283;481
3;140;160;ROLL_RIGHT;49,9904070069104;87
5;140;160;ROLL_LEFT;166,657933511768;490
5;140;160;ROLL_RIGHT;41,5880786346589;72
6;120;160;ROLL_LEFT;170,481548627691;483
6;120;160;ROLL_RIGHT;58,4350800752038;94
8;100;160;ROLL_LEFT;170,649268344872;492
8;100;160;ROLL_RIGHT;59,4212642740471;96
9;120;160;ROLL_LEFT;168,165860795572;406
9;120;160;ROLL_RIGHT;53,240965002141;70
13;100;160;ROLL_LEFT;165,253490688751;336
13;100;160;ROLL_RIGHT;49,2584934857907;60
14;80;160;ROLL_LEFT;166,39861950182;393
14;80;160;ROLL_RIGHT;50,0532004922008;62
15;80;160;ROLL_LEFT;165,388864509528;360
15;80;160;ROLL_RIGHT;45,7911967760336;45
18;60;160;ROLL_LEFT;163,078179174453;357
18;60;160;ROLL_RIGHT;43,3356986793171;51
19;40;160;ROLL_LEFT;162,50899935414;330
19;40;160;ROLL_RIGHT;49,2048646231093;83
20;40;160;ROLL_LEFT;154,476398940354;323
20;40;160;ROLL_RIGHT;43,2171752468515;50
22;40;160;ROLL_LEFT;150,493537699658;267
22;40;160;ROLL_RIGHT;24,2527482078722;57
24;0;160;ROLL_LEFT;140,966317561643;235
24;0;160;ROLL_RIGHT;8,0432228035662;42
24;-20;160;ROLL_LEFT;144,553331031914;216
24;-20;160;ROLL_RIGHT;7,2635670494016;34
24;-40;160;ROLL_LEFT;139,39852177371;176
24;-40;160;ROLL_RIGHT;11,0214278773424;31
23;-20;160;ROLL_LEFT;152,390021211398;275
23;-20;160;ROLL_RIGHT;27,3223111902334;41
23;-40;160;ROLL_LEFT;146,746998161251;228
23;-40;160;ROLL_RIGHT;14,5914324353497;41
22;-60;160;ROLL_LEFT;145,967607498699;219
22;-60;160;ROLL_RIGHT;22,4720256832392;41
21;-60;160;ROLL_LEFT;146,089176718038;271
21;-60;160;ROLL_RIGHT;29,9526188011089;53
20;-60;160;ROLL_LEFT;149,189443022334;279
20;-60;160;ROLL_RIGHT;33,732863202654;51
18;-40;160;ROLL_LEFT;154,123211071693;416
18;-40;160;ROLL_RIGHT;39,2090495337305;65
17;-20;160;ROLL_LEFT;158,175944151781;483
17;-20;160;ROLL_RIGHT;43,9306321735269;73
16;-60;160;ROLL_LEFT;150,093995352812;431
16;-60;160;ROLL_RIGHT;26,7715805469684;82
15;-60;160;ROLL_LEFT;148,811359222178;510
15;-60;160;ROLL_RIGHT;37,4809566047759;86
13;-60;160;ROLL_LEFT;146,8336104311;516
13;-60;160;ROLL_RIGHT;36,5110081830954;97
11;-80;160;ROLL_LEFT;142,277805949679;500
11;-80;160;ROLL_RIGHT;29,8221407724603;106
8;-100;160;ROLL_LEFT;133,841543488105;443
8;-100;160;ROLL_RIGHT;23,1104867690886;94
6;-100;160;ROLL_LEFT;131,259341873158;497
6;-100;160;ROLL_RIGHT;19,9298161797405;96
2;-120;160;ROLL_LEFT;124,767429423801;511
2;-120;160;ROLL_RIGHT;13,3789203567532;81
4;140;-160;ROLL_LEFT;109,431300988985;206
4;140;-160;ROLL_RIGHT;106,835688490168;487
6;140;-160;ROLL_LEFT;122,337799835629;578
6;140;-160;ROLL_RIGHT;8,65694072121393;105
9;100;-160;ROLL_LEFT;98,0925756230291;153
9;100;-160;ROLL_RIGHT;87,9065077642478;29
11;100;-160;ROLL_LEFT;112,461488115287;319
11;100;-160;ROLL_RIGHT;-1,47819391628296;59
14;100;-160;ROLL_LEFT;106,848161148652;794
14;100;-160;ROLL_RIGHT;-5,88618098666899;150
15;100;-160;ROLL_LEFT;104,617661557031;969
15;100;-160;ROLL_RIGHT;-7,7212607324961;155
24;-80;-160;ROLL_LEFT;36,4537809636295;595
24;-80;-160;ROLL_RIGHT;32,0529282617165;146
21;-120;-160;ROLL_LEFT;70,4325954169975;151
21;-120;-160;ROLL_RIGHT;66,8512892903173;224
19;-100;-160;ROLL_LEFT;73,4996764162971;244
19;-100;-160;ROLL_RIGHT;67,540336056025;298
12;-140;-160;ROLL_LEFT;131,990309278921;50
12;-140;-160;ROLL_RIGHT;143,018075561499;266
9;-120;-160;ROLL_LEFT;156,371056159988;495
9;-120;-160;ROLL_RIGHT;138,791187636558;308
4;-20;-160;ROLL_LEFT;48,2612494256446;105
4;-20;-160;ROLL_RIGHT;65,5339646492109;158
3;-40;-160;ROLL_LEFT;60,513393031489;67
3;-40;-160;ROLL_RIGHT;71,2748828744118;276
1;80;160;ROLL_LEFT;154,102545958561;142
1;80;160;ROLL_RIGHT;155,596759950588;711
5;80;160;ROLL_LEFT;168,199023761083;537
5;80;160;ROLL_RIGHT;57,4283688093532;116
8;80;160;ROLL_LEFT;169,458175380257;517
8;80;160;ROLL_RIGHT;57,8451718872186;102
10;60;160;ROLL_LEFT;168,132813003223;503
10;60;160;ROLL_RIGHT;56,6841344829864;110
11;60;160;ROLL_LEFT;166,966103451813;526
11;60;160;ROLL_RIGHT;56,5216069389594;92
14;0;160;ROLL_LEFT;160,084844367413;608
14;0;160;ROLL_RIGHT;50,3258189330072;129
7;-120;160;ROLL_LEFT;129,211833766192;423
7;-120;160;ROLL_RIGHT;18,9976104512245;61
5;-140;160;ROLL_LEFT;126,555187346689;446
5;-140;160;ROLL_RIGHT;11,2200297744812;60
18;60;-160;ROLL_LEFT;90,5479381977707;1108
18;60;-160;ROLL_RIGHT;-21,0250047161072;197
16;-100;-160;ROLL_LEFT;76,3919550423355;116
16;-100;-160;ROLL_RIGHT;80,9569057123061;385
6;-120;-160;ROLL_LEFT;197,259293125378;498
6;-120;-160;ROLL_RIGHT;146,157844564418;420
3;-80;-160;ROLL_LEFT;113,012357114248;371
3;-80;-160;ROLL_RIGHT;114,556617514334;473
1;-60;-160;ROLL_LEFT;115,850176485786;284
1;-60;-160;ROLL_RIGHT;108,827720397233;328
0;60;160;ROLL_LEFT;140,060092365205;367
0;60;160;ROLL_RIGHT;132,053466653447;320
0;40;160;ROLL_LEFT;88,7790493664925;71
0;40;160;ROLL_RIGHT;121,300871258696;232
1;60;160;ROLL_LEFT;144,154327523215;90
1;60;160;ROLL_RIGHT;147,228506091031;492
2;60;160;ROLL_LEFT;163,653297760265;496
2;60;160;ROLL_RIGHT;50,9757956922543;75
6;60;160;ROLL_LEFT;165,86446527204;532
6;60;160;ROLL_RIGHT;53,847849030132;92
1;-100;160;ROLL_LEFT;122,526771415395;507
1;-100;160;ROLL_RIGHT;11,7345558733981;84
4;80;-160;ROLL_LEFT;-20,7571327914161;17
4;80;-160;ROLL_RIGHT;113,961334773218;94
5;100;-160;ROLL_LEFT;-7,27902574975942;34
5;100;-160;ROLL_RIGHT;112,653674489703;175
11;60;-160;ROLL_LEFT;79,6530533419532;101
11;60;-160;ROLL_RIGHT;83,8600396582625;418
21;20;-160;ROLL_LEFT;64,4454482271636;2004
21;20;-160;ROLL_RIGHT;-44,9132102602562;365
21;0;-160;ROLL_LEFT;49,2431703867921;2760
21;0;-160;ROLL_RIGHT;-54,9101890456633;510
22;0;-160;ROLL_LEFT;45,7287648076108;2391
22;0;-160;ROLL_RIGHT;-58,5475969415964;403
22;-20;-160;ROLL_LEFT;22,6865007449067;1139
22;-20;-160;ROLL_RIGHT;24,9990745730944;1811
21;-20;-160;ROLL_LEFT;33,1431977820364;1179
21;-20;-160;ROLL_RIGHT;31,2484049495302;2356
20;-40;-160;ROLL_LEFT;31,1188691775833;1147
20;-40;-160;ROLL_RIGHT;32,6811799855909;2120
18;-60;-160;ROLL_LEFT;40,2576085495827;933
18;-60;-160;ROLL_RIGHT;43,3056099254569;944
15;-40;-160;ROLL_LEFT;38,2403199228854;2570
15;-40;-160;ROLL_RIGHT;36,7873065536588;2370
15;-20;-160;ROLL_LEFT;41,122916704217;1709
15;-20;-160;ROLL_RIGHT;47,0082750005605;2765
14;-20;-160;ROLL_LEFT;40,6148765449235;950
14;-20;-160;ROLL_RIGHT;36,3695467083333;1823
13;20;-160;ROLL_LEFT;51,5510588169215;324
13;20;-160;ROLL_RIGHT;53,8409470499287;921
13;40;-160;ROLL_LEFT;71,2720880095444;351
13;40;-160;ROLL_RIGHT;70,8180241687669;331
15;40;-160;ROLL_LEFT;91,8998804177865;1460
15;40;-160;ROLL_RIGHT;-15,7035829453024;239
16;40;-160;ROLL_LEFT;88,0178814936348;1187
16;40;-160;ROLL_RIGHT;-22,9383608445461;189
20;-20;-160;ROLL_LEFT;33,341788270963;1564
20;-20;-160;ROLL_RIGHT;34,622040517345;2937
19;-20;-160;ROLL_LEFT;37,5616424477065;1772
19;-20;-160;ROLL_RIGHT;37,1903887991743;3429
18;-40;-160;ROLL_LEFT;34,5138457300767;1818
18;-40;-160;ROLL_RIGHT;33,3350535594224;2805
17;-20;-160;ROLL_LEFT;43,0338629357836;2123
17;-20;-160;ROLL_RIGHT;44,2294727890989;3896
17;0;-160;ROLL_LEFT;64,5009247239322;4164
17;0;-160;ROLL_RIGHT;-42,132594950488;753
17;20;-160;ROLL_LEFT;77,6324176367827;2627
17;20;-160;ROLL_RIGHT;-32,787767567516;464
16;-20;-160;ROLL_LEFT;43,2367347128006;2041
16;-20;-160;ROLL_RIGHT;43,8135817784633;3596
15;-60;-160;ROLL_LEFT;51,0410841873128;1654
15;-60;-160;ROLL_RIGHT;48,2565243688215;1267
14;-60;-160;ROLL_LEFT;62,7983512114607;1498
14;-60;-160;ROLL_RIGHT;47,0958723789895;1496
12;-80;-160;ROLL_LEFT;89,3159955865722;1230
12;-80;-160;ROLL_RIGHT;67,9491574993044;518
2;160;160;ROLL_LEFT;151,782497749339;273
2;160;160;ROLL_RIGHT;28,4102313853922;42
6;140;160;ROLL_LEFT;167,602764432243;445
6;140;160;ROLL_RIGHT;51,9756351483969;88
8;140;160;ROLL_LEFT;160,567075485397;339
8;140;160;ROLL_RIGHT;41,7548067787639;52
11;140;160;ROLL_LEFT;149,586274187588;254
11;140;160;ROLL_RIGHT;24,2820155446261;44
19;20;160;ROLL_LEFT;162,618293388853;377
19;20;160;ROLL_RIGHT;44,3768001557271;50
20;20;160;ROLL_LEFT;161,71630310753;328
20;20;160;ROLL_RIGHT;43,7966561871009;55
20;-20;160;ROLL_LEFT;158,823733370996;372
20;-20;160;ROLL_RIGHT;46,4565180725089;66
19;-40;160;ROLL_LEFT;153,707835493377;396
19;-40;160;ROLL_RIGHT;38,0619615383961;65
17;-60;160;ROLL_LEFT;148,945523846967;390
17;-60;160;ROLL_RIGHT;35,150311643269;62
15;-100;160;ROLL_LEFT;139,634822122981;257
15;-100;160;ROLL_RIGHT;19,2807080566491;39
14;-100;160;ROLL_LEFT;138,46188543968;310
14;-100;160;ROLL_RIGHT;26,6866452280202;58
13;-120;160;ROLL_LEFT;134,691355864314;270
13;-120;160;ROLL_RIGHT;20,4843344999509;53
10;-100;160;ROLL_LEFT;135,719757257596;427
10;-100;160;ROLL_RIGHT;24,4357297605014;66
6;-140;160;ROLL_LEFT;124,69884611915;395
6;-140;160;ROLL_RIGHT;13,1088092674052;74
8;120;-160;ROLL_LEFT;118,421844205769;281
8;120;-160;ROLL_RIGHT;4,15851077360183;53
18;40;-160;ROLL_LEFT;84,5086846886574;1329
18;40;-160;ROLL_RIGHT;-25,7571670438064;230
19;40;-160;ROLL_LEFT;79,1462819913988;1377
19;40;-160;ROLL_RIGHT;-29,3074502550832;217
19;20;-160;ROLL_LEFT;69,8252063330701;2580
19;20;-160;ROLL_RIGHT;-35,7314246425283;454
16;-40;-160;ROLL_LEFT;38,292032746433;2586
16;-40;-160;ROLL_RIGHT;37,1549039703717;2556
11;-80;-160;ROLL_LEFT;76,3394250871685;894
11;-80;-160;ROLL_RIGHT;84,2082824763684;773
5;-120;-160;ROLL_LEFT;160,572427318389;444
5;-120;-160;ROLL_RIGHT;140,383417087864;501
12;60;160;ROLL_LEFT;168,670076391165;516
12;60;160;ROLL_RIGHT;54,4555745414785;83
13;60;160;ROLL_LEFT;168,176519461119;476
13;60;160;ROLL_RIGHT;56,3488690069666;93
16;40;160;ROLL_LEFT;165,67872817047;412
16;40;160;ROLL_RIGHT;52,7484656381102;88
17;40;160;ROLL_LEFT;165,467159317852;377
17;40;160;ROLL_RIGHT;50,796727323588;73
20;0;160;ROLL_LEFT;160,975565398568;368
20;0;160;ROLL_RIGHT;46,1891879389178;75
19;-20;160;ROLL_LEFT;157,678199502785;374
19;-20;160;ROLL_RIGHT;38,4543335560535;60
19;0;160;ROLL_LEFT;160,48804849276;358
19;0;160;ROLL_RIGHT;46,9979292213945;84
18;-20;160;ROLL_LEFT;156,801397508622;416
18;-20;160;ROLL_RIGHT;43,9659141272569;69
17;-40;160;ROLL_LEFT;152,204965209106;458
17;-40;160;ROLL_RIGHT;39,8699925071085;71
12;-100;160;ROLL_LEFT;137,696112774035;337
12;-100;160;ROLL_RIGHT;25,6352987253855;66
10;-120;160;ROLL_LEFT;131,967535992221;362
10;-120;160;ROLL_RIGHT;17,5606671025237;56
22;-40;-160;ROLL_LEFT;21,897570068698;945
22;-40;-160;ROLL_RIGHT;24,4314311544577;1217
21;-40;-160;ROLL_LEFT;30,0298599264922;1088
21;-40;-160;ROLL_RIGHT;28,3555165717639;1659
12;-40;-160;ROLL_LEFT;47,2594925654322;726
12;-40;-160;ROLL_RIGHT;45,4082056831318;1334
7;-80;-160;ROLL_LEFT;80,9612707377311;848
7;-80;-160;ROLL_RIGHT;88,6508162291095;349
3;120;160;ROLL_LEFT;171,127709993202;624
3;120;160;ROLL_RIGHT;58,1904121931412;102
10;120;160;ROLL_LEFT;164,167552215145;364
10;120;160;ROLL_RIGHT;45,4563971801258;61
18;40;160;ROLL_LEFT;165,036716994616;349
18;40;160;ROLL_RIGHT;50,6803573408716;63
13;-100;160;ROLL_LEFT;139,293212142478;324
13;-100;160;ROLL_RIGHT;25,9413605840435;60
11;-120;160;ROLL_LEFT;132,992070771106;311
11;-120;160;ROLL_RIGHT;18,8920919999062;50
4;-140;160;ROLL_LEFT;126,210293600346;467
4;-140;160;ROLL_RIGHT;12,1211783796941;88
0;-160;160;ROLL_LEFT;110,09294103159;69
0;-160;160;ROLL_RIGHT;110,714788029022;455
2;160;-160;ROLL_LEFT;124,967506615382;549
2;160;-160;ROLL_RIGHT;9,90386948538285;81
18;-100;-160;ROLL_LEFT;69,2067687088977;92
18;-100;-160;ROLL_RIGHT;78,4714309033103;364
9;-80;-160;ROLL_LEFT;83,5804821890916;807
9;-80;-160;ROLL_RIGHT;85,4883007942459;553
8;-100;-160;ROLL_LEFT;132,69954886899;654
8;-100;-160;ROLL_RIGHT;113,115943093637;500
3;60;160;ROLL_LEFT;160,40708033096;534
3;60;160;ROLL_RIGHT;50,5821434887154;84
4;20;160;ROLL_LEFT;150,374946345476;245
4;20;160;ROLL_RIGHT;32,7597819112091;47
5;0;160;ROLL_LEFT;148,018905271015;352
5;0;160;ROLL_RIGHT;34,4049207345064;60
4;-20;160;ROLL_LEFT;137,933044484607;276
4;-20;160;ROLL_RIGHT;22,4223245528162;52
3;-40;160;ROLL_LEFT;132,21169336472;290
3;-40;160;ROLL_RIGHT;16,4613965185338;65
0;-60;160;ROLL_LEFT;120,161109632821;149
0;-60;160;ROLL_RIGHT;-4,33571278943934;24
1;80;-160;ROLL_LEFT;8,07499288748589;44
1;80;-160;ROLL_RIGHT;122,411564712833;247
2;60;-160;ROLL_LEFT;-17,5941754639291;8
2;60;-160;ROLL_RIGHT;108,075909534021;76
4;100;-160;ROLL_LEFT;-6,087906740672;26
4;100;-160;ROLL_RIGHT;110,408234656612;210
8;100;-160;ROLL_LEFT;84,5469858910874;27
8;100;-160;ROLL_RIGHT;100,605395425201;145
13;60;-160;ROLL_LEFT;82,3587529256226;213
13;60;-160;ROLL_RIGHT;82,5721116536747;491
16;20;-160;ROLL_LEFT;76,6177568170877;2197
16;20;-160;ROLL_RIGHT;-34,5570916543187;436
16;0;-160;ROLL_LEFT;66,5121497048151;3682
16;0;-160;ROLL_RIGHT;-44,9173751480468;653
13;-60;-160;ROLL_LEFT;58,8829216905207;1561
13;-60;-160;ROLL_RIGHT;60,8836182634245;1092
2;-120;-160;ROLL_LEFT;167,755994434651;444
2;-120;-160;ROLL_RIGHT;140,021661992281;442
3;100;160;ROLL_LEFT;171,13036919759;690
3;100;160;ROLL_RIGHT;61,4131087080289;115
16;-80;160;ROLL_LEFT;144,974305467118;333
16;-80;160;ROLL_RIGHT;31,2127169024672;69
6;-160;160;ROLL_LEFT;120,409580709664;234
6;-160;160;ROLL_RIGHT;9,46635082219262;63
5;200;-160;ROLL_LEFT;102,737844364224;217
5;200;-160;ROLL_RIGHT;-5,74581671545223;42
24;-40;-160;ROLL_LEFT;20,2567648248235;677
24;-40;-160;ROLL_RIGHT;16,4402392881023;393
23;0;-160;ROLL_LEFT;40,7843709554599;1838
23;0;-160;ROLL_RIGHT;-70,3202189790737;328
7;-100;-160;ROLL_LEFT;102,044802365894;804
7;-100;-160;ROLL_RIGHT;124,154316033969;306
4;-120;-160;ROLL_LEFT;151,619708762311;538
4;-120;-160;ROLL_RIGHT;137,629525007667;382
9;100;160;ROLL_LEFT;170,227251098973;488
9;100;160;ROLL_RIGHT;52,9981660423935;67
15;20;160;ROLL_LEFT;163,808484025226;396
15;20;160;ROLL_RIGHT;50,1965398711911;80
15;0;160;ROLL_LEFT;160,352619224174;444
15;0;160;ROLL_RIGHT;48,0613134307663;83
7;-100;160;ROLL_LEFT;131,984908100482;523
7;-100;160;ROLL_RIGHT;21,1128661153024;90
19;0;-160;ROLL_LEFT;55,2707799147372;3967
19;0;-160;ROLL_RIGHT;-45,431449513364;713
8;-60;-160;ROLL_LEFT;62,2664110846889;891
8;-60;-160;ROLL_RIGHT;59,5505320289701;312
5;-20;-160;ROLL_LEFT;57,1597867085694;228
5;-20;-160;ROLL_RIGHT;42,9802223995694;63
2;40;160;ROLL_LEFT;147,992623626423;244
2;40;160;ROLL_RIGHT;29,3556356162894;50
3;40;160;ROLL_LEFT;151,162620964751;268
3;40;160;ROLL_RIGHT;23,894532551059;36
3;20;160;ROLL_LEFT;140,156520672927;154
3;20;160;ROLL_RIGHT;13,7292737449378;36
3;0;160;ROLL_LEFT;132,14733128089;171
3;0;160;ROLL_RIGHT;4,47760294691587;31
20;0;-160;ROLL_LEFT;58,8464638028958;3371
20;0;-160;ROLL_RIGHT;-56,415049123598;593
9;80;160;ROLL_LEFT;169,671041737831;473
9;80;160;ROLL_RIGHT;57,7414352379965;84
15;-20;160;ROLL_LEFT;156,152190346971;432
15;-20;160;ROLL_RIGHT;42,9497004823784;69
13;-80;160;ROLL_LEFT;142,692452279283;502
13;-80;160;ROLL_RIGHT;31,0328180967469;81
23;-20;-160;ROLL_LEFT;23,567179395446;691
23;-20;-160;ROLL_RIGHT;22,6966706908302;1494
14;0;-160;ROLL_LEFT;49,1757483071255;567
14;0;-160;ROLL_RIGHT;51,807049511235;1528
14;20;-160;ROLL_LEFT;66,116354314629;548
14;20;-160;ROLL_RIGHT;64,5845761205184;1092
14;-40;-160;ROLL_LEFT;41,7499101602232;1875
14;-40;-160;ROLL_RIGHT;41,9192742539264;1952
9;-20;-160;ROLL_LEFT;71,9667202281531;302
9;-20;-160;ROLL_RIGHT;77,0957682745681;442
9;40;-160;ROLL_LEFT;-6,09996000019456;69
9;40;-160;ROLL_RIGHT;104,17892794872;323
11;40;-160;ROLL_LEFT;-21,4754136887532;94
11;40;-160;ROLL_RIGHT;87,4826187993505;528
12;60;-160;ROLL_LEFT;83,0979956620511;191
12;60;-160;ROLL_RIGHT;78,7231812440723;468
15;20;-160;ROLL_LEFT;85,4285133598253;1645
15;20;-160;ROLL_RIGHT;-29,0237093706656;289
15;0;-160;ROLL_LEFT;69,622714985998;2545
15;0;-160;ROLL_RIGHT;-39,1352706636071;467
13;0;-160;ROLL_LEFT;39,3629418274009;464
13;0;-160;ROLL_RIGHT;38,1298103793568;1207
9;0;-160;ROLL_LEFT;-8,42904377297325;94
9;0;-160;ROLL_RIGHT;110,83807812311;523
7;-60;-160;ROLL_LEFT;63,2894385839041;695
7;-60;-160;ROLL_RIGHT;65,5930433024411;260
2;-40;-160;ROLL_LEFT;79,9578080036569;273
2;-40;-160;ROLL_RIGHT;62,234921395057;58
5;40;160;ROLL_LEFT;156,7510459082;367
5;40;160;ROLL_RIGHT;43,7301850951042;56
6;-20;160;ROLL_LEFT;145,388225882582;484
6;-20;160;ROLL_RIGHT;33,0022619387884;62
6;120;-160;ROLL_LEFT;99,4790969983805;47
6;120;-160;ROLL_RIGHT;104,683718586729;299
7;120;-160;ROLL_LEFT;100,633320530301;48
7;120;-160;ROLL_RIGHT;102,936002254815;273
2;-140;-160;ROLL_LEFT;258,258544700007;501
2;-140;-160;ROLL_RIGHT;203,238618757208;279
5;160;160;ROLL_LEFT;150,703814719647;315
5;160;160;ROLL_RIGHT;20,3918644413356;63
18;20;160;ROLL_LEFT;163,061349346369;383
18;20;160;ROLL_RIGHT;49,7445202518394;69
18;0;160;ROLL_LEFT;160,742397181304;397
18;0;160;ROLL_RIGHT;48,0435168473827;79
12;-80;160;ROLL_LEFT;141,891698499633;497
12;-80;160;ROLL_RIGHT;31,7431844823587;73
2;-100;160;ROLL_LEFT;125,336317577009;530
2;-100;160;ROLL_RIGHT;14,3000446212427;91
8;140;-160;ROLL_LEFT;119,046141999981;695
8;140;-160;ROLL_RIGHT;7,46440945811351;111
13;100;-160;ROLL_LEFT;109,946049665402;587
13;100;-160;ROLL_RIGHT;-1,01896595014605;106
16;180;160;ROLL_LEFT;41,3312930053602;35
16;180;160;ROLL_RIGHT;-33,9333345364191;6
21;180;160;ROLL_LEFT;21,6523100473083;13
21;180;160;ROLL_RIGHT;-12,5102767802436;2
23;180;160;ROLL_LEFT;14,2725959514155;6
23;180;160;ROLL_RIGHT;-16,7454921626809;2
23;-180;160;ROLL_LEFT;93,4914492804086;41
23;-180;160;ROLL_RIGHT;-20,9030195164762;6
3;-180;160;ROLL_LEFT;108,708835505347;61
3;-180;160;ROLL_RIGHT;112,657444325745;362
2;200;-160;ROLL_LEFT;120,684227418692;281
2;200;-160;ROLL_RIGHT;2,58530467015096;46
4;200;-160;ROLL_LEFT;116,771715105488;223
4;200;-160;ROLL_RIGHT;-1,51443565414352;43
7;200;-160;ROLL_LEFT;99,1656521366198;114
7;200;-160;ROLL_RIGHT;-23,8318963195492;23
15;160;-160;ROLL_LEFT;93,2585359465271;446
15;160;-160;ROLL_RIGHT;-19,8034253042274;84
19;140;-160;ROLL_LEFT;81,8664806383293;396
19;140;-160;ROLL_RIGHT;-33,882779421425;64
7;100;160;ROLL_LEFT;171,627428642684;487
7;100;160;ROLL_RIGHT;57,8229610846472;59
9;40;160;ROLL_LEFT;163,071034290067;568
9;40;160;ROLL_RIGHT;53,5870287133481;104
6;-80;160;ROLL_LEFT;136,311379779434;647
6;-80;160;ROLL_RIGHT;24,3117523945733;104
0;-80;160;ROLL_LEFT;125,916726658174;333
0;-80;160;ROLL_RIGHT;12,2026946460304;69
12;-20;-160;ROLL_LEFT;41,2983383771237;609
12;-20;-160;ROLL_RIGHT;41,4038416485124;889
10;0;-160;ROLL_LEFT;-10,030995472551;114
10;0;-160;ROLL_RIGHT;100,305254010996;694
24;-100;-160;ROLL_LEFT;52,5910214786386;387
24;-100;-160;ROLL_RIGHT;50,1193080019565;147
4;120;160;ROLL_LEFT;170,123600578751;640
4;120;160;ROLL_RIGHT;59,4275581815574;110
9;-80;160;ROLL_LEFT;139,950130898847;561
9;-80;160;ROLL_RIGHT;28,3162118417602;91
23;-140;-160;ROLL_LEFT;77,263741265802;238
23;-140;-160;ROLL_RIGHT;68,5857418159964;64
11;-20;160;ROLL_LEFT;153,735994496202;551
11;-20;160;ROLL_RIGHT;41,611145587807;105
1;140;-160;ROLL_LEFT;9,26567933884152;93
1;140;-160;ROLL_RIGHT;122,166843792683;552
3;160;-160;ROLL_LEFT;122,320284444863;569
3;160;-160;ROLL_RIGHT;8,58073875425695;93
21;-140;-160;ROLL_LEFT;88,5511005438268;228
21;-140;-160;ROLL_RIGHT;79,7736749361551;67
19;-140;-160;ROLL_LEFT;95,9762602857302;204
19;-140;-160;ROLL_RIGHT;88,676950969827;58
15;-160;-160;ROLL_LEFT;114,085772694818;42
15;-160;-160;ROLL_RIGHT;128,825502373006;184
11;-180;-160;ROLL_LEFT;156,08608445054;194
11;-180;-160;ROLL_RIGHT;133,206240085157;36
9;-180;-160;ROLL_LEFT;151,51720771737;35
9;-180;-160;ROLL_RIGHT;189,898158408631;218
7;-160;-160;ROLL_LEFT;223,525055191205;206
7;-160;-160;ROLL_RIGHT;216,528187251234;47
24;-200;-160;ROLL_LEFT;71,9414555165619;73
24;-200;-160;ROLL_RIGHT;22,609265857683;12
21;-200;-160;ROLL_LEFT;89,8986183424744;108
21;-200;-160;ROLL_RIGHT;53,8858996067378;22
19;-200;-160;ROLL_LEFT;98,9228834695138;105
19;-200;-160;ROLL_RIGHT;81,568137922373;27
4;0;160;ROLL_LEFT;144,481959622868;275
4;0;160;ROLL_RIGHT;25,5235497049315;45
2;-40;160;ROLL_LEFT;126,21838757892;185
2;-40;160;ROLL_RIGHT;-3,48927505193743;41
3;100;-160;ROLL_LEFT;-0,266893841230041;32
3;100;-160;ROLL_RIGHT;116,68669842431;251
6;80;-160;ROLL_LEFT;-18,4324504506647;17
6;80;-160;ROLL_RIGHT;107,427063257474;114
9;80;-160;ROLL_LEFT;80,2778882232307;26
9;80;-160;ROLL_RIGHT;90,500691255585;114
12;40;-160;ROLL_LEFT;67,3001439048112;403
12;40;-160;ROLL_RIGHT;67,6533278295487;275
3;-20;-160;ROLL_LEFT;57,5899171152267;38
3;-20;-160;ROLL_RIGHT;69,7203465949695;190
8;40;160;ROLL_LEFT;161,533012582304;574
8;40;160;ROLL_RIGHT;51,2172593356012;103
8;20;160;ROLL_LEFT;158,042147947734;525
8;20;160;ROLL_RIGHT;47,7397809738812;105
8;0;160;ROLL_LEFT;154,038937934751;508
8;0;160;ROLL_RIGHT;44,0655198574051;97
9;20;160;ROLL_LEFT;159,359133162934;603
9;20;160;ROLL_RIGHT;48,1689845121699;99
9;0;160;ROLL_LEFT;156,58659815958;633
9;0;160;ROLL_RIGHT;45,967771622365;94
1;-20;-160;ROLL_LEFT;86,4073224704619;148
1;-20;-160;ROLL_RIGHT;67,7519256859322;66
1;0;-160;ROLL_LEFT;-48,8638647488773;14
1;0;-160;ROLL_RIGHT;61,9823425090547;60
1;20;-160;ROLL_LEFT;-39,5115766278954;7
1;20;-160;ROLL_RIGHT;48,1365468201211;36
1;-40;-160;ROLL_LEFT;109,549048506421;339
1;-40;-160;ROLL_RIGHT;99,6591004910537;66
7;40;160;ROLL_LEFT;162,215750922304;470
7;40;160;ROLL_RIGHT;50,7917516253276;93
8;-20;160;ROLL_LEFT;148,664982770647;540
8;-20;160;ROLL_RIGHT;38,6893257697259;87
18;20;-160;ROLL_LEFT;74,6417629198607;2725
18;20;-160;ROLL_RIGHT;-33,3487059845658;470
14;40;-160;ROLL_LEFT;80,4455442991022;636
14;40;-160;ROLL_RIGHT;77,7318262173057;750
6;-20;-160;ROLL_LEFT;41,3682694544133;95
6;-20;-160;ROLL_RIGHT;59,1275368316248;209
6;0;-160;ROLL_LEFT;-26,8757352394669;26
6;0;-160;ROLL_RIGHT;100,780290577201;158
5;0;-160;ROLL_LEFT;-49,4921256440341;18
5;0;-160;ROLL_RIGHT;74,8165295995397;108
5;20;-160;ROLL_LEFT;-37,9561462193634;10
5;20;-160;ROLL_RIGHT;92,5584267252469;54
3;0;-160;ROLL_LEFT;-36,4638892851132;18
3;0;-160;ROLL_RIGHT;100,250915988367;143
2;-20;-160;ROLL_LEFT;72,7030818558799;203
2;-20;-160;ROLL_RIGHT;54,695372479161;38
9;-200;-160;ROLL_LEFT;133,274944728484;94
9;-200;-160;ROLL_RIGHT;78,9641890765864;18
4;180;160;ROLL_LEFT;123,330096494436;212
4;180;160;ROLL_RIGHT;3,51130909866958;39
17;100;160;ROLL_LEFT;146,884880622269;269
17;100;160;ROLL_RIGHT;21,800466408073;44
18;80;160;ROLL_LEFT;157,340677401501;255
18;80;160;ROLL_RIGHT;23,9849529894694;55
21;80;160;ROLL_LEFT;132,389547896231;210
21;80;160;ROLL_RIGHT;-5,21841404025609;30
25;80;160;ROLL_LEFT;110,532486542261;101
25;80;160;ROLL_RIGHT;-16,2375554759151;34
20;-140;160;ROLL_LEFT;121,19771826769;116
20;-140;160;ROLL_RIGHT;-10,2712008723039;17
16;-160;160;ROLL_LEFT;120,451597456356;93
16;-160;160;ROLL_RIGHT;-4,53349702787869;19
14;-160;160;ROLL_LEFT;115,62711902701;93
14;-160;160;ROLL_RIGHT;0,98130668822425;19
3;-200;160;ROLL_LEFT;10,7640204324208;46
3;-200;160;ROLL_RIGHT;125,67844973226;245
15;60;-160;ROLL_LEFT;100,909408507489;1185
15;60;-160;ROLL_RIGHT;-10,8696688831135;224
17;20;160;ROLL_LEFT;162,913231255086;473
17;20;160;ROLL_RIGHT;51,2535866108755;74
17;0;160;ROLL_LEFT;159,429515647921;414
17;0;160;ROLL_RIGHT;47,0035934246262;71
15;-80;160;ROLL_LEFT;143,260309809441;409
15;-80;160;ROLL_RIGHT;31,0994019285127;67
11;-100;160;ROLL_LEFT;136,794537096917;394
11;-100;160;ROLL_RIGHT;21,9673636453417;55
9;-120;160;ROLL_LEFT;132,715990289025;369
9;-120;160;ROLL_RIGHT;19,7424950250145;82
6;20;-160;ROLL_LEFT;-21,4769377680226;13
6;20;-160;ROLL_RIGHT;108,759725956787;118
8;40;-160;ROLL_LEFT;-5,20203671417857;44
8;40;-160;ROLL_RIGHT;109,664509130917;215
8;60;-160;ROLL_LEFT;-22,0886293138145;25
8;60;-160;ROLL_RIGHT;103,167055743008;154
10;40;-160;ROLL_LEFT;-13,7487966538463;63
10;40;-160;ROLL_RIGHT;96,9975237325335;441
12;20;-160;ROLL_LEFT;53,0216557281983;258
12;20;-160;ROLL_RIGHT;51,344310868729;445
23;120;-160;ROLL_LEFT;69,2825979443532;382
23;120;-160;ROLL_RIGHT;-43,8099257649665;53
8;180;160;ROLL_LEFT;112,615014589538;154
8;180;160;ROLL_RIGHT;-15,0171233074002;34
16;160;160;ROLL_LEFT;85,7397447233731;96
16;160;160;ROLL_RIGHT;-44,1263476221998;17
25;140;160;ROLL_LEFT;46,3955040966442;23
25;140;160;ROLL_RIGHT;-32,1129256512414;5
22;-160;160;ROLL_LEFT;76,7784911255723;42
22;-160;160;ROLL_RIGHT;-29,8490701407935;8
13;160;-160;ROLL_LEFT;99,9401542928755;651
13;160;-160;ROLL_RIGHT;-11,3809067481829;106
11;80;160;ROLL_LEFT;169,753472905316;490
11;80;160;ROLL_RIGHT;57,81174974278;79
23;80;160;ROLL_LEFT;116,82608960956;155
23;80;160;ROLL_RIGHT;-23,876927416717;27
25;-60;160;ROLL_LEFT;117,098437440283;137
25;-60;160;ROLL_RIGHT;-8,4452540654168;39
22;-80;160;ROLL_LEFT;136,550788153512;147
22;-80;160;ROLL_RIGHT;-1,52620354687905;18
20;-80;160;ROLL_LEFT;142,812852198541;225
20;-80;160;ROLL_RIGHT;16,2041931501655;36
19;-80;160;ROLL_LEFT;144,780182761379;244
19;-80;160;ROLL_RIGHT;27,7688462006964;46
18;-100;160;ROLL_LEFT;140,234918826702;186
18;-100;160;ROLL_RIGHT;21,986024262417;30
9;-140;160;ROLL_LEFT;128,667239573848;308
9;-140;160;ROLL_RIGHT;14,750961882028;61
7;-160;160;ROLL_LEFT;123,355439631841;236
7;-160;160;ROLL_RIGHT;4,43734768042805;39
5;-160;160;ROLL_LEFT;121,824597558398;315
5;-160;160;ROLL_RIGHT;9,72339726746517;65
23;-60;160;ROLL_LEFT;140,244411023964;152
23;-60;160;ROLL_RIGHT;-3,21441632314094;22
10;200;-160;ROLL_LEFT;89,4903204535342;61
10;200;-160;ROLL_RIGHT;-27,0527027278639;16
15;200;-160;ROLL_LEFT;38,0395249860842;15
15;200;-160;ROLL_RIGHT;-32,8943862329961;6
17;200;-160;ROLL_LEFT;30,1572391485242;16
17;200;-160;ROLL_RIGHT;-22,5226152757181;5
22;200;-160;ROLL_LEFT;22,1237219058297;6
22;200;-160;ROLL_RIGHT;-24,6660219597157;3
24;200;-160;ROLL_LEFT;26,5041097282569;6
24;200;-160;ROLL_RIGHT;-16,507759614358;2
14;-200;-160;ROLL_LEFT;76,9986193392994;19
14;-200;-160;ROLL_RIGHT;125,280495986707;120
12;-200;-160;ROLL_LEFT;88,4369061119591;15
12;-200;-160;ROLL_RIGHT;131,544464136367;104
7;-200;-160;ROLL_LEFT;48,6095326536961;9
7;-200;-160;ROLL_RIGHT;133,323641336584;75
5;-200;-160;ROLL_LEFT;44,3202056637056;8
5;-200;-160;ROLL_RIGHT;156,905151193673;62
21;-80;160;ROLL_LEFT;140,091914606688;169
21;-80;160;ROLL_RIGHT;8,36177551955895;39
17;-100;160;ROLL_LEFT;139,333796666834;199
17;-100;160;ROLL_RIGHT;18,8675650412521;37
16;-120;160;ROLL_LEFT;134,021882527398;182
16;-120;160;ROLL_RIGHT;1,32819651125241;25
2;0;-160;ROLL_LEFT;-44,4724604047559;22
2;0;-160;ROLL_RIGHT;76,6949290260767;129
0;20;160;ROLL_LEFT;46,5778820430302;25
0;20;160;ROLL_RIGHT;87,5092150840648;108
1;40;160;ROLL_LEFT;134,819698661047;258
1;40;160;ROLL_RIGHT;114,482979567248;33
1;20;160;ROLL_LEFT;68,5176902071479;32
1;20;160;ROLL_RIGHT;109,939597046372;71
2;20;160;ROLL_LEFT;130,096893212257;103
2;20;160;ROLL_RIGHT;-13,4641492363622;18
2;0;160;ROLL_LEFT;98,6680290320787;85
2;0;160;ROLL_RIGHT;-35,996510590731;13
2;-20;160;ROLL_LEFT;113,658110099034;92
2;-20;160;ROLL_RIGHT;-15,7171096580559;28
1;-20;160;ROLL_LEFT;67,6487420795733;43
1;-20;160;ROLL_RIGHT;-44,5235918781287;13
0;-20;160;ROLL_LEFT;52,3195008801489;37
0;-20;160;ROLL_RIGHT;-29,6344323712814;4
1;40;-160;ROLL_LEFT;-38,4627506222063;11
1;40;-160;ROLL_RIGHT;68,9449555285057;37
2;20;-160;ROLL_LEFT;-31,3497024051788;5
2;20;-160;ROLL_RIGHT;70,9158582091743;51
2;40;-160;ROLL_LEFT;-22,3183584103431;8
2;40;-160;ROLL_RIGHT;69,0429942921624;44
3;20;-160;ROLL_LEFT;-25,9337430745374;31
3;20;-160;ROLL_RIGHT;101,4689417958;123
3;40;-160;ROLL_LEFT;-32,0719748255454;11
3;40;-160;ROLL_RIGHT;99,3000732289943;87
4;40;-160;ROLL_LEFT;-23,7831421931607;22
4;40;-160;ROLL_RIGHT;110,255404598783;162
7;60;-160;ROLL_LEFT;-19,4743882271905;10
7;60;-160;ROLL_RIGHT;106,791987383431;88
11;20;160;ROLL_LEFT;163,25041493282;546
11;20;160;ROLL_RIGHT;49,9753026430713;74
11;0;160;ROLL_LEFT;159,139937195421;540
11;0;160;ROLL_RIGHT;48,3391513736847;121
1;-140;160;ROLL_LEFT;120,681414438082;511
1;-140;160;ROLL_RIGHT;8,21949703154655;96
17;-120;-160;ROLL_LEFT;93,7762892458698;65
17;-120;-160;ROLL_RIGHT;96,8822253547386;272
12;-100;-160;ROLL_LEFT;108,885241097562;565
12;-100;-160;ROLL_RIGHT;103,239928828153;407
4;0;-160;ROLL_LEFT;-50,0585659607016;28
4;0;-160;ROLL_RIGHT;89,455564748653;108
4;20;-160;ROLL_LEFT;-20,060965177726;24
4;20;-160;ROLL_RIGHT;105,776843805885;102
5;40;-160;ROLL_LEFT;-21,8008275322351;17
5;40;-160;ROLL_RIGHT;109,000777947399;78
7;40;-160;ROLL_LEFT;-14,1632323451019;25
7;40;-160;ROLL_RIGHT;109,363410894848;137
20;20;-160;ROLL_LEFT;65,6698733014667;2368
20;20;-160;ROLL_RIGHT;-43,2390101918909;434
3;-20;160;ROLL_LEFT;129,866464333107;187
3;-20;160;ROLL_RIGHT;10,4054783544027;33
17;160;-160;ROLL_LEFT;86,0472744343899;288
17;160;-160;ROLL_RIGHT;-31,9578038940037;64
18;-180;160;ROLL_LEFT;109,99426027205;63
18;-180;160;ROLL_RIGHT;-11,8692028134514;11
13;-200;160;ROLL_LEFT;118,20286310206;128
13;-200;160;ROLL_RIGHT;-5,10606693977592;21
1;-40;160;ROLL_LEFT;106,91465339734;112
1;-40;160;ROLL_RIGHT;-26,0419204258173;28
3;60;-160;ROLL_LEFT;-28,4511265022195;6
3;60;-160;ROLL_RIGHT;105,344686150234;68
5;80;-160;ROLL_LEFT;-10,822644329775;19
5;80;-160;ROLL_RIGHT;110,765834105918;104
4;-200;-160;ROLL_LEFT;79,8105855506541;53
4;-200;-160;ROLL_RIGHT;52,773764251618;16
14;140;160;ROLL_LEFT;126,117806573917;203
14;140;160;ROLL_RIGHT;1,08444585687716;34
9;120;-160;ROLL_LEFT;117,712920265829;413
9;120;-160;ROLL_RIGHT;4,82616345068551;50
21;0;160;ROLL_LEFT;159,408576103347;332
21;0;160;ROLL_RIGHT;38,8245635832811;61
17;40;-160;ROLL_LEFT;87,2948325860615;1350
17;40;-160;ROLL_RIGHT;-24,2597433318817;240
19;-120;160;ROLL_LEFT;132,634803874345;99
19;-120;160;ROLL_RIGHT;3,47970367087603;20
17;-140;160;ROLL_LEFT;127,708584749062;110
17;-140;160;ROLL_RIGHT;-15,1119338083497;17
7;100;-160;ROLL_LEFT;90,6398177791865;27
7;100;-160;ROLL_RIGHT;98,4624568803937;140
17;140;160;ROLL_LEFT;97,6860299045522;113
17;140;160;ROLL_RIGHT;-42,0069013209398;17
23;160;160;ROLL_LEFT;34,7258684186068;27
23;160;160;ROLL_RIGHT;-25,0084990174745;4
22;20;160;ROLL_LEFT;155,365023783652;306
22;20;160;ROLL_RIGHT;37,8057919108655;62
15;-120;160;ROLL_LEFT;136,10656075463;209
15;-120;160;ROLL_RIGHT;15,4972238802055;28
13;-140;160;ROLL_LEFT;130,660278824809;188
13;-140;160;ROLL_RIGHT;6,53919998079941;34
9;-160;160;ROLL_LEFT;125,675788195357;179
9;-160;160;ROLL_RIGHT;7,30126812999555;35
5;-20;160;ROLL_LEFT;144,360667562479;328
5;-20;160;ROLL_RIGHT;30,0257914196268;64
17;180;-160;ROLL_LEFT;73,2608137867298;119
17;180;-160;ROLL_RIGHT;-44,7879100617686;18
19;160;-160;ROLL_LEFT;81,6581689495658;200
19;160;-160;ROLL_RIGHT;-40,266962771758;32
21;160;-160;ROLL_LEFT;78,0715490768115;130
21;160;-160;ROLL_RIGHT;-45,5997536803917;22
1;200;160;ROLL_LEFT;76,2194244139888;63
1;200;160;ROLL_RIGHT;35,3957802089708;14
3;200;160;ROLL_LEFT;94,0793442838035;75
3;200;160;ROLL_RIGHT;-34,0609313042897;16
11;-140;-160;ROLL_LEFT;147,129382547364;64
11;-140;-160;ROLL_RIGHT;156,965506701928;264
15;-200;-160;ROLL_LEFT;69,8922507159032;23
15;-200;-160;ROLL_RIGHT;115,501828375724;163
10;80;-160;ROLL_LEFT;90,7424440030451;59
10;80;-160;ROLL_RIGHT;88,4775532043831;152
1;0;160;ROLL_LEFT;9,12783038216285;13
1;0;160;ROLL_RIGHT;26,7995874791557;18
21;180;-160;ROLL_LEFT;55,4304624262011;46
21;180;-160;ROLL_RIGHT;-52,4670651487899;11
10;-200;-160;ROLL_LEFT;68,6640581773792;13
10;-200;-160;ROLL_RIGHT;138,508789915091;76
1;-200;-160;ROLL_LEFT;72,1507894746608;37
1;-200;-160;ROLL_RIGHT;20,88884955816;7
11;180;160;ROLL_LEFT;92,3195188531065;91
11;180;160;ROLL_RIGHT;-31,7616978053344;19
15;180;160;ROLL_LEFT;48,458386996608;50
15;180;160;ROLL_RIGHT;-27,3728371810533;5
25;-100;160;ROLL_LEFT;106,618013673872;97
25;-100;160;ROLL_RIGHT;-40,8352924508555;12
18;-200;160;ROLL_LEFT;119,378920175318;101
18;-200;160;ROLL_RIGHT;-17,0737471100905;17
18;-80;160;ROLL_LEFT;143,916090481823;264
18;-80;160;ROLL_RIGHT;30,5664326924717;60
23;0;160;ROLL_LEFT;153,623225201144;252
23;0;160;ROLL_RIGHT;25,7327020720618;43
22;-40;160;ROLL_LEFT;152,040081832936;278
22;-40;160;ROLL_RIGHT;32,0890744663454;44
17;-200;160;ROLL_LEFT;124,211258544118;133
17;-200;160;ROLL_RIGHT;-0,575878959482961;19
24;-120;-160;ROLL_LEFT;60,6266067452818;85
24;-120;-160;ROLL_RIGHT;67,6336644064096;277
14;-140;160;ROLL_LEFT;129,930242196042;159
14;-140;160;ROLL_RIGHT;-9,2683271742099;18
25;-180;160;ROLL_LEFT;61,9938016873856;28
25;-180;160;ROLL_RIGHT;-24,7085399030381;10
25;20;160;ROLL_LEFT;127,451315751986;173
25;20;160;ROLL_RIGHT;-15,6136432128807;32
25;0;160;ROLL_LEFT;130,006109138875;187
25;0;160;ROLL_RIGHT;-20,3296314540936;21
25;-20;160;ROLL_LEFT;132,407133472512;148
25;-20;160;ROLL_RIGHT;-19,4769521952893;23
25;-40;160;ROLL_LEFT;126,880190487736;146
25;-40;160;ROLL_RIGHT;-2,42103956460358;23
12;-140;160;ROLL_LEFT;128,955789471214;201
12;-140;160;ROLL_RIGHT;14,059158948538;30
8;-140;160;ROLL_LEFT;125,386118471454;351
8;-140;160;ROLL_RIGHT;13,8554711451279;53
22;-20;160;ROLL_LEFT;154,665607570961;300
22;-20;160;ROLL_RIGHT;35,5874101288886;43
21;-100;160;ROLL_LEFT;127,407289405183;101
21;-100;160;ROLL_RIGHT;-10,6291013191897;25
25;180;-160;ROLL_LEFT;36,1732126675562;19
25;180;-160;ROLL_RIGHT;-39,9243050426334;6
21;140;-160;ROLL_LEFT;75,2656839659167;271
21;140;-160;ROLL_RIGHT;-39,785452533161;44
4;160;160;ROLL_LEFT;145,776799116777;263
4;160;160;ROLL_RIGHT;33,8639616057754;56
10;-200;160;ROLL_LEFT;116,209557299551;153
10;-200;160;ROLL_RIGHT;-0,567789637778632;25
8;-200;160;ROLL_LEFT;106,668719955942;166
8;-200;160;ROLL_RIGHT;92,6315458213465;29
11;200;160;ROLL_LEFT;39,4857382241431;30
11;200;160;ROLL_RIGHT;-16,660853593522;3
19;200;160;ROLL_LEFT;39,1006857027213;12
19;200;160;ROLL_RIGHT;-14,7457255783181;2
25;-200;160;ROLL_LEFT;107,598180422497;78
25;-200;160;ROLL_RIGHT;-17,6340520770352;6
24;-180;160;ROLL_LEFT;82,4101108038393;34
24;-180;160;ROLL_RIGHT;-14,0204133742289;4
22;-180;160;ROLL_LEFT;97,5115032047936;38
22;-180;160;ROLL_RIGHT;-6,99537979223471;5
20;-200;160;ROLL_LEFT;117,476335525579;95
20;-200;160;ROLL_RIGHT;-21,0526515557994;19
23;180;-160;ROLL_LEFT;42,1699676788312;33
23;180;-160;ROLL_RIGHT;-38,9990414124515;6
24;-60;160;ROLL_LEFT;126,920077804739;124
24;-60;160;ROLL_RIGHT;-14,5024336230806;15
17;-120;160;ROLL_LEFT;135,182287288909;155
17;-120;160;ROLL_RIGHT;2,36637465075142;25
25;-160;160;ROLL_LEFT;65,0690291465315;27
25;-160;160;ROLL_RIGHT;-17,8717880978337;2
5;-200;160;ROLL_LEFT;7,92310093018846;27
5;-200;160;ROLL_RIGHT;126,343652155623;195
19;-100;160;ROLL_LEFT;136,490868496336;161
19;-100;160;ROLL_RIGHT;15,0159022830694;37
9;200;-160;ROLL_LEFT;77,7803609544051;69
9;200;-160;ROLL_RIGHT;-28,7071710796678;14
13;200;160;ROLL_LEFT;30,7512570227877;19
13;200;160;ROLL_RIGHT;-22,005980466462;4
20;180;160;ROLL_LEFT;22,0281218775903;16
20;180;160;ROLL_RIGHT;-6,58940142946017;1
22;180;160;ROLL_LEFT;15,4627000902341;6
22;180;160;ROLL_RIGHT;-9,71190503885237;1
24;160;160;ROLL_LEFT;55,6642511865133;23
24;160;160;ROLL_RIGHT;-5,99055157458566;2
8;-200;-160;ROLL_LEFT;108,004399060825;45
8;-200;-160;ROLL_RIGHT;55,8605395738298;7
2;200;160;ROLL_LEFT;88,7307616127154;50
2;200;160;ROLL_RIGHT;-30,8546030972915;15
20;-180;160;ROLL_LEFT;109,78376671931;44
20;-180;160;ROLL_RIGHT;-11,76681168532;13
22;100;160;ROLL_LEFT;105,395853922198;124
22;100;160;ROLL_RIGHT;-16,549708505371;25
15;-200;160;ROLL_LEFT;119,865657995336;94
15;-200;160;ROLL_RIGHT;-10,2955825674643;18
13;200;-160;ROLL_LEFT;50,8528506466947;25
13;200;-160;ROLL_RIGHT;-26,3256538882324;4
23;-80;160;ROLL_LEFT;127,288265479043;116
23;-80;160;ROLL_RIGHT;-3,60237916639666;28
2;-200;-160;ROLL_LEFT;46,8917495515551;12
2;-200;-160;ROLL_RIGHT;72,2258515401867;43
22;160;160;ROLL_LEFT;43,3623605024947;23
22;160;160;ROLL_RIGHT;-29,3912366287055;6
6;200;160;ROLL_LEFT;74,9815963271621;60
6;200;160;ROLL_RIGHT;-33,9202870258541;9
13;180;160;ROLL_LEFT;62,8988699625318;61
13;180;160;ROLL_RIGHT;-37,395891294953;10
0;0;160;ROLL_LEFT;3,15202564041287;8
0;0;160;ROLL_RIGHT;43,4864427555139;28
22;-200;160;ROLL_LEFT;125,526060614911;125
22;-200;160;ROLL_RIGHT;2,85491043785682;16
21;100;160;ROLL_LEFT;109,154725978162;127
21;100;160;ROLL_RIGHT;-5,46638469139315;23
24;-120;160;ROLL_LEFT;96,1514320023043;68
24;-120;160;ROLL_RIGHT;-21,8999317974263;8
8;200;160;ROLL_LEFT;69,697687680464;44
8;200;160;ROLL_RIGHT;-43,7466211964181;10
22;-100;160;ROLL_LEFT;123,86385279178;98
22;-100;160;ROLL_RIGHT;-13,9146810524515;14
23;-200;-160;ROLL_LEFT;83,531488494573;85
23;-200;-160;ROLL_RIGHT;35,9410597133015;16
19;180;160;ROLL_LEFT;21,109094317501;12
19;180;160;ROLL_RIGHT;-26,3092978259374;3
21;160;160;ROLL_LEFT;37,431301215345;27
21;160;160;ROLL_RIGHT;-44,8532460262102;8
10;200;160;ROLL_LEFT;41,0455420450897;27
10;200;160;ROLL_RIGHT;-36,769121462385;6
16;200;-160;ROLL_LEFT;41,6532445183362;20
16;200;-160;ROLL_RIGHT;-29,538672315376;4
25;200;-160;ROLL_LEFT;24,9464747761356;7
25;200;-160;ROLL_RIGHT;-4,99483455735458;1
9;200;160;ROLL_LEFT;61,8356200910741;30
9;200;160;ROLL_RIGHT;-37,6324558180437;10
14;200;-160;ROLL_LEFT;53,5312743034187;21
14;200;-160;ROLL_RIGHT;-31,9584480883344;6
18;180;160;ROLL_LEFT;32,5942564682814;20
18;180;160;ROLL_RIGHT;-32,430775597373;5
23;200;-160;ROLL_LEFT;37,2492441067948;17
23;200;-160;ROLL_RIGHT;-12,7306905077465;2
12;200;160;ROLL_LEFT;40,8937575232771;19
12;200;160;ROLL_RIGHT;-17,9544689329539;2
25;180;160;ROLL_LEFT;34,018592805179;9
25;180;160;ROLL_RIGHT;-11,7390985345134;2
19;200;-160;ROLL_LEFT;29,7492476410589;14
19;200;-160;ROLL_RIGHT;0;0
18;200;-160;ROLL_LEFT;29,2999657977761;16
18;200;-160;ROLL_RIGHT;-12,6714935664301;2
21;200;-160;ROLL_LEFT;24,600791460614;10
21;200;-160;ROLL_RIGHT;-9,91856769067074;1
15;200;160;ROLL_LEFT;13,2391082721602;6
15;200;160;ROLL_RIGHT;-29,3473156509001;4
18;200;160;ROLL_LEFT;25,1866519502778;6
18;200;160;ROLL_RIGHT;-9,42833696979917;1
20;200;160;ROLL_LEFT;13,4492378096743;5
20;200;160;ROLL_RIGHT;-17,531043532675;2
23;200;160;ROLL_LEFT;13,8470804237444;3
23;200;160;ROLL_RIGHT;-16,9237390892799;2
21;200;160;ROLL_LEFT;12,4983768722021;7
21;200;160;ROLL_RIGHT;-13,0650774313775;3
24;200;160;ROLL_LEFT;16,9413454925945;4
24;200;160;ROLL_RIGHT;-15,6867711296655;2
17;200;160;ROLL_LEFT;10,1371452403384;5
17;200;160;ROLL_RIGHT;-15,0683833633351;2
14;200;160;ROLL_LEFT;17,203741242671;9
14;200;160;ROLL_RIGHT;-17,4462155452553;2
16;200;160;ROLL_LEFT;15,6421700963893;7
16;200;160;ROLL_RIGHT;-11,4151305943708;2
24;180;160;ROLL_LEFT;17,885248660646;4
24;180;160;ROLL_RIGHT;-2,42705872032021;2
20;200;-160;ROLL_LEFT;26,4521157869776;10
20;200;-160;ROLL_RIGHT;-5,17114603878926;2
25;200;160;ROLL_LEFT;17,9451018499951;3
25;200;160;ROLL_RIGHT;-4,63641375733676;2
22;200;160;ROLL_LEFT;11,4732257202273;1
22;200;160;ROLL_RIGHT;-0,413215268611678;1
