﻿<?xml version="1.0" encoding="UTF-8"?>
<Levels>
  <Level1>
    <Description />
    <Tips />
    <BallStartingPosition X="120" Y="664" />
    <SquareStartingPosition X="-1000" Y="-1000" />
    <Collectibles>
      <Collectible X="504" Y="472" />
      <Collectible X="952" Y="680" />
    </Collectibles>
    <GreenObstacles />
    <BlackObstacles>
      <Obstacle width="176" height="144" X="424" Y="584" centered="false" />
    </BlackObstacles>
    <YellowObstacles />
    <GreenElevators />
    <OrangeElevators />
    <HighScores>
      <HighScore name="UCMAgent" value="5" />
      <HighScore name="UCMAgent" value="5" />
      <HighScore name="UCMAgent" value="5" />
      <HighScore name="UCMAgent" value="5" />
      <HighScore name="UCMAgent" value="5" />
    </HighScores>
  </Level1>
  <Level2>
    <Description />
    <Tips />
    <BallStartingPosition X="1112" Y="680" />
    <SquareStartingPosition X="-1000" Y="-1000" />
    <Collectibles>
      <Collectible X="344" Y="264" />
      <Collectible X="360" Y="568" />
      <Collectible X="728" Y="488" />
    </Collectibles>
    <GreenObstacles />
    <BlackObstacles>
      <Obstacle width="176" height="64" X="648" Y="584" centered="false" />
      <Obstacle width="128" height="64" X="296" Y="408" centered="false" />
    </BlackObstacles>
    <YellowObstacles />
    <GreenElevators />
    <OrangeElevators />
    <HighScores>
      <HighScore name="UCMAgent" value="13" />
      <HighScore name="UCMAgent" value="13" />
      <HighScore name="UCMAgent" value="14" />
      <HighScore name="UCMAgent" value="15" />
      <HighScore name="UCMAgent" value="15" />
    </HighScores>
  </Level2>
  <Level3>
    <Description />
    <Tips />
    <BallStartingPosition X="392" Y="424" />
    <SquareStartingPosition X="-1000" Y="-1000" />
    <Collectibles>
      <Collectible X="184" Y="184" />
      <Collectible X="760" Y="184" />
      <Collectible X="1192" Y="152" />
    </Collectibles>
    <GreenObstacles />
    <BlackObstacles>
      <Obstacle width="16" height="16" X="8" Y="24" centered="false" />
      <Obstacle width="208" height="448" X="1032" Y="312" centered="false" />
      <Obstacle width="336" height="272" X="136" Y="472" centered="false" />
      <Obstacle width="336" height="288" X="136" Y="472" centered="false" />
      <Obstacle width="352" height="288" X="568" Y="472" centered="false" />
    </BlackObstacles>
    <YellowObstacles />
    <GreenElevators />
    <OrangeElevators />
    <HighScores>
      <HighScore name="UCMAgent" value="17" />
      <HighScore name="UCMAgent" value="17" />
      <HighScore name="UCMAgent" value="17" />
      <HighScore name="UCMAgent" value="18" />
      <HighScore name="UCMAgent" value="19" />
    </HighScores>
  </Level3>
  <Level4>
    <Description />
    <Tips />
    <BallStartingPosition X="88" Y="184" />
    <SquareStartingPosition X="-1000" Y="-1000" />
    <Collectibles>
      <Collectible X="360" Y="344" />
      <Collectible X="1032" Y="440" />
      <Collectible X="1176" Y="136" />
      <Collectible X="632" Y="680" />
    </Collectibles>
    <GreenObstacles />
    <BlackObstacles>
      <Obstacle width="352" height="32" X="40" Y="248" centered="false" />
      <Obstacle width="320" height="32" X="344" Y="408" centered="false" />
      <Obstacle width="336" height="32" X="600" Y="248" centered="false" />
      <Obstacle width="128" height="32" X="1112" Y="248" centered="false" />
      <Obstacle width="416" height="32" X="824" Y="488" centered="false" />
    </BlackObstacles>
    <YellowObstacles />
    <GreenElevators />
    <OrangeElevators />
    <HighScores>
      <HighScore name="UCMAgent" value="18" />
      <HighScore name="UCMAgent" value="18" />
      <HighScore name="UCMAgent" value="18" />
      <HighScore name="UCMAgent" value="19" />
      <HighScore name="UCMAgent" value="19" />
    </HighScores>
  </Level4>
  <Level5>
    <Description />
    <Tips />
    <BallStartingPosition X="88" Y="184" />
    <SquareStartingPosition X="-1000" Y="-1000" />
    <Collectibles>
      <Collectible X="616" Y="120" />
      <Collectible X="280" Y="536" />
    </Collectibles>
    <GreenObstacles />
    <BlackObstacles>
      <Obstacle width="288" height="32" X="40" Y="264" centered="false" />
      <Obstacle width="352" height="32" X="648" Y="168" centered="false" />
      <Obstacle width="368" height="32" X="232" Y="632" centered="false" />
      <Obstacle width="400" height="32" X="840" Y="424" centered="false" />
    </BlackObstacles>
    <YellowObstacles />
    <GreenElevators />
    <OrangeElevators />
    <HighScores>
      <HighScore name="UCMAgent" value="17" />
      <HighScore name="UCMAgent" value="17" />
      <HighScore name="UCMAgent" value="17" />
    </HighScores>
  </Level5>
  <Level6>
    <Description />
    <Tips />
    <BallStartingPosition X="88" Y="360" />
    <SquareStartingPosition X="-1000" Y="-1000" />
    <Collectibles>
      <Collectible X="1192" Y="136" />
      <Collectible X="824" Y="696" />
    </Collectibles>
    <GreenObstacles />
    <BlackObstacles>
      <Obstacle width="112" height="512" X="1128" Y="248" centered="false" />
      <Obstacle width="720" height="320" X="40" Y="440" centered="false" />
    </BlackObstacles>
    <YellowObstacles />
    <GreenElevators />
    <OrangeElevators />
    <HighScores>
      <HighScore name="UCMAgent" value="9" />
      <HighScore name="UCMAgent" value="9" />
      <HighScore name="UCMAgent" value="9" />
      <HighScore name="UCMAgent" value="9" />
      <HighScore name="UCMAgent" value="9" />
    </HighScores>
  </Level6>
  <Level7>
    <Description />
    <Tips />
    <BallStartingPosition X="1064" Y="680" />
    <SquareStartingPosition X="-1000" Y="-1000" />
    <Collectibles>
      <Collectible X="632" Y="344" />
      <Collectible X="376" Y="504" />
      <Collectible X="920" Y="232" />
    </Collectibles>
    <GreenObstacles />
    <BlackObstacles>
      <Obstacle width="128" height="80" X="312" Y="568" centered="false" />
      <Obstacle width="128" height="80" X="568" Y="440" centered="false" />
      <Obstacle width="96" height="80" X="872" Y="296" centered="false" />
    </BlackObstacles>
    <YellowObstacles />
    <GreenElevators />
    <OrangeElevators />
    <HighScores>
      <HighScore name="UCMAgent" value="13" />
      <HighScore name="UCMAgent" value="13" />
      <HighScore name="UCMAgent" value="15" />
      <HighScore name="UCMAgent" value="15" />
      <HighScore name="UCMAgent" value="16" />
    </HighScores>
  </Level7>
  <Level8>
    <Description />
    <Tips />
    <BallStartingPosition X="120" Y="88" />
    <SquareStartingPosition X="-1000" Y="-1000" />
    <Collectibles>
      <Collectible X="600" Y="360" />
      <Collectible X="600" Y="616" />
      <Collectible X="1192" Y="696" />
    </Collectibles>
    <GreenObstacles />
    <BlackObstacles>
      <Obstacle width="1072" height="32" X="40" Y="152" centered="false" />
      <Obstacle width="1072" height="32" X="168" Y="280" centered="false" />
      <Obstacle width="1072" height="32" X="40" Y="408" centered="false" />
      <Obstacle width="1072" height="32" X="168" Y="536" centered="false" />
      <Obstacle width="1088" height="32" X="40" Y="664" centered="false" />
    </BlackObstacles>
    <YellowObstacles />
    <GreenElevators />
    <OrangeElevators />
    <HighScores>
      <HighScore name="UCMAgent" value="31" />
      <HighScore name="UCMAgent" value="31" />
      <HighScore name="UCMAgent" value="31" />
      <HighScore name="UCMAgent" value="32" />
      <HighScore name="UCMAgent" value="32" />
    </HighScores>
  </Level8>
  <Level9>
    <Description />
    <Tips />
    <BallStartingPosition X="104" Y="696" />
    <SquareStartingPosition X="-1000" Y="-1000" />
    <Collectibles>
      <Collectible X="1160" Y="120" />
      <Collectible X="1160" Y="504" />
      <Collectible X="1160" Y="680" />
      <Collectible X="104" Y="88" />
    </Collectibles>
    <GreenObstacles />
    <BlackObstacles>
      <Obstacle width="688" height="32" X="552" Y="568" centered="false" />
      <Obstacle width="304" height="32" X="936" Y="424" centered="false" />
      <Obstacle width="128" height="128" X="1112" Y="296" centered="false" />
      <Obstacle width="624" height="32" X="40" Y="312" centered="false" />
    </BlackObstacles>
    <YellowObstacles />
    <GreenElevators />
    <OrangeElevators />
    <HighScores>
      <HighScore name="UCMAgent" value="38" />
      <HighScore name="UCMAgent" value="38" />
      <HighScore name="UCMAgent" value="39" />
      <HighScore name="UCMAgent" value="42" />
      <HighScore name="UCMAgent" value="43" />
    </HighScores>
  </Level9>
  <Level10>
    <Description />
    <Tips />
    <BallStartingPosition X="1176" Y="344" />
    <SquareStartingPosition X="-1000" Y="-1000" />
    <Collectibles>
      <Collectible X="120" Y="104" />
      <Collectible X="760" Y="680" />
    </Collectibles>
    <GreenObstacles />
    <BlackObstacles>
      <Obstacle width="432" height="352" X="808" Y="408" centered="false" />
      <Obstacle width="240" height="352" X="40" Y="408" centered="false" />
      <Obstacle width="336" height="256" X="376" Y="504" centered="false" />
    </BlackObstacles>
    <YellowObstacles />
    <GreenElevators />
    <OrangeElevators />
    <HighScores>
      <HighScore name="UCMAgent" value="17" />
      <HighScore name="UCMAgent" value="23" />
      <HighScore name="UCMAgent" value="24" />
      <HighScore name="UCMAgent" value="27" />
      <HighScore name="UCMAgent" value="28" />
    </HighScores>
  </Level10>
</Levels>