﻿<?xml version="1.0" encoding="UTF-8"?>
<Levels>
  <Level1>
    <Description />
    <Tips />
    <BallStartingPosition X="1048" Y="712" />
    <SquareStartingPosition X="-1000" Y="-1000" />
    <Collectibles>
      <Collectible X="568" Y="104" />
    </Collectibles>
    <GreenObstacles />
    <BlackObstacles>
      <Obstacle width="144" height="320" X="488" Y="440" centered="false" />
    </BlackObstacles>
    <YellowObstacles />
    <GreenElevators />
    <OrangeElevators />
    <TimeLimit value="120" />
    <HighScores>
      <HighScore name="UCMAgent" value="12" />
      <HighScore name="UCMAgent" value="15" />
    </HighScores>
  </Level1>
  <Level2>
    <Description />
    <Tips />
    <BallStartingPosition X="424" Y="200" />
    <SquareStartingPosition X="-1000" Y="-1000" />
    <Collectibles>
      <Collectible X="72" Y="136" />
      <Collectible X="536" Y="312" />
      <Collectible X="968" Y="728" />
    </Collectibles>
    <GreenObstacles />
    <BlackObstacles>
      <Obstacle width="160" height="32" X="40" Y="184" centered="false" />
      <Obstacle width="272" height="32" X="216" Y="248" centered="false" />
    </BlackObstacles>
    <YellowObstacles />
    <GreenElevators />
    <OrangeElevators />
    <TimeLimit value="120" />
    <HighScores>
      <HighScore name="UCMAgent" value="11" />
      <HighScore name="UCMAgent" value="32" />
    </HighScores>
  </Level2>
  <Level3>
    <Description />
    <Tips />
    <BallStartingPosition X="600" Y="712" />
    <SquareStartingPosition X="-1000" Y="-1000" />
    <Collectibles>
      <Collectible X="632" Y="200" />
      <Collectible X="1096" Y="424" />
    </Collectibles>
    <GreenObstacles />
    <BlackObstacles>
      <Obstacle width="304" height="32" X="40" Y="472" centered="false" />
      <Obstacle width="320" height="32" X="920" Y="472" centered="false" />
      <Obstacle width="480" height="32" X="392" Y="248" centered="false" />
    </BlackObstacles>
    <YellowObstacles />
    <GreenElevators />
    <OrangeElevators />
    <TimeLimit value="120" />
    <HighScores>
      <HighScore name="UCMAgent" value="8" />
      <HighScore name="UCMAgent" value="14" />
    </HighScores>
  </Level3>
  <Level4>
    <Description />
    <Tips />
    <BallStartingPosition X="856" Y="248" />
    <SquareStartingPosition X="-1000" Y="-1000" />
    <Collectibles>
      <Collectible X="728" Y="88" />
      <Collectible X="552" Y="152" />
    </Collectibles>
    <GreenObstacles />
    <BlackObstacles>
      <Obstacle width="32" height="528" X="664" Y="40" centered="false" />
      <Obstacle width="208" height="32" X="456" Y="216" centered="false" />
      <Obstacle width="208" height="32" X="696" Y="296" centered="false" />
      <Obstacle width="224" height="32" X="40" Y="440" centered="false" />
    </BlackObstacles>
    <YellowObstacles />
    <GreenElevators />
    <OrangeElevators />
    <TimeLimit value="120" />
    <HighScores>
      <HighScore name="UCMAgent" value="15" />
    </HighScores>
  </Level4>
  <Level5>
    <Description />
    <Tips />
    <BallStartingPosition X="1112" Y="408" />
    <SquareStartingPosition X="-1000" Y="-1000" />
    <Collectibles>
      <Collectible X="136" Y="392" />
      <Collectible X="648" Y="232" />
    </Collectibles>
    <GreenObstacles />
    <BlackObstacles>
      <Obstacle width="320" height="304" X="40" Y="456" centered="false" />
      <Obstacle width="352" height="288" X="472" Y="472" centered="false" />
      <Obstacle width="304" height="304" X="936" Y="456" centered="false" />
    </BlackObstacles>
    <YellowObstacles />
    <GreenElevators />
    <OrangeElevators />
    <TimeLimit value="120" />
    <HighScores>
      <HighScore name="UCMAgent" value="11" />
      <HighScore name="UCMAgent" value="77" />
    </HighScores>
  </Level5>
  <Level6>
    <Description />
    <Tips />
    <BallStartingPosition X="600" Y="712" />
    <SquareStartingPosition X="-1000" Y="-1000" />
    <Collectibles>
      <Collectible X="88" Y="712" />
      <Collectible X="1160" Y="712" />
      <Collectible X="88" Y="488" />
      <Collectible X="1160" Y="488" />
      <Collectible X="424" Y="392" />
      <Collectible X="776" Y="392" />
      <Collectible X="600" Y="264" />
      <Collectible X="600" Y="120" />
      <Collectible X="88" Y="328" />
      <Collectible X="1160" Y="328" />
      <Collectible X="88" Y="200" />
      <Collectible X="88" Y="88" />
      <Collectible X="1160" Y="200" />
      <Collectible X="1160" Y="88" />
    </Collectibles>
    <GreenObstacles />
    <BlackObstacles>
      <Obstacle width="352" height="32" X="40" Y="536" centered="false" />
      <Obstacle width="432" height="32" X="808" Y="536" centered="false" />
      <Obstacle width="400" height="32" X="408" Y="312" centered="false" />
      <Obstacle width="208" height="32" X="40" Y="248" centered="false" />
      <Obstacle width="224" height="32" X="1016" Y="248" centered="false" />
    </BlackObstacles>
    <YellowObstacles />
    <GreenElevators />
    <OrangeElevators />
    <TimeLimit value="180" />
    <HighScores>
      <HighScore name="UCMAgent" value="50" />
    </HighScores>
  </Level6>
  <Level7>
    <Description />
    <Tips />
    <BallStartingPosition X="88" Y="712" />
    <SquareStartingPosition X="-1000" Y="-1000" />
    <Collectibles>
      <Collectible X="88" Y="168" />
    </Collectibles>
    <GreenObstacles />
    <BlackObstacles>
      <Obstacle width="304" height="32" X="40" Y="216" centered="false" />
      <Obstacle width="128" height="32" X="344" Y="360" centered="false" />
      <Obstacle width="32" height="384" X="504" Y="248" centered="false" />
      <Obstacle width="192" height="32" X="536" Y="600" centered="false" />
      <Obstacle width="256" height="32" X="504" Y="216" centered="false" />
      <Obstacle width="192" height="32" X="856" Y="440" centered="false" />
    </BlackObstacles>
    <YellowObstacles />
    <GreenElevators />
    <OrangeElevators />
    <TimeLimit value="180" />
    <HighScores>
      <HighScore name="UCMAgent" value="21" />
    </HighScores>
  </Level7>
  <Level8>
    <Description />
    <Tips />
    <BallStartingPosition X="632" Y="88" />
    <SquareStartingPosition X="-1000" Y="-1000" />
    <Collectibles>
      <Collectible X="664" Y="424" />
    </Collectibles>
    <GreenObstacles />
    <BlackObstacles>
      <Obstacle width="304" height="32" X="184" Y="632" centered="false" />
      <Obstacle width="32" height="496" X="184" Y="136" centered="false" />
      <Obstacle width="912" height="32" X="216" Y="136" centered="false" />
      <Obstacle width="32" height="336" X="1096" Y="168" centered="false" />
      <Obstacle width="496" height="32" X="600" Y="472" centered="false" />
      <Obstacle width="32" height="144" X="600" Y="344" centered="false" />
      <Obstacle width="352" height="32" X="632" Y="344" centered="false" />
    </BlackObstacles>
    <YellowObstacles />
    <GreenElevators />
    <OrangeElevators />
    <TimeLimit value="180" />
    <HighScores>
      <HighScore name="UCMAgent" value="25" />
      <HighScore name="UCMAgent" value="27" />
    </HighScores>
  </Level8>
  <Level9>
    <Description />
    <Tips />
    <BallStartingPosition X="168" Y="168" />
    <SquareStartingPosition X="-1000" Y="-1000" />
    <Collectibles>
      <Collectible X="248" Y="472" />
      <Collectible X="88" Y="696" />
      <Collectible X="1192" Y="696" />
    </Collectibles>
    <GreenObstacles />
    <BlackObstacles>
      <Obstacle width="32" height="304" X="152" Y="216" centered="false" />
      <Obstacle width="1024" height="32" X="152" Y="520" centered="false" />
    </BlackObstacles>
    <YellowObstacles />
    <GreenElevators />
    <OrangeElevators />
    <TimeLimit value="120" />
    <HighScores>
      <HighScore name="UCMAgent" value="23" />
    </HighScores>
  </Level9>
  <Level10>
    <Description />
    <Tips />
    <BallStartingPosition X="584" Y="312" />
    <SquareStartingPosition X="-1000" Y="-1000" />
    <Collectibles>
      <Collectible X="696" Y="440" />
      <Collectible X="696" Y="536" />
      <Collectible X="696" Y="632" />
      <Collectible X="264" Y="296" />
    </Collectibles>
    <GreenObstacles />
    <BlackObstacles>
      <Obstacle width="176" height="32" X="472" Y="360" centered="false" />
    </BlackObstacles>
    <YellowObstacles />
    <GreenElevators />
    <OrangeElevators />
    <TimeLimit value="120" />
    <HighScores>
      <HighScore name="UCMAgent" value="12" />
    </HighScores>
  </Level10>
</Levels>