﻿<?xml version="1.0" encoding="UTF-8"?>
<Levels>
  <Level1>
    <Description />
    <Tips />
    <BallStartingPosition X="88" Y="360" />
    <SquareStartingPosition X="-1000" Y="-1000" />
    <Collectibles>
      <Collectible X="1192" Y="136" />
      <Collectible X="824" Y="696" />
    </Collectibles>
    <GreenObstacles />
    <BlackObstacles>
      <Obstacle width="112" height="512" X="1128" Y="248" centered="false" />
      <Obstacle width="720" height="320" X="40" Y="440" centered="false" />
    </BlackObstacles>
    <YellowObstacles />
    <GreenElevators />
    <OrangeElevators />
    <TimeLimit value="30" />
    <HighScores>
      <HighScore name="UCMAgent" value="9" />
      <HighScore name="UCMAgent" value="9" />
      <HighScore name="UCMAgent" value="9" />
    </HighScores>
  </Level1>
  <Level2>
    <Description />
    <Tips />
    <BallStartingPosition X="1112" Y="680" />
    <SquareStartingPosition X="-1000" Y="-1000" />
    <Collectibles>
      <Collectible X="344" Y="264" />
      <Collectible X="360" Y="568" />
      <Collectible X="728" Y="488" />
    </Collectibles>
    <GreenObstacles />
    <BlackObstacles>
      <Obstacle width="176" height="64" X="648" Y="584" centered="false" />
      <Obstacle width="128" height="64" X="296" Y="408" centered="false" />
    </BlackObstacles>
    <YellowObstacles />
    <GreenElevators />
    <OrangeElevators />
    <TimeLimit value="60" />
    <HighScores>
      <HighScore name="UCMAgent" value="13" />
      <HighScore name="UCMAgent" value="14" />
      <HighScore name="UCMAgent" value="15" />
      <HighScore name="UCMAgent" value="15" />
      <HighScore name="UCMAgent" value="16" />
    </HighScores>
  </Level2>
  <Level3>
    <Description />
    <Tips />
    <BallStartingPosition X="504" Y="248" />
    <SquareStartingPosition X="-1000" Y="-1000" />
    <Collectibles>
      <Collectible X="1176" Y="88" />
      <Collectible X="88" Y="88" />
      <Collectible X="824" Y="456" />
    </Collectibles>
    <GreenObstacles />
    <BlackObstacles>
      <Obstacle width="160" height="48" X="40" Y="184" centered="false" />
      <Obstacle width="432" height="48" X="312" Y="328" centered="false" />
      <Obstacle width="96" height="48" X="904" Y="328" centered="false" />
      <Obstacle width="160" height="48" X="1080" Y="184" centered="false" />
    </BlackObstacles>
    <YellowObstacles />
    <GreenElevators />
    <OrangeElevators />
    <TimeLimit value="90" />
    <HighScores>
      <HighScore name="UCMAgent" value="17" />
      <HighScore name="UCMAgent" value="18" />
      <HighScore name="UCMAgent" value="18" />
      <HighScore name="UCMAgent" value="18" />
      <HighScore name="UCMAgent" value="18" />
    </HighScores>
  </Level3>
  <Level4>
    <Description />
    <Tips />
    <BallStartingPosition X="88" Y="184" />
    <SquareStartingPosition X="-1000" Y="-1000" />
    <Collectibles>
      <Collectible X="360" Y="344" />
      <Collectible X="1032" Y="440" />
      <Collectible X="1176" Y="136" />
      <Collectible X="632" Y="680" />
    </Collectibles>
    <GreenObstacles />
    <BlackObstacles>
      <Obstacle width="352" height="32" X="40" Y="248" centered="false" />
      <Obstacle width="320" height="32" X="344" Y="408" centered="false" />
      <Obstacle width="336" height="32" X="600" Y="248" centered="false" />
      <Obstacle width="128" height="32" X="1112" Y="248" centered="false" />
      <Obstacle width="416" height="32" X="824" Y="488" centered="false" />
    </BlackObstacles>
    <YellowObstacles />
    <GreenElevators />
    <OrangeElevators />
    <TimeLimit value="90" />
    <HighScores>
      <HighScore name="UCMAgent" value="18" />
      <HighScore name="UCMAgent" value="18" />
      <HighScore name="UCMAgent" value="18" />
      <HighScore name="UCMAgent" value="21" />
      <HighScore name="UCMAgent" value="21" />
    </HighScores>
  </Level4>
  <Level5>
    <Description />
    <Tips />
    <BallStartingPosition X="104" Y="696" />
    <SquareStartingPosition X="-1000" Y="-1000" />
    <Collectibles>
      <Collectible X="1160" Y="120" />
      <Collectible X="1160" Y="504" />
      <Collectible X="1160" Y="680" />
      <Collectible X="104" Y="88" />
    </Collectibles>
    <GreenObstacles />
    <BlackObstacles>
      <Obstacle width="688" height="32" X="552" Y="568" centered="false" />
      <Obstacle width="304" height="32" X="936" Y="424" centered="false" />
      <Obstacle width="128" height="128" X="1112" Y="296" centered="false" />
      <Obstacle width="624" height="32" X="40" Y="312" centered="false" />
    </BlackObstacles>
    <YellowObstacles />
    <GreenElevators />
    <OrangeElevators />
    <TimeLimit value="90" />
    <HighScores>
      <HighScore name="UCMAgent" value="37" />
      <HighScore name="UCMAgent" value="38" />
      <HighScore name="UCMAgent" value="38" />
      <HighScore name="UCMAgent" value="42" />
      <HighScore name="UCMAgent" value="44" />
    </HighScores>
  </Level5>
</Levels>