﻿<?xml version="1.0" encoding="UTF-8"?>
<Levels>
  <Level1>
    <Description />
    <Tips />
    <BallStartingPosition X="472" Y="712" />
    <SquareStartingPosition X="-5000" Y="-5000" />
    <Collectibles>
      <Collectible X="800" Y="712" />
      <Collectible X="296" Y="712" />
    </Collectibles>
    <GreenObstacles />
    <BlackObstacles />
    <YellowObstacles />
    <GreenElevators />
    <OrangeElevators />
    <TimeLimit value="15" />
    <HighScores>
      <HighScore name="LearningBall&amp;LearningSquare" value="0" />
      <HighScore name="LearningBall&amp;LearningSquare" value="4" />
      <HighScore name="LearningBall&amp;LearningSquare" value="4" />
      <HighScore name="LearningBall&amp;LearningSquare" value="4" />
      <HighScore name="LearningBall&amp;LearningSquare" value="4" />
    </HighScores>
  </Level1>
  <Level2>
    <Description />
    <Tips />
    <BallStartingPosition X="648" Y="312" />
    <SquareStartingPosition X="-1000" Y="-1000" />
    <Collectibles>
      <Collectible X="216" Y="712" />
    </Collectibles>
    <GreenObstacles />
    <BlackObstacles>
      <Obstacle width="208" height="400" X="552" Y="360" centered="false" />
    </BlackObstacles>
    <YellowObstacles />
    <GreenElevators />
    <OrangeElevators />
    <TimeLimit value="15" />
    <HighScores>
      <HighScore name="LearningBall&amp;RandRect" value="0" />
      <HighScore name="LearningBall&amp;RandRect" value="0" />
      <HighScore name="LearningBall&amp;RandRect" value="0" />
      <HighScore name="LearningBall&amp;RandRect" value="0" />
      <HighScore name="RandPredictorCircle" value="2" />
    </HighScores>
  </Level2>
  <Level3>
    <Description />
    <Tips />
    <BallStartingPosition X="536" Y="152" />
    <SquareStartingPosition X="664" Y="152" />
    <Collectibles>
      <Collectible X="248" Y="696" />
      <Collectible X="1048" Y="696" />
      <Collectible X="712" Y="408" />
    </Collectibles>
    <GreenObstacles />
    <BlackObstacles>
      <Obstacle width="912" height="64" X="184" Y="200" centered="false" />
      <Obstacle width="896" height="48" X="40" Y="456" centered="false" />
    </BlackObstacles>
    <YellowObstacles />
    <GreenElevators />
    <OrangeElevators />
    <TimeLimit value="45" />
    <HighScores>
      <HighScore name="LearningBall&amp;LearningSquare" value="0" />
      <HighScore name="LearningBall&amp;LearningSquare" value="0" />
      <HighScore name="LearningBall&amp;LearningSquare" value="0" />
      <HighScore name="LearningBall&amp;LearningSquare" value="0" />
      <HighScore name="LearningBall&amp;LearningSquare" value="7" />
    </HighScores>
  </Level3>
  <Level4>
    <Description />
    <Tips />
    <BallStartingPosition X="136" Y="680" />
    <SquareStartingPosition X="-1000" Y="-1000" />
    <Collectibles>
      <Collectible X="536" Y="696" />
      <Collectible X="1000" Y="440" />
    </Collectibles>
    <GreenObstacles />
    <BlackObstacles />
    <YellowObstacles />
    <GreenElevators />
    <OrangeElevators />
    <TimeLimit value="25" />
    <HighScores>
      <HighScore name="UCMAgent" value="5" />
      <HighScore name="No Name" value="5" />
      <HighScore name="LearningBall&amp;LearningSquare" value="6" />
      <HighScore name="UCMAgent" value="6" />
      <HighScore name="UCMAgent" value="6" />
    </HighScores>
  </Level4>
  <Level5>
    <Description />
    <Tips />
    <BallStartingPosition X="328" Y="712" />
    <SquareStartingPosition X="-1000" Y="-1000" />
    <Collectibles>
      <Collectible X="1176" Y="712" />
      <Collectible X="440" Y="712" />
      <Collectible X="88" Y="712" />
    </Collectibles>
    <GreenObstacles />
    <BlackObstacles />
    <YellowObstacles />
    <GreenElevators />
    <OrangeElevators />
    <TimeLimit value="25" />
    <TimeLimit value="15" />
    <HighScores>
      <HighScore name="No Name" value="7" />
      <HighScore name="LearningBall&amp;LearningSquare" value="8" />
      <HighScore name="LearningBall&amp;LearningSquare" value="8" />
      <HighScore name="LearningBall&amp;LearningSquare" value="8" />
      <HighScore name="LearningBall&amp;LearningSquare" value="8" />
    </HighScores>
  </Level5>
  <Level6>
    <Description />
    <Tips />
    <BallStartingPosition X="408" Y="500" />
    <SquareStartingPosition X="-1000" Y="-1000" />
    <Collectibles>
      <Collectible X="264" Y="500" />
      <Collectible X="936" Y="500" />
    </Collectibles>
    <GreenObstacles />
    <BlackObstacles>
      <Obstacle width="768" height="64" X="216" Y="550" centered="false" />
    </BlackObstacles>
    <YellowObstacles />
    <GreenElevators />
    <OrangeElevators />
    <TimeLimit value="15" />
    <HighScores>
      <HighScore name="LearningBall&amp;LearningSquare" value="5" />
      <HighScore name="LearningBall&amp;LearningSquare" value="5" />
      <HighScore name="LearningBall&amp;LearningSquare" value="5" />
      <HighScore name="LearningBall&amp;LearningSquare" value="5" />
      <HighScore name="LearningBall&amp;LearningSquare" value="5" />
    </HighScores>
  </Level6>
  <Level7>
    <TimeLimit value="15" />
    <Description />
    <Tips />
    <BallStartingPosition X="1064" Y="500" />
    <SquareStartingPosition X="-1000" Y="-1000" />
    <Collectibles>
      <Collectible X="856" Y="500" />
    </Collectibles>
    <GreenObstacles />
    <BlackObstacles>
      <Obstacle width="288" height="48" X="824" Y="550" centered="false" />
    </BlackObstacles>
    <YellowObstacles />
    <GreenElevators />
    <OrangeElevators />
    <HighScores>
      <HighScore name="LearningBall&amp;LearningSquare" value="1" />
      <HighScore name="LearningBall&amp;LearningSquare" value="1" />
      <HighScore name="LearningBall&amp;LearningSquare" value="1" />
      <HighScore name="LearningBall&amp;LearningSquare" value="1" />
      <HighScore name="LearningBall&amp;LearningSquare" value="1" />
    </HighScores>
  </Level7>
  <Level8>
    <TimeLimit value="15" />
    <Description />
    <Tips />
    <BallStartingPosition X="600" Y="400" />
    <SquareStartingPosition X="-1000" Y="-1000" />
    <Collectibles>
      <Collectible X="120" Y="400" />
      <Collectible X="1096" Y="400" />
    </Collectibles>
    <GreenObstacles />
    <BlackObstacles>
      <Obstacle width="1200" height="96" X="40" Y="450" centered="false" />
    </BlackObstacles>
    <YellowObstacles />
    <GreenElevators />
    <OrangeElevators />
    <HighScores>
      <HighScore name="LearningBall&amp;LearningSquare" value="8" />
      <HighScore name="UCMAgent" value="8" />
      <HighScore name="UCMAgent" value="8" />
      <HighScore name="No Name" value="8" />
      <HighScore name="UCMAgent" value="8" />
    </HighScores>
  </Level8>
  <Level9>
    <TimeLimit value="15" />
    <Description />
    <Tips />
    <BallStartingPosition X="168" Y="344" />
    <SquareStartingPosition X="-1000" Y="-1000" />
    <Collectibles>
      <Collectible X="488" Y="344" />
    </Collectibles>
    <GreenObstacles />
    <BlackObstacles>
      <Obstacle width="416" height="48" X="104" Y="392" centered="false" />
    </BlackObstacles>
    <YellowObstacles />
    <GreenElevators />
    <OrangeElevators />
    <HighScores>
      <HighScore name="UCMAgent" value="1" />
      <HighScore name="LearningBall&amp;LearningSquare" value="2" />
      <HighScore name="LearningBall&amp;LearningSquare" value="2" />
      <HighScore name="LearningBall&amp;LearningSquare" value="2" />
      <HighScore name="LearningBall&amp;LearningSquare" value="2" />
    </HighScores>
  </Level9>
  <Level10>
    <TimeLimit value="25" />
    <Description />
    <Tips />
    <BallStartingPosition X="600" Y="216" />
    <SquareStartingPosition X="-1000" Y="-1000" />
    <Collectibles>
      <Collectible X="1016" Y="550" />
      <Collectible X="200" Y="550" />
      <Collectible X="808" Y="550" />
      <Collectible X="344" Y="550" />
    </Collectibles>
    <GreenObstacles />
    <BlackObstacles>
      <Obstacle width="896" height="96" X="168" Y="600" centered="false" />
    </BlackObstacles>
    <YellowObstacles />
    <GreenElevators />
    <OrangeElevators />
    <HighScores>
      <HighScore name="LearningBall&amp;LearningSquare" value="8" />
      <HighScore name="LearningBall&amp;LearningSquare" value="8" />
      <HighScore name="LearningBall&amp;LearningSquare" value="8" />
      <HighScore name="LearningBall&amp;LearningSquare" value="8" />
      <HighScore name="LearningBall&amp;LearningSquare" value="8" />
    </HighScores>
  </Level10>
  <Level11>
    <Description />
    <Tips />
    <BallStartingPosition X="708" Y="216" />
    <SquareStartingPosition X="-1000" Y="-1000" />
    <Collectibles>
      <Collectible X="264" Y="216" />
      <Collectible X="936" Y="216" />
    </Collectibles>
    <GreenObstacles />
    <BlackObstacles>
      <Obstacle width="768" height="64" X="216" Y="264" centered="false" />
    </BlackObstacles>
    <YellowObstacles />
    <GreenElevators />
    <OrangeElevators />
    <TimeLimit value="15" />
    <HighScores>
      <HighScore name="UCMAgent" value="5" />
      <HighScore name="LearningBall&amp;LearningSquare" value="5" />
      <HighScore name="LearningBall&amp;LearningSquare" value="6" />
      <HighScore name="LearningBall&amp;LearningSquare" value="6" />
      <HighScore name="LearningBall&amp;LearningSquare" value="6" />
    </HighScores>
  </Level11>
  <Level12>
    <Description />
    <Tips />
    <BallStartingPosition X="328" Y="712" />
    <SquareStartingPosition X="-1000" Y="-1000" />
    <Collectibles>
      <Collectible X="1176" Y="512" />
      <Collectible X="440" Y="600" />
      <Collectible X="88" Y="712" />
    </Collectibles>
    <GreenObstacles />
    <BlackObstacles />
    <YellowObstacles />
    <GreenElevators />
    <OrangeElevators />
    <TimeLimit value="25" />
    <HighScores>
      <HighScore name="LearningBall&amp;LearningSquare" value="8" />
      <HighScore name="LearningBall&amp;LearningSquare" value="8" />
      <HighScore name="LearningBall&amp;LearningSquare" value="8" />
      <HighScore name="LearningBall&amp;LearningSquare" value="8" />
      <HighScore name="LearningBall&amp;LearningSquare" value="8" />
    </HighScores>
    <TimeLimit value="15" />
  </Level12>
  <Level13>
    <Description />
    <Tips />
    <BallStartingPosition X="408" Y="216" />
    <SquareStartingPosition X="-1000" Y="-1000" />
    <Collectibles>
      <Collectible X="264" Y="200" />
      <Collectible X="936" Y="150" />
    </Collectibles>
    <GreenObstacles />
    <BlackObstacles>
      <Obstacle width="768" height="64" X="216" Y="264" centered="false" />
    </BlackObstacles>
    <YellowObstacles />
    <GreenElevators />
    <OrangeElevators />
    <TimeLimit value="15" />
    <HighScores>
      <HighScore name="LearningBall&amp;LearningSquare" value="5" />
      <HighScore name="LearningBall&amp;LearningSquare" value="5" />
      <HighScore name="LearningBall&amp;LearningSquare" value="5" />
      <HighScore name="LearningBall&amp;LearningSquare" value="5" />
      <HighScore name="LearningBall&amp;LearningSquare" value="5" />
    </HighScores>
  </Level13>
  <Level14>
    <TimeLimit value="15" />
    <Description />
    <Tips />
    <BallStartingPosition X="1064" Y="360" />
    <SquareStartingPosition X="-1000" Y="-1000" />
    <Collectibles>
      <Collectible X="856" Y="100" />
    </Collectibles>
    <GreenObstacles />
    <BlackObstacles>
      <Obstacle width="288" height="48" X="824" Y="424" centered="false" />
    </BlackObstacles>
    <YellowObstacles />
    <GreenElevators />
    <OrangeElevators />
    <HighScores>
      <HighScore name="LearningBall&amp;LearningSquare" value="1" />
      <HighScore name="LearningBall&amp;LearningSquare" value="1" />
      <HighScore name="LearningBall&amp;LearningSquare" value="1" />
      <HighScore name="LearningBall&amp;LearningSquare" value="1" />
      <HighScore name="LearningBall&amp;LearningSquare" value="1" />
    </HighScores>
  </Level14>
  <Level15>
    <TimeLimit value="15" />
    <Description />
    <Tips />
    <BallStartingPosition X="600" Y="184" />
    <SquareStartingPosition X="-1000" Y="-1000" />
    <Collectibles>
      <Collectible X="120" Y="40" />
      <Collectible X="1096" Y="184" />
    </Collectibles>
    <GreenObstacles />
    <BlackObstacles>
      <Obstacle width="1200" height="96" X="40" Y="248" centered="false" />
    </BlackObstacles>
    <YellowObstacles />
    <GreenElevators />
    <OrangeElevators />
    <HighScores>
      <HighScore name="No Name" value="8" />
      <HighScore name="LearningBall&amp;LearningSquare" value="9" />
      <HighScore name="LearningBall&amp;LearningSquare" value="9" />
      <HighScore name="LearningBall&amp;LearningSquare" value="9" />
      <HighScore name="LearningBall&amp;LearningSquare" value="9" />
    </HighScores>
  </Level15>
  <Level16>
    <TimeLimit value="15" />
    <Description />
    <Tips />
    <BallStartingPosition X="168" Y="344" />
    <SquareStartingPosition X="-1000" Y="-1000" />
    <Collectibles>
      <Collectible X="488" Y="150" />
    </Collectibles>
    <GreenObstacles />
    <BlackObstacles>
      <Obstacle width="416" height="48" X="104" Y="392" centered="false" />
    </BlackObstacles>
    <YellowObstacles />
    <GreenElevators />
    <OrangeElevators />
    <HighScores>
      <HighScore name="LearningBall&amp;LearningSquare" value="2" />
      <HighScore name="LearningBall&amp;LearningSquare" value="2" />
      <HighScore name="LearningBall&amp;LearningSquare" value="2" />
      <HighScore name="LearningBall&amp;LearningSquare" value="2" />
      <HighScore name="LearningBall&amp;LearningSquare" value="2" />
    </HighScores>
  </Level16>
  <Level17>
    <TimeLimit value="25" />
    <Description />
    <Tips />
    <BallStartingPosition X="600" Y="216" />
    <SquareStartingPosition X="-1000" Y="-1000" />
    <Collectibles>
      <Collectible X="1016" Y="50" />
      <Collectible X="200" Y="216" />
      <Collectible X="808" Y="216" />
      <Collectible X="344" Y="50" />
    </Collectibles>
    <GreenObstacles />
    <BlackObstacles>
      <Obstacle width="896" height="96" X="168" Y="264" centered="false" />
    </BlackObstacles>
    <YellowObstacles />
    <GreenElevators />
    <OrangeElevators />
    <HighScores>
      <HighScore name="LearningBall&amp;LearningSquare" value="8" />
      <HighScore name="LearningBall&amp;LearningSquare" value="8" />
      <HighScore name="LearningBall&amp;LearningSquare" value="8" />
      <HighScore name="LearningBall&amp;LearningSquare" value="8" />
      <HighScore name="LearningBall&amp;LearningSquare" value="8" />
    </HighScores>
  </Level17>
  <Level18>
    <Description />
    <Tips />
    <BallStartingPosition X="708" Y="216" />
    <SquareStartingPosition X="-1000" Y="-1000" />
    <Collectibles>
      <Collectible X="264" Y="100" />
      <Collectible X="936" Y="100" />
    </Collectibles>
    <GreenObstacles />
    <BlackObstacles>
      <Obstacle width="768" height="64" X="216" Y="264" centered="false" />
    </BlackObstacles>
    <YellowObstacles />
    <GreenElevators />
    <OrangeElevators />
    <TimeLimit value="15" />
    <HighScores>
      <HighScore name="LearningBall&amp;LearningSquare" value="5" />
      <HighScore name="LearningBall&amp;LearningSquare" value="6" />
      <HighScore name="LearningBall&amp;LearningSquare" value="6" />
      <HighScore name="LearningBall&amp;LearningSquare" value="6" />
      <HighScore name="LearningBall&amp;LearningSquare" value="6" />
    </HighScores>
  </Level18>
</Levels>