﻿<?xml version="1.0" encoding="UTF-8"?>
<Levels>
  <Level1>
    <Description />
    <Tips />
    <BallStartingPosition X="600" Y="344" />
    <SquareStartingPosition X="88" Y="296" />
    <Collectibles>
      <Collectible X="1160" Y="248" />
      <Collectible X="72" Y="72" />
      <Collectible X="1160" Y="712" />
    </Collectibles>
    <GreenObstacles>
      <Obstacle width="96" height="48" X="40" Y="344" centered="false" />
      <Obstacle width="32" height="288" X="1048" Y="40" centered="false" />
      <Obstacle width="592" height="192" X="648" Y="392" centered="false" />
      <Obstacle width="208" height="48" X="328" Y="344" centered="false" />
    </GreenObstacles>
    <BlackObstacles />
    <YellowObstacles>
      <Obstacle width="608" height="368" X="40" Y="392" centered="false" />
    </YellowObstacles>
    <GreenElevators />
    <OrangeElevators />
    <TimeLimit value="40" />
    <HighScores>
      <HighScore name="IST Circle&amp;IST Rectangle" value="40" />
    </HighScores>
  </Level1>
  <Level2>
    <Description />
    <Tips />
    <BallStartingPosition X="88" Y="328" />
    <SquareStartingPosition X="216" Y="328" />
    <Collectibles>
      <Collectible X="616" Y="184" />
      <Collectible X="648" Y="680" />
      <Collectible X="840" Y="440" />
      <Collectible X="1192" Y="664" />
      <Collectible X="1192" Y="280" />
    </Collectibles>
    <GreenObstacles>
      <Obstacle width="160" height="80" X="280" Y="680" centered="false" />
      <Obstacle width="320" height="112" X="440" Y="392" centered="false" />
      <Obstacle width="496" height="32" X="552" Y="536" centered="false" />
      <Obstacle width="96" height="160" X="1048" Y="536" centered="false" />
    </GreenObstacles>
    <BlackObstacles>
      <Obstacle width="320" height="32" X="440" Y="504" centered="false" />
      <Obstacle width="240" height="384" X="40" Y="376" centered="false" />
      <Obstacle width="320" height="128" X="440" Y="264" centered="false" />
      <Obstacle width="192" height="32" X="1048" Y="392" centered="false" />
    </BlackObstacles>
    <YellowObstacles>
      <Obstacle width="112" height="224" X="440" Y="536" centered="false" />
      <Obstacle width="80" height="224" X="680" Y="40" centered="false" />
    </YellowObstacles>
    <GreenElevators />
    <OrangeElevators />
    <TimeLimit value="90" />
    <HighScores>
      <HighScore name="IST Circle&amp;IST Rectangle" value="90" />
    </HighScores>
  </Level2>
  <Level3>
    <Description />
    <Tips />
    <BallStartingPosition X="88" Y="712" />
    <SquareStartingPosition X="184" Y="712" />
    <Collectibles>
      <Collectible X="792" Y="216" />
      <Collectible X="1208" Y="296" />
    </Collectibles>
    <GreenObstacles>
      <Obstacle width="848" height="48" X="392" Y="712" centered="false" />
      <Obstacle width="720" height="48" X="520" Y="664" centered="false" />
      <Obstacle width="592" height="48" X="648" Y="616" centered="false" />
      <Obstacle width="464" height="48" X="776" Y="568" centered="false" />
      <Obstacle width="320" height="48" X="920" Y="520" centered="false" />
      <Obstacle width="192" height="48" X="1048" Y="472" centered="false" />
    </GreenObstacles>
    <BlackObstacles>
      <Obstacle width="176" height="48" X="760" Y="264" centered="false" />
    </BlackObstacles>
    <YellowObstacles />
    <GreenElevators />
    <OrangeElevators />
    <TimeLimit value="90" />
    <HighScores>
      <HighScore name="IST Circle&amp;IST Rectangle" value="90" />
    </HighScores>
  </Level3>
  <Level4>
    <Description />
    <Tips />
    <BallStartingPosition X="88" Y="712" />
    <SquareStartingPosition X="1192" Y="712" />
    <Collectibles>
      <Collectible X="88" Y="536" />
      <Collectible X="1192" Y="536" />
    </Collectibles>
    <GreenObstacles>
      <Obstacle width="112" height="64" X="1128" Y="584" centered="false" />
    </GreenObstacles>
    <BlackObstacles>
      <Obstacle width="320" height="608" X="152" Y="40" centered="false" />
      <Obstacle width="320" height="608" X="808" Y="40" centered="false" />
    </BlackObstacles>
    <YellowObstacles>
      <Obstacle width="112" height="64" X="40" Y="584" centered="false" />
    </YellowObstacles>
    <GreenElevators />
    <OrangeElevators />
    <TimeLimit value="25" />
    <HighScores>
      <HighScore name="IST Circle&amp;IST Rectangle" value="25" />
    </HighScores>
  </Level4>
  <Level5>
    <Description />
    <Tips />
    <BallStartingPosition X="88" Y="88" />
    <SquareStartingPosition X="168" Y="344" />
    <Collectibles>
      <Collectible X="1112" Y="88" />
      <Collectible X="568" Y="104" />
    </Collectibles>
    <GreenObstacles>
      <Obstacle width="1200" height="368" X="40" Y="392" centered="false" />
    </GreenObstacles>
    <BlackObstacles>
      <Obstacle width="112" height="48" X="40" Y="136" centered="false" />
      <Obstacle width="128" height="96" X="504" Y="216" centered="false" />
    </BlackObstacles>
    <YellowObstacles />
    <GreenElevators />
    <OrangeElevators />
    <TimeLimit value="40" />
    <HighScores>
      <HighScore name="IST Circle&amp;IST Rectangle" value="40" />
    </HighScores>
  </Level5>
</Levels>