﻿<?xml version="1.0" encoding="UTF-8"?>
<Levels>
  <Level1>
    <Description />
    <Tips />
    <BallStartingPosition X="120" Y="712" />
    <SquareStartingPosition X="1096" Y="712" />
    <Collectibles>
      <Collectible X="632" Y="136" />
    </Collectibles>
    <GreenObstacles />
    <BlackObstacles />
    <YellowObstacles />
    <GreenElevators />
    <OrangeElevators />
    <TimeLimit value="180" />
  </Level1>
  <Level2>
    <Description />
    <Tips />
    <BallStartingPosition X="376" Y="440" />
    <SquareStartingPosition X="1144" Y="264" />
    <Collectibles>
      <Collectible X="120" Y="408" />
    </Collectibles>
    <GreenObstacles />
    <BlackObstacles>
      <Obstacle width="192" height="32" X="1048" Y="312" centered="false" />
      <Obstacle width="224" height="32" X="632" Y="312" centered="false" />
      <Obstacle width="192" height="32" X="232" Y="312" centered="false" />
    </BlackObstacles>
    <YellowObstacles>
      <Obstacle width="1200" height="32" X="40" Y="488" centered="false" />
      <Obstacle width="32" height="176" X="200" Y="312" centered="false" />
      <Obstacle width="160" height="32" X="40" Y="312" centered="false" />
    </YellowObstacles>
    <GreenElevators />
    <OrangeElevators />
    <TimeLimit value="180" />
  </Level2>
  <Level3>
    <Description />
    <Tips />
    <BallStartingPosition X="600" Y="616" />
    <SquareStartingPosition X="600" Y="712" />
    <Collectibles>
      <Collectible X="136" Y="520" />
      <Collectible X="1192" Y="712" />
      <Collectible X="600" Y="216" />
    </Collectibles>
    <GreenObstacles />
    <BlackObstacles>
      <Obstacle width="368" height="32" X="872" Y="648" centered="false" />
    </BlackObstacles>
    <YellowObstacles />
    <GreenElevators />
    <OrangeElevators />
    <TimeLimit value="120" />
  </Level3>
  <Level4>
    <Description />
    <Tips />
    <BallStartingPosition X="152" Y="712" />
    <SquareStartingPosition X="344" Y="712" />
    <Collectibles>
      <Collectible X="1144" Y="600" />
    </Collectibles>
    <GreenObstacles />
    <BlackObstacles>
      <Obstacle width="592" height="48" X="648" Y="648" centered="false" />
    </BlackObstacles>
    <YellowObstacles>
      <Obstacle width="32" height="128" X="1032" Y="520" centered="false" />
      <Obstacle width="208" height="32" X="1032" Y="488" centered="false" />
    </YellowObstacles>
    <GreenElevators />
    <OrangeElevators />
    <TimeLimit value="120" />
  </Level4>
  <Level5>
    <Description />
    <Tips />
    <BallStartingPosition X="1112" Y="296" />
    <SquareStartingPosition X="200" Y="312" />
    <Collectibles>
      <Collectible X="200" Y="88" />
      <Collectible X="200" Y="664" />
    </Collectibles>
    <GreenObstacles>
      <Obstacle width="864" height="32" X="40" Y="360" centered="false" />
    </GreenObstacles>
    <BlackObstacles>
      <Obstacle width="336" height="32" X="904" Y="360" centered="false" />
    </BlackObstacles>
    <YellowObstacles />
    <GreenElevators />
    <OrangeElevators />
    <TimeLimit value="180" />
  </Level5>
  <Level6>
    <Description />
    <Tips />
    <BallStartingPosition X="936" Y="712" />
    <SquareStartingPosition X="1032" Y="712" />
    <Collectibles>
      <Collectible X="104" Y="712" />
      <Collectible X="1160" Y="232" />
    </Collectibles>
    <GreenObstacles />
    <BlackObstacles>
      <Obstacle width="320" height="32" X="920" Y="360" centered="false" />
    </BlackObstacles>
    <YellowObstacles>
      <Obstacle width="160" height="32" X="40" Y="632" centered="false" />
      <Obstacle width="32" height="96" X="168" Y="664" centered="false" />
    </YellowObstacles>
    <GreenElevators />
    <OrangeElevators />
    <TimeLimit value="180" />
  </Level6>
  <Level7>
    <Description />
    <Tips />
    <BallStartingPosition X="600" Y="712" />
    <SquareStartingPosition X="600" Y="616" />
    <Collectibles>
      <Collectible X="600" Y="344" />
    </Collectibles>
    <GreenObstacles />
    <BlackObstacles />
    <YellowObstacles>
      <Obstacle width="32" height="96" X="520" Y="664" centered="false" />
      <Obstacle width="32" height="96" X="648" Y="664" centered="false" />
    </YellowObstacles>
    <GreenElevators />
    <OrangeElevators />
    <TimeLimit value="60" />
  </Level7>
  <Level8>
    <Description />
    <Tips />
    <BallStartingPosition X="536" Y="712" />
    <SquareStartingPosition X="1096" Y="376" />
    <Collectibles>
      <Collectible X="104" Y="328" />
    </Collectibles>
    <GreenObstacles />
    <BlackObstacles>
      <Obstacle width="544" height="32" X="696" Y="424" centered="false" />
    </BlackObstacles>
    <YellowObstacles>
      <Obstacle width="656" height="32" X="40" Y="424" centered="false" />
    </YellowObstacles>
    <GreenElevators />
    <OrangeElevators />
    <TimeLimit value="120" />
  </Level8>
  <Level9>
    <Description />
    <Tips />
    <BallStartingPosition X="968" Y="712" />
    <SquareStartingPosition X="536" Y="152" />
    <Collectibles>
      <Collectible X="88" Y="280" />
      <Collectible X="88" Y="120" />
    </Collectibles>
    <GreenObstacles />
    <BlackObstacles>
      <Obstacle width="544" height="32" X="40" Y="200" centered="false" />
    </BlackObstacles>
    <YellowObstacles />
    <GreenElevators />
    <OrangeElevators />
    <TimeLimit value="180" />
  </Level9>
  <Level10>
    <Description />
    <Tips />
    <BallStartingPosition X="680" Y="712" />
    <SquareStartingPosition X="872" Y="168" />
    <Collectibles>
      <Collectible X="88" Y="296" />
      <Collectible X="88" Y="88" />
      <Collectible X="184" Y="88" />
      <Collectible X="280" Y="88" />
      <Collectible X="88" Y="168" />
      <Collectible X="184" Y="168" />
      <Collectible X="280" Y="168" />
      <Collectible X="184" Y="296" />
      <Collectible X="280" Y="296" />
      <Collectible X="376" Y="296" />
      <Collectible X="472" Y="296" />
      <Collectible X="568" Y="296" />
      <Collectible X="664" Y="296" />
      <Collectible X="760" Y="296" />
      <Collectible X="856" Y="296" />
      <Collectible X="376" Y="88" />
      <Collectible X="376" Y="168" />
      <Collectible X="472" Y="168" />
      <Collectible X="568" Y="168" />
      <Collectible X="664" Y="168" />
      <Collectible X="760" Y="168" />
      <Collectible X="472" Y="88" />
      <Collectible X="568" Y="88" />
      <Collectible X="664" Y="88" />
      <Collectible X="760" Y="88" />
      <Collectible X="88" Y="504" />
      <Collectible X="184" Y="504" />
      <Collectible X="280" Y="504" />
      <Collectible X="376" Y="504" />
      <Collectible X="472" Y="504" />
      <Collectible X="568" Y="504" />
      <Collectible X="664" Y="504" />
      <Collectible X="760" Y="504" />
      <Collectible X="856" Y="504" />
      <Collectible X="1096" Y="216" />
    </Collectibles>
    <GreenObstacles />
    <BlackObstacles>
      <Obstacle width="880" height="32" X="40" Y="216" centered="false" />
    </BlackObstacles>
    <YellowObstacles />
    <GreenElevators />
    <OrangeElevators />
    <TimeLimit value="240" />
  </Level10>
</Levels>