﻿<?xml version="1.0" encoding="UTF-8"?>
<Levels>
  <Level1>
    <Description />
    <Tips />
    <BallStartingPosition X="120" Y="696" />
    <SquareStartingPosition X="120" Y="504" />
    <Collectibles>
      <Collectible X="120" Y="120" />
      <Collectible X="456" Y="120" />
      <Collectible X="760" Y="120" />
      <Collectible X="1128" Y="680" />
    </Collectibles>
    <GreenObstacles>
      <Obstacle width="1040" height="32" X="40" Y="568" centered="false" />
    </GreenObstacles>
    <BlackObstacles>
      <Obstacle width="48" height="160" X="1032" Y="600" centered="false" />
      <Obstacle width="96" height="32" X="1144" Y="568" centered="false" />
      <Obstacle width="144" height="400" X="232" Y="104" centered="false" />
      <Obstacle width="144" height="400" X="536" Y="104" centered="false" />
      <Obstacle width="128" height="400" X="872" Y="104" centered="false" />
    </BlackObstacles>
    <YellowObstacles />
    <GreenElevators />
    <OrangeElevators />
    <TimeLimit value="90" />
  </Level1>
  <Level2>
    <Description />
    <Tips />
    <BallStartingPosition X="248" Y="184" />
    <SquareStartingPosition X="104" Y="184" />
    <Collectibles>
      <Collectible X="1160" Y="88" />
      <Collectible X="568" Y="680" />
    </Collectibles>
    <GreenObstacles>
      <Obstacle width="880" height="336" X="360" Y="424" centered="false" />
    </GreenObstacles>
    <BlackObstacles>
      <Obstacle width="320" height="496" X="40" Y="264" centered="false" />
    </BlackObstacles>
    <YellowObstacles />
    <GreenElevators />
    <OrangeElevators />
    <TimeLimit value="30" />
  </Level2>
  <Level3>
    <Description />
    <Tips />
    <BallStartingPosition X="104" Y="328" />
    <SquareStartingPosition X="232" Y="328" />
    <Collectibles>
      <Collectible X="1176" Y="632" />
      <Collectible X="88" Y="632" />
      <Collectible X="1176" Y="104" />
    </Collectibles>
    <GreenObstacles />
    <BlackObstacles>
      <Obstacle width="128" height="128" X="936" Y="568" centered="false" />
      <Obstacle width="160" height="128" X="232" Y="568" centered="false" />
      <Obstacle width="480" height="112" X="40" Y="456" centered="false" />
      <Obstacle width="512" height="128" X="728" Y="456" centered="false" />
      <Obstacle width="160" height="272" X="1080" Y="184" centered="false" />
    </BlackObstacles>
    <YellowObstacles />
    <GreenElevators />
    <OrangeElevators />
    <TimeLimit value="60" />
  </Level3>
  <Level4>
    <Description />
    <Tips />
    <BallStartingPosition X="1160" Y="88" />
    <SquareStartingPosition X="648" Y="360" />
    <Collectibles>
      <Collectible X="120" Y="200" />
      <Collectible X="584" Y="88" />
      <Collectible X="1176" Y="264" />
    </Collectibles>
    <GreenObstacles>
      <Obstacle width="1200" height="320" X="40" Y="440" centered="false" />
    </GreenObstacles>
    <BlackObstacles>
      <Obstacle width="192" height="80" X="40" Y="264" centered="false" />
      <Obstacle width="192" height="64" X="1048" Y="136" centered="false" />
    </BlackObstacles>
    <GreenElevators />
    <OrangeElevators />
    <TimeLimit value="60" />
  </Level4>
  <Level5>
    <Description />
    <Tips />
    <BallStartingPosition X="344" Y="456" />
    <SquareStartingPosition X="648" Y="472" />
    <Collectibles>
      <Collectible X="360" Y="104" />
      <Collectible X="1016" Y="104" />
      <Collectible X="328" Y="680" />
    </Collectibles>
    <GreenObstacles />
    <BlackObstacles>
      <Obstacle width="688" height="80" X="40" Y="552" centered="false" />
      <Obstacle width="160" height="64" X="568" Y="632" centered="false" />
      <Obstacle width="224" height="48" X="840" Y="184" centered="false" />
    </BlackObstacles>
    <YellowObstacles />
    <GreenElevators />
    <OrangeElevators />
    <TimeLimit value="90" />
  </Level5>
  <Level6>
    <Description />
    <Tips />
    <BallStartingPosition X="88" Y="712" />
    <SquareStartingPosition X="184" Y="712" />
    <Collectibles>
      <Collectible X="792" Y="216" />
      <Collectible X="1208" Y="296" />
    </Collectibles>
    <GreenObstacles>
      <Obstacle width="848" height="48" X="392" Y="712" centered="false" />
      <Obstacle width="720" height="48" X="520" Y="664" centered="false" />
      <Obstacle width="592" height="48" X="648" Y="616" centered="false" />
      <Obstacle width="464" height="48" X="776" Y="568" centered="false" />
      <Obstacle width="320" height="48" X="920" Y="520" centered="false" />
      <Obstacle width="192" height="48" X="1048" Y="472" centered="false" />
    </GreenObstacles>
    <BlackObstacles>
      <Obstacle width="176" height="48" X="760" Y="264" centered="false" />
    </BlackObstacles>
    <YellowObstacles />
    <GreenElevators />
    <OrangeElevators />
  </Level6>
</Levels>