﻿<?xml version="1.0" encoding="UTF-8"?>
<Levels>
  <Level1>
    <BallStartingPosition X="120" Y="678" />
    <SquareStartingPosition X="320" Y="678" />
    <Collectibles>
      <Collectible X="650" Y="200" />
    </Collectibles>
    <Medals>
      <Medal star="***" desc="Awesome! You Rule." minvalue="0" maxvalue="12" />
      <Medal star="**" desc="Good, but not enough." minvalue="13" maxvalue="19" />
      <Medal star="*" desc="Not Bad, but neither good" minvalue="20" maxvalue="39" />
      <Medal star="" desc="Weak! pfuh..." minvalue="40" />
    </Medals>
    <HighScores />
  </Level1>
  <Level2>
    <BallStartingPosition X="120" Y="678" />
    <SquareStartingPosition X="320" Y="678" />
    <Collectibles>
      <Collectible X="200" Y="200" />
      <Collectible X="650" Y="200" />
      <Collectible X="1090" Y="200" />
      <Collectible X="1090" Y="600" />
      <Collectible X="640" Y="600" />
    </Collectibles>
    <BlackObstacles>
      <!--<Obstacle width="350" height="300" X="640" Y="550" centered="true" />-->
      <Obstacle width="75" height="300" X="460" Y="400" centered="false" />
      <Obstacle width="75" height="300" X="735" Y="400" centered="false" />
      <Obstacle width="202" height="75" X="535" Y="400" centered="false" />
    </BlackObstacles>
    <GreenObstacles>
    </GreenObstacles>
    <Medals>
      <Medal star="***" desc="Awesome! You Rule." minvalue="0" maxvalue="69" />
      <Medal star="**" desc="Good, but not enough." minvalue="70" maxvalue="99" />
      <Medal star="*" desc="Not Bad, but neither good" minvalue="100" maxvalue="199" />
      <Medal star="" desc="Weak! pfuh..." minvalue="200" />
    </Medals>
    <HighScores />
  </Level2>
  <Level3>
    <Description />
    <Tips />
    <BallStartingPosition X="120" Y="700" />
    <SquareStartingPosition X="200" Y="376" />
    <Collectibles>
      <Collectible X="200" Y="280" />
      <Collectible X="350" Y="280" />
      <Collectible X="640" Y="280" />
      <Collectible X="930" Y="280" />
      <Collectible X="1080" Y="280" />
      <Collectible X="350" Y="700" />
      <Collectible X="640" Y="700" />
      <Collectible X="930" Y="700" />
      <Collectible X="1080" Y="700" />
      <Collectible X="350" Y="380" />
      <Collectible X="640" Y="380" />
      <Collectible X="930" Y="380" />
      <Collectible X="1080" Y="380" />
    </Collectibles>
    <GreenObstacles>
      <Obstacle width="1150" height="50" X="65" Y="585" centered="false" />
    </GreenObstacles>
    <BlackObstacles />
    <YellowObstacles>
      <Obstacle width="1150" height="50" X="65" Y="425" centered="false" />
    </YellowObstacles>
    <GreenElevators />
    <OrangeElevators />
    <Medals>
      <Medal star="***" desc="Awesome! You Rule." minvalue="0" maxvalue="66" />
      <Medal star="**" desc="Good, but not enough." minvalue="67" maxvalue="79" />
      <Medal star="*" desc="Not Bad, but neither good" minvalue="80" maxvalue="99" />
      <Medal star="" desc="Weak! pfuh..." minvalue="100" />
    </Medals>
    <HighScores />
  </Level3>
  <Level4>
    <Description />
    <Tips />
    <BallStartingPosition X="88" Y="296" />
    <SquareStartingPosition X="200" Y="312" />
    <Collectibles>
      <Collectible X="104" Y="696" />
      <Collectible X="1160" Y="680" />
      <Collectible X="1192" Y="88" />
      <Collectible X="696" Y="248" />
      <Collectible X="72" Y="72" />
    </Collectibles>
    <GreenObstacles />
    <BlackObstacles>
      <Obstacle width="432" height="32" X="40" Y="488" centered="false" />
      <Obstacle width="704" height="32" X="536" Y="488" centered="false" />
      <Obstacle width="176" height="32" X="1064" Y="296" centered="false" />
    </BlackObstacles>
    <YellowObstacles>
      <Obstacle width="64" height="32" X="472" Y="488" centered="false" />
    </YellowObstacles>
    <GreenElevators />
    <OrangeElevators />
    <Medals>
      <Medal star="***" desc="Awesome! You Rule." minvalue="0" maxvalue="29" />
      <Medal star="**" desc="Good, but not enough." minvalue="30" maxvalue="69" />
      <Medal star="*" desc="Not Bad, but neither good" minvalue="70" maxvalue="149" />
      <Medal star="" desc="Weak! pfuh..." minvalue="150" />
    </Medals>
    <HighScores />
  </Level4>
  <Level5>
    <Description />
    <Tips />
    <BallStartingPosition X="1192" Y="120" />
    <SquareStartingPosition X="104" Y="104" />
    <Collectibles>
      <Collectible X="88" Y="280" />
      <Collectible X="1192" Y="280" />
      <Collectible X="488" Y="552" />
      <Collectible X="792" Y="552" />
      <Collectible X="488" Y="248" />
      <Collectible X="792" Y="248" />
      <Collectible X="248" Y="280" />
      <Collectible X="1032" Y="280" />
    </Collectibles>
    <GreenObstacles>
      <Obstacle width="128" height="32" X="40" Y="168" centered="false" />
      <Obstacle width="256" height="32" X="40" Y="200" centered="false" />
    </GreenObstacles>
    <BlackObstacles>
      <Obstacle width="688" height="32" X="296" Y="40" centered="false" />
      <Obstacle width="432" height="32" X="424" Y="72" centered="false" />
      <Obstacle width="432" height="32" X="424" Y="296" centered="false" />
    </BlackObstacles>
    <YellowObstacles>
      <Obstacle width="432" height="432" X="424" Y="328" centered="false" />
      <Obstacle width="128" height="32" X="1112" Y="168" centered="false" />
      <Obstacle width="256" height="32" X="984" Y="200" centered="false" />
    </YellowObstacles>
    <GreenElevators />
    <OrangeElevators />
    <Medals>
      <Medal star="***" desc="Awesome! You Rule." minvalue="0" maxvalue="59" />
      <Medal star="**" desc="Good, but not enough." minvalue="60" maxvalue="99" />
      <Medal star="*" desc="Not Bad, but neither good" minvalue="100" maxvalue="199" />
      <Medal star="" desc="Weak! pfuh..." minvalue="200" />
    </Medals>
    <HighScores />
  </Level5>
  <Level6>
    <Description />
    <Tips />
    <BallStartingPosition X="200" Y="712" />
    <SquareStartingPosition X="360" Y="456" />
    <Collectibles>
      <Collectible X="1160" Y="168" />
      <Collectible X="920" Y="168" />
      <Collectible X="664" Y="168" />
    </Collectibles>
    <GreenObstacles>
      <Obstacle width="48" height="208" X="440" Y="344" centered="false" />
      <Obstacle width="400" height="48" X="40" Y="504" centered="false" />
    </GreenObstacles>
    <BlackObstacles />
    <YellowObstacles />
    <GreenElevators />
    <OrangeElevators />
    <Medals>
      <Medal star="***" desc="Awesome! You Rule." minvalue="0" maxvalue="32" />
      <Medal star="**" desc="Good, but not enough." minvalue="33" maxvalue="99" />
      <Medal star="*" desc="Not Bad, but neither good" minvalue="100" maxvalue="199" />
      <Medal star="" desc="Weak! pfuh..." minvalue="200" />
    </Medals>
    <HighScores />
  </Level6>
  <Level7>
    <Description />
    <Tips />
    <BallStartingPosition X="1176" Y="120" />
    <SquareStartingPosition X="104" Y="104" />
    <Collectibles>
      <Collectible X="616" Y="152" />
      <Collectible X="680" Y="296" />
      <Collectible X="552" Y="296" />
      <Collectible X="88" Y="360" />
      <Collectible X="1192" Y="360" />
      <Collectible X="88" Y="712" />
      <Collectible X="1192" Y="712" />
    </Collectibles>
    <GreenObstacles>
      <Obstacle width="96" height="96" X="504" Y="248" centered="false" />
      <Obstacle width="96" height="96" X="1144" Y="664" centered="false" />
      <Obstacle width="96" height="96" X="1144" Y="312" centered="false" />
      <Obstacle width="128" height="32" X="40" Y="168" centered="false" />
    </GreenObstacles>
    <BlackObstacles>
      <Obstacle width="32" height="96" X="600" Y="248" centered="false" />
    </BlackObstacles>
    <YellowObstacles>
      <Obstacle width="96" height="96" X="632" Y="248" centered="false" />
      <Obstacle width="96" height="96" X="40" Y="664" centered="false" />
      <Obstacle width="96" height="96" X="40" Y="312" centered="false" />
      <Obstacle width="128" height="32" X="1112" Y="168" centered="false" />
    </YellowObstacles>
    <GreenElevators>
      <Elevator width="96" height="32" startX="40" startY="408" endX="808" endY="408" collNeeded="0" repeatMov="true" direction="Horizontal-Right" />
      <Elevator width="160" height="32" startX="168" startY="742" endX="168" endY="180" collNeeded="5" repeatMov="true" direction="Vertical-Up" />
    </GreenElevators>
    <OrangeElevators>
      <Elevator width="96" height="32" startX="1144" startY="408" endX="408" endY="408" collNeeded="0" repeatMov="true" direction="Horizontal-Left" />
    </OrangeElevators>
    <Medals>
      <Medal star="***" desc="Awesome! You Rule." minvalue="0" maxvalue="89" />
      <Medal star="**" desc="Good, but not enough." minvalue="90" maxvalue="129" />
      <Medal star="*" desc="Not Bad, but neither good" minvalue="130" maxvalue="199" />
      <Medal star="" desc="Weak! pfuh..." minvalue="200" />
    </Medals>
    <HighScores />
  </Level7>
  <Level8>
    <Description />
    <Tips />
    <BallStartingPosition X="1048" Y="392" />
    <SquareStartingPosition X="104" Y="104" />
    <Collectibles>
      <Collectible X="88" Y="248" />
      <Collectible X="88" Y="520" />
      <Collectible X="1192" Y="88" />
      <Collectible X="88" Y="712" />
      <Collectible X="1192" Y="392" />
      <Collectible X="216" Y="520" />
      <Collectible X="1192" Y="520" />
    </Collectibles>
    <GreenObstacles>
      <Obstacle width="320" height="32" X="40" Y="168" centered="false" />
      <Obstacle width="96" height="320" X="1000" Y="440" centered="false" />
      <Obstacle width="368" height="96" X="600" Y="664" centered="false" />
      <Obstacle width="128" height="224" X="840" Y="440" centered="false" />
      <Obstacle width="96" height="128" X="40" Y="440" centered="false" />
      <Obstacle width="432" height="128" X="168" Y="440" centered="false" />
      <Obstacle width="176" height="32" X="600" Y="440" centered="false" />
      <Obstacle width="96" height="288" X="1144" Y="472" centered="false" />
      <Obstacle width="48" height="96" X="1096" Y="664" centered="false" />
      <Obstacle width="272" height="256" X="968" Y="40" centered="false" />
      <Obstacle width="448" height="192" X="520" Y="40" centered="false" />
    </GreenObstacles>
    <BlackObstacles>
      <Obstacle width="32" height="32" X="136" Y="728" centered="false" />
      <Obstacle width="32" height="32" X="136" Y="440" centered="false" />
      <Obstacle width="144" height="32" X="1096" Y="440" centered="false" />
      <Obstacle width="48" height="192" X="1096" Y="472" centered="false" />
    </BlackObstacles>
    <YellowObstacles>
      <Obstacle width="32" height="256" X="136" Y="472" centered="false" />
      <Obstacle width="96" height="192" X="40" Y="568" centered="false" />
      <Obstacle width="32" height="320" X="968" Y="440" centered="false" />
      <Obstacle width="432" height="192" X="168" Y="568" centered="false" />
      <Obstacle width="64" height="224" X="776" Y="440" centered="false" />
      <Obstacle width="320" height="96" X="40" Y="200" centered="false" />
      <Obstacle width="144" height="112" X="1096" Y="328" centered="false" />
      <Obstacle width="272" height="32" X="968" Y="296" centered="false" />
      <Obstacle width="160" height="256" X="360" Y="40" centered="false" />
      <Obstacle width="64" height="144" X="328" Y="296" centered="false" />
    </YellowObstacles>
    <GreenElevators />
    <OrangeElevators />
    <Medals>
      <Medal star="***" desc="Awesome! You Rule." minvalue="0" maxvalue="124" />
      <Medal star="**" desc="Good, but not enough." minvalue="125" maxvalue="144" />
      <Medal star="*" desc="Not Bad, but neither good" minvalue="145" maxvalue="199" />
      <Medal star="" desc="Weak! pfuh..." minvalue="200" />
    </Medals>
    <HighScores />
  </Level8>
  <Level9>
    <Description />
    <Tips />
    <BallStartingPosition X="88" Y="136" />
    <SquareStartingPosition X="504" Y="136" />
    <Collectibles>
      <Collectible X="88" Y="712" />
      <Collectible X="328" Y="712" />
      <Collectible X="328" Y="552" />
      <Collectible X="88" Y="552" />
      <Collectible X="680" Y="392" />
      <Collectible X="680" Y="584" />
      <Collectible X="1064" Y="584" />
      <Collectible X="1064" Y="264" />
      <Collectible X="936" Y="456" />
      <Collectible X="808" Y="456" />
      <Collectible X="872" Y="392" />
      <Collectible X="1192" Y="264" />
      <Collectible X="1192" Y="344" />
      <Collectible X="1192" Y="424" />
      <Collectible X="1192" Y="504" />
      <Collectible X="1192" Y="600" />
      <Collectible X="1192" Y="680" />
      <Collectible X="504" Y="264" />
      <Collectible X="504" Y="392" />
      <Collectible X="88" Y="392" />
      <Collectible X="680" Y="264" />
    </Collectibles>
    <GreenObstacles>
      <Obstacle width="192" height="32" X="408" Y="312" centered="false" />
      <Obstacle width="96" height="32" X="1016" Y="312" centered="false" />
      <Obstacle width="96" height="32" X="1016" Y="504" centered="false" />
      <Obstacle width="32" height="96" X="984" Y="536" centered="false" />
      <Obstacle width="32" height="96" X="984" Y="216" centered="false" />
      <Obstacle width="96" height="32" X="1144" Y="184" centered="false" />
      <Obstacle width="96" height="32" X="632" Y="440" centered="false" />
      <Obstacle width="32" height="96" X="1112" Y="664" centered="false" />
      <Obstacle width="560" height="32" X="40" Y="440" centered="false" />
      <Obstacle width="32" height="96" X="600" Y="664" centered="false" />
    </GreenObstacles>
    <BlackObstacles />
    <YellowObstacles>
      <Obstacle width="1104" height="32" X="40" Y="184" centered="false" />
      <Obstacle width="32" height="448" X="1112" Y="216" centered="false" />
      <Obstacle width="512" height="32" X="600" Y="632" centered="false" />
      <Obstacle width="32" height="320" X="600" Y="312" centered="false" />
      <Obstacle width="384" height="32" X="632" Y="312" centered="false" />
      <Obstacle width="32" height="192" X="984" Y="344" centered="false" />
      <Obstacle width="256" height="32" X="728" Y="504" centered="false" />
      <Obstacle width="32" height="64" X="728" Y="440" centered="false" />
      <Obstacle width="368" height="32" X="40" Y="472" centered="false" />
      <Obstacle width="32" height="256" X="376" Y="504" centered="false" />
      <Obstacle width="368" height="32" X="40" Y="312" centered="false" />
    </YellowObstacles>
    <GreenElevators />
    <OrangeElevators />
    <Medals>
      <Medal star="***" desc="Awesome! You Rule." minvalue="0" maxvalue="199" />
      <Medal star="**" desc="Good, but not enough." minvalue="200" maxvalue="249" />
      <Medal star="*" desc="Not Bad, but neither good" minvalue="250" maxvalue="299" />
      <Medal star="" desc="Weak! pfuh..." minvalue="300" />
    </Medals>
    <HighScores />
  </Level9>
  <Level10>
    <Description />
    <Tips />
    <BallStartingPosition X="632" Y="600" />
    <SquareStartingPosition X="632" Y="696" />
    <Collectibles>
      <Collectible X="72" Y="328" />
      <Collectible X="296" Y="328" />
      <Collectible X="760" Y="328" />
      <Collectible X="1208" Y="328" />
      <Collectible X="408" Y="88" />
      <Collectible X="1096" Y="88" />
      <Collectible X="696" Y="88" />
      <Collectible X="88" Y="728" />
      <Collectible X="1192" Y="728" />
      <Collectible X="520" Y="728" />
      <Collectible X="760" Y="728" />
    </Collectibles>
    <GreenObstacles />
    <BlackObstacles />
    <YellowObstacles>
      <Obstacle width="64" height="64" X="264" Y="376" centered="false" />
      <Obstacle width="64" height="64" X="488" Y="376" centered="false" />
      <Obstacle width="1200" height="80" X="40" Y="680" centered="false" />
    </YellowObstacles>
    <GreenElevators />
    <OrangeElevators>
      <Elevator width="64" height="64" startX="40" startY="376" endX="408" endY="376" collNeeded="3" repeatMov="True" direction="Horizontal-Right" />
      <Elevator width="64" height="64" startX="1176" startY="376" endX="408" endY="376" collNeeded="2" repeatMov="True" direction="Horizontal-Left" />
      <Elevator width="64" height="64" startX="952" startY="376" endX="1100" endY="376" collNeeded="4" repeatMov="True" direction="Horizontal-Right" />
      <Elevator width="64" height="64" startX="728" startY="376" endX="508" endY="376" collNeeded="4" repeatMov="True" direction="Horizontal-Left" />
    </OrangeElevators>
    <Medals>
      <Medal star="***" desc="Awesome! You Rule." minvalue="0" maxvalue="59" />
      <Medal star="**" desc="Good, but not enough." minvalue="60" maxvalue="99" />
      <Medal star="*" desc="Not Bad, but neither good" minvalue="100" maxvalue="199" />
      <Medal star="" desc="Weak! pfuh..." minvalue="200" />
    </Medals>
    <HighScores />
  </Level10>
  <Level11>
    <Description />
    <Tips />
    <BallStartingPosition X="88" Y="232" />
    <SquareStartingPosition X="1176" Y="216" />
    <Collectibles>
      <Collectible X="568" Y="360" />
      <Collectible X="712" Y="360" />
      <Collectible X="968" Y="360" />
      <Collectible X="1192" Y="360" />
      <Collectible X="88" Y="360" />
      <Collectible X="312" Y="360" />
      <Collectible X="200" Y="360" />
      <Collectible X="1080" Y="360" />
      <Collectible X="440" Y="216" />
      <Collectible X="840" Y="216" />
      <Collectible X="1192" Y="552" />
      <Collectible X="968" Y="552" />
    </Collectibles>
    <GreenObstacles>
      <Obstacle width="320" height="32" X="920" Y="472" centered="false" />
    </GreenObstacles>
    <BlackObstacles>
      <Obstacle width="320" height="32" X="40" Y="280" centered="false" />
      <Obstacle width="320" height="32" X="920" Y="280" centered="false" />
      <Obstacle width="240" height="32" X="520" Y="280" centered="false" />
      <Obstacle width="160" height="32" X="360" Y="472" centered="false" />
      <Obstacle width="160" height="80" X="360" Y="680" centered="false" />
    </BlackObstacles>
    <YellowObstacles>
      <Obstacle width="320" height="160" X="920" Y="312" centered="false" />
    </YellowObstacles>
    <GreenElevators />
    <OrangeElevators />
    <Medals>
      <Medal star="***" desc="Awesome! You Rule." minvalue="0" maxvalue="99" />
      <Medal star="**" desc="Good, but not enough." minvalue="100" maxvalue="149" />
      <Medal star="*" desc="Not Bad, but neither good" minvalue="150" maxvalue="249" />
      <Medal star="" desc="Weak! pfuh..." minvalue="250" />
    </Medals>
    <HighScores />
  </Level11>
  <Level12>
    <Description />
    <Tips />
    <BallStartingPosition X="88" Y="712" />
    <SquareStartingPosition X="328" Y="376" />
    <Collectibles>
      <Collectible X="168" Y="520" />
      <Collectible X="296" Y="520" />
      <Collectible X="600" Y="680" />
      <Collectible X="488" Y="712" />
      <Collectible X="216" Y="88" />
      <Collectible X="616" Y="88" />
      <Collectible X="1064" Y="88" />
      <Collectible X="808" Y="712" />
      <Collectible X="1048" Y="680" />
      <Collectible X="1048" Y="520" />
    </Collectibles>
    <GreenObstacles>
      <Obstacle width="320" height="32" X="72" Y="440" centered="false" />
      <Obstacle width="336" height="32" X="472" Y="440" centered="false" />
      <Obstacle width="176" height="32" X="952" Y="440" centered="false" />
    </GreenObstacles>
    <BlackObstacles />
    <YellowObstacles>
      <Obstacle width="32" height="288" X="216" Y="472" centered="false" />
      <Obstacle width="32" height="32" X="536" Y="696" centered="false" />
      <Obstacle width="32" height="80" X="520" Y="616" centered="false" />
      <Obstacle width="112" height="32" X="552" Y="728" centered="false" />
      <Obstacle width="32" height="32" X="648" Y="696" centered="false" />
      <Obstacle width="32" height="224" X="664" Y="472" centered="false" />
      <Obstacle width="48" height="32" X="1016" Y="584" centered="false" />
      <Obstacle width="160" height="32" X="968" Y="728" centered="false" />
      <Obstacle width="48" height="32" X="1112" Y="696" centered="false" />
      <Obstacle width="48" height="32" X="936" Y="696" centered="false" />
      <Obstacle width="32" height="32" X="1144" Y="664" centered="false" />
      <Obstacle width="48" height="32" X="1064" Y="600" centered="false" />
      <Obstacle width="48" height="32" X="1112" Y="632" centered="false" />
      <Obstacle width="48" height="32" X="1112" Y="472" centered="false" />
      <Obstacle width="48" height="32" X="920" Y="472" centered="false" />
      <Obstacle width="32" height="32" X="904" Y="504" centered="false" />
      <Obstacle width="48" height="32" X="968" Y="568" centered="false" />
      <Obstacle width="48" height="32" X="920" Y="536" centered="false" />
    </YellowObstacles>
    <GreenElevators />
    <OrangeElevators />
    <Medals>
      <Medal star="***" desc="Awesome! You Rule." minvalue="0" maxvalue="199" />
      <Medal star="**" desc="Good, but not enough." minvalue="200" maxvalue="249" />
      <Medal star="*" desc="Not Bad, but neither good" minvalue="250" maxvalue="299" />
      <Medal star="" desc="Weak! pfuh..." minvalue="300" />
    </Medals>
    <HighScores />
  </Level12>
</Levels>