﻿<?xml version="1.0" encoding="UTF-8"?>
<Levels>
  <Level1>
    <Description />
    <Tips />
    <BallStartingPosition X="-1000" Y="-1000" />
    <SquareStartingPosition X="1176" Y="264" />
    <Collectibles>
      <Collectible X="88" Y="264" />
      <Collectible X="88" Y="712" />
    </Collectibles>
    <GreenObstacles />
    <BlackObstacles>
      <Obstacle width="496" height="32" X="40" Y="312" centered="false" />
      <Obstacle width="608" height="32" X="632" Y="312" centered="false" />
    </BlackObstacles>
    <YellowObstacles />
    <GreenElevators />
    <OrangeElevators />
    <TimeLimit value="120" />
  </Level1>
  <Level2>
    <Description />
    <Tips />
    <BallStartingPosition X="-1000" Y="-1000" />
    <SquareStartingPosition X="952" Y="216" />
    <Collectibles>
      <Collectible X="120" Y="200" />
      <Collectible X="120" Y="488" />
    </Collectibles>
    <GreenObstacles />
    <BlackObstacles>
      <Obstacle width="496" height="32" X="40" Y="264" centered="false" />
      <Obstacle width="608" height="32" X="632" Y="264" centered="false" />
      <Obstacle width="496" height="32" X="40" Y="536" centered="false" />
      <Obstacle width="608" height="32" X="632" Y="536" centered="false" />
    </BlackObstacles>
    <YellowObstacles />
    <GreenElevators />
    <OrangeElevators />
    <TimeLimit value="120" />
  </Level2>
  <Level3>
    <Description />
    <Tips />
    <BallStartingPosition X="-1000" Y="-1000" />
    <SquareStartingPosition X="104" Y="200" />
    <Collectibles>
      <Collectible X="360" Y="712" />
      <Collectible X="1016" Y="344" />
    </Collectibles>
    <GreenObstacles />
    <BlackObstacles>
      <Obstacle width="272" height="32" X="40" Y="248" centered="false" />
      <Obstacle width="560" height="32" X="408" Y="248" centered="false" />
      <Obstacle width="176" height="32" X="1064" Y="248" centered="false" />
    </BlackObstacles>
    <YellowObstacles />
    <GreenElevators />
    <OrangeElevators />
    <TimeLimit value="120" />
  </Level3>
  <Level4>
    <Description />
    <Tips />
    <BallStartingPosition X="-1000" Y="-1000" />
    <SquareStartingPosition X="680" Y="568" />
    <Collectibles>
      <Collectible X="120" Y="712" />
      <Collectible X="1192" Y="472" />
    </Collectibles>
    <GreenObstacles />
    <BlackObstacles>
      <Obstacle width="176" height="48" X="216" Y="712" centered="false" />
      <Obstacle width="192" height="48" X="392" Y="664" centered="false" />
      <Obstacle width="192" height="48" X="584" Y="616" centered="false" />
      <Obstacle width="208" height="48" X="776" Y="568" centered="false" />
      <Obstacle width="256" height="48" X="984" Y="520" centered="false" />
    </BlackObstacles>
    <YellowObstacles />
    <GreenElevators />
    <OrangeElevators />
    <TimeLimit value="180" />
  </Level4>
  <Level5>
    <Description />
    <Tips />
    <BallStartingPosition X="-1000" Y="-1000" />
    <SquareStartingPosition X="328" Y="184" />
    <Collectibles>
      <Collectible X="88" Y="200" />
      <Collectible X="88" Y="88" />
      <Collectible X="472" Y="232" />
      <Collectible X="568" Y="360" />
      <Collectible X="1176" Y="360" />
      <Collectible X="1176" Y="232" />
      <Collectible X="88" Y="536" />
      <Collectible X="88" Y="408" />
      <Collectible X="328" Y="408" />
      <Collectible X="328" Y="536" />
      <Collectible X="328" Y="696" />
      <Collectible X="88" Y="696" />
      <Collectible X="1176" Y="696" />
      <Collectible X="1176" Y="600" />
    </Collectibles>
    <GreenObstacles />
    <BlackObstacles>
      <Obstacle width="336" height="32" X="40" Y="232" centered="false" />
      <Obstacle width="720" height="32" X="520" Y="408" centered="false" />
      <Obstacle width="336" height="32" X="40" Y="584" centered="false" />
    </BlackObstacles>
    <YellowObstacles />
    <GreenElevators />
    <OrangeElevators />
    <TimeLimit value="180" />
  </Level5>
  <Level6>
    <Description />
    <Tips />
    <BallStartingPosition X="-1000" Y="-1000" />
    <SquareStartingPosition X="664" Y="136" />
    <Collectibles>
      <Collectible X="312" Y="408" />
      <Collectible X="120" Y="232" />
      <Collectible X="984" Y="712" />
    </Collectibles>
    <GreenObstacles />
    <BlackObstacles>
      <Obstacle width="464" height="32" X="184" Y="664" centered="false" />
      <Obstacle width="32" height="480" X="184" Y="184" centered="false" />
      <Obstacle width="656" height="32" X="216" Y="184" centered="false" />
      <Obstacle width="32" height="288" X="840" Y="216" centered="false" />
      <Obstacle width="208" height="32" X="216" Y="584" centered="false" />
    </BlackObstacles>
    <YellowObstacles />
    <GreenElevators />
    <OrangeElevators />
    <TimeLimit value="120" />
    <HighScores>
      <HighScore name="UCMAgent" value="48" />
    </HighScores>
  </Level6>
  <Level7>
    <Description />
    <Tips />
    <BallStartingPosition X="-1000" Y="-1000" />
    <SquareStartingPosition X="168" Y="184" />
    <Collectibles>
      <Collectible X="1176" Y="312" />
    </Collectibles>
    <GreenObstacles />
    <BlackObstacles>
      <Obstacle width="400" height="32" X="40" Y="232" centered="false" />
      <Obstacle width="320" height="32" X="920" Y="456" centered="false" />
    </BlackObstacles>
    <YellowObstacles />
    <GreenElevators />
    <OrangeElevators />
    <TimeLimit value="60" />
    <HighScores>
      <HighScore name="UCMAgent" value="18" />
    </HighScores>
  </Level7>
  <Level8>
    <Description />
    <Tips />
    <BallStartingPosition X="-1000" Y="-1000" />
    <SquareStartingPosition X="632" Y="200" />
    <Collectibles>
      <Collectible X="488" Y="424" />
      <Collectible X="776" Y="696" />
    </Collectibles>
    <GreenObstacles />
    <BlackObstacles>
      <Obstacle width="160" height="32" X="408" Y="472" centered="false" />
      <Obstacle width="128" height="448" X="568" Y="248" centered="false" />
    </BlackObstacles>
    <YellowObstacles />
    <GreenElevators />
    <OrangeElevators />
    <TimeLimit value="120" />
  </Level8>
  <Level9>
    <Description />
    <Tips />
    <BallStartingPosition X="-1000" Y="-1000" />
    <SquareStartingPosition X="1160" Y="712" />
    <Collectibles>
      <Collectible X="312" Y="632" />
      <Collectible X="120" Y="712" />
    </Collectibles>
    <GreenObstacles />
    <BlackObstacles>
      <Obstacle width="240" height="32" X="536" Y="664" centered="false" />
      <Obstacle width="32" height="80" X="504" Y="616" centered="false" />
      <Obstacle width="96" height="32" X="408" Y="616" centered="false" />
      <Obstacle width="32" height="80" X="376" Y="568" centered="false" />
      <Obstacle width="160" height="32" X="216" Y="568" centered="false" />
      <Obstacle width="32" height="160" X="216" Y="600" centered="false" />
    </BlackObstacles>
    <YellowObstacles />
    <GreenElevators />
    <OrangeElevators />
    <TimeLimit value="180" />
  </Level9>
  <Level10>
    <Description />
    <Tips />
    <BallStartingPosition X="-1000" Y="-1000" />
    <SquareStartingPosition X="616" Y="104" />
    <Collectibles>
      <Collectible X="104" Y="440" />
    </Collectibles>
    <GreenObstacles />
    <BlackObstacles>
      <Obstacle width="496" height="32" X="40" Y="488" centered="false" />
      <Obstacle width="544" height="32" X="696" Y="488" centered="false" />
    </BlackObstacles>
    <YellowObstacles />
    <GreenElevators />
    <OrangeElevators />
    <TimeLimit value="60" />
  </Level10>
</Levels>