﻿<?xml version="1.0" encoding="UTF-8"?>
<Levels>
  <Level1>
    <Description />
    <Tips />
    <BallStartingPosition X="-1000" Y="-1000" />
    <SquareStartingPosition X="120" Y="344" />
    <Collectibles>
      <Collectible X="632" Y="472" />
      <Collectible X="1176" Y="216" />
    </Collectibles>
    <GreenObstacles />
    <BlackObstacles>
      <Obstacle width="560" height="32" X="40" Y="392" centered="false" />
      <Obstacle width="576" height="32" X="680" Y="392" centered="false" />
    </BlackObstacles>
    <YellowObstacles />
    <GreenElevators />
    <OrangeElevators />
    <HighScores>
      <HighScore name="RandRect" value="18" />
      <HighScore name="RRTRectangle" value="89" />
    </HighScores>
  </Level1>
  <Level2>
    <Description />
    <Tips />
    <BallStartingPosition X="-1000" Y="-1000" />
    <SquareStartingPosition X="104" Y="408" />
    <Collectibles>
      <Collectible X="152" Y="616" />
      <Collectible X="936" Y="616" />
      <Collectible X="1192" Y="616" />
    </Collectibles>
    <GreenObstacles />
    <BlackObstacles>
      <Obstacle width="400" height="32" X="24" Y="456" centered="false" />
      <Obstacle width="272" height="48" X="984" Y="728" centered="false" />
      <Obstacle width="32" height="240" X="392" Y="456" centered="false" />
    </BlackObstacles>
    <YellowObstacles />
    <GreenElevators />
    <OrangeElevators />
    <HighScores>
      <HighScore name="RandRect" value="15" />
      <HighScore name="RRTRectangle" value="24" />
      <HighScore name="RRTRectangle" value="35" />
    </HighScores>
  </Level2>
  <Level3>
    <Description />
    <Tips />
    <BallStartingPosition X="-1000" Y="-1000" />
    <SquareStartingPosition X="120" Y="264" />
    <Collectibles>
      <Collectible X="120" Y="136" />
      <Collectible X="1192" Y="728" />
    </Collectibles>
    <GreenObstacles />
    <BlackObstacles>
      <Obstacle width="16" height="32" X="24" Y="40" centered="false" />
      <Obstacle width="320" height="32" X="936" Y="648" centered="false" />
      <Obstacle width="352" height="32" X="24" Y="312" centered="false" />
    </BlackObstacles>
    <YellowObstacles />
    <GreenElevators />
    <OrangeElevators />
    <HighScores>
      <HighScore name="RRTRectangle" value="14" />
      <HighScore name="RRTRectangle" value="15" />
      <HighScore name="RRTRectangle" value="20" />
      <HighScore name="RRTRectangle" value="34" />
    </HighScores>
  </Level3>
  <Level4>
    <Description />
    <Tips />
    <BallStartingPosition X="-1000" Y="-1000" />
    <SquareStartingPosition X="1128" Y="152" />
    <Collectibles>
      <Collectible X="136" Y="632" />
      <Collectible X="1096" Y="632" />
    </Collectibles>
    <GreenObstacles />
    <BlackObstacles>
      <Obstacle width="144" height="32" X="440" Y="600" centered="false" />
      <Obstacle width="16" height="400" X="664" Y="216" centered="false" />
      <Obstacle width="144" height="32" X="664" Y="600" centered="false" />
      <Obstacle width="32" height="64" X="776" Y="616" centered="false" />
      <Obstacle width="576" height="32" X="664" Y="216" centered="false" />
      <Obstacle width="32" height="416" X="552" Y="216" centered="false" />
      <Obstacle width="544" height="32" X="40" Y="216" centered="false" />
      <Obstacle width="32" height="384" X="664" Y="232" centered="false" />
      <Obstacle width="112" height="32" X="360" Y="664" centered="false" />
      <Obstacle width="112" height="32" X="776" Y="664" centered="false" />
      <Obstacle width="32" height="96" X="440" Y="600" centered="false" />
    </BlackObstacles>
    <YellowObstacles />
    <GreenElevators />
    <OrangeElevators />
    <HighScores>
      <HighScore name="RandRect" value="22" />
      <HighScore name="RRTRectangle" value="58" />
    </HighScores>
  </Level4>
  <Level5>
    <Description />
    <Tips />
    <BallStartingPosition X="-1000" Y="-1000" />
    <SquareStartingPosition X="136" Y="712" />
    <Collectibles>
      <Collectible X="648" Y="552" />
      <Collectible X="1080" Y="712" />
    </Collectibles>
    <GreenObstacles />
    <BlackObstacles>
      <Obstacle width="400" height="48" X="456" Y="728" centered="false" />
    </BlackObstacles>
    <YellowObstacles />
    <GreenElevators />
    <OrangeElevators />
    <HighScores>
      <HighScore name="RRTRectangle" value="6" />
      <HighScore name="RRTRectangle" value="12" />
      <HighScore name="RandRect" value="26" />
    </HighScores>
  </Level5>
  <Level6>
    <Description />
    <Tips />
    <BallStartingPosition X="-1000" Y="-1000" />
    <SquareStartingPosition X="136" Y="712" />
    <Collectibles>
      <Collectible X="136" Y="584" />
      <Collectible X="1144" Y="664" />
    </Collectibles>
    <GreenObstacles />
    <BlackObstacles>
      <Obstacle width="256" height="32" X="1000" Y="600" centered="false" />
      <Obstacle width="32" height="672" X="280" Y="24" centered="false" />
      <Obstacle width="32" height="96" X="968" Y="600" centered="false" />
      <Obstacle width="192" height="32" X="808" Y="664" centered="false" />
    </BlackObstacles>
    <YellowObstacles />
    <GreenElevators />
    <OrangeElevators />
    <HighScores>
      <HighScore name="RandRect" value="5" />
      <HighScore name="RRTRectangle" value="19" />
      <HighScore name="RRTRectangle" value="20" />
      <HighScore name="RRTRectangle" value="34" />
    </HighScores>
  </Level6>
  <Level7>
    <Description />
    <Tips />
    <BallStartingPosition X="-1000" Y="-1000" />
    <SquareStartingPosition X="600" Y="280" />
    <Collectibles>
      <Collectible X="456" Y="168" />
      <Collectible X="744" Y="168" />
      <Collectible X="600" Y="696" />
      <Collectible X="344" Y="616" />
      <Collectible X="840" Y="632" />
    </Collectibles>
    <GreenObstacles />
    <BlackObstacles>
      <Obstacle width="128" height="32" X="440" Y="328" centered="false" />
      <Obstacle width="128" height="32" X="632" Y="328" centered="false" />
      <Obstacle width="32" height="368" X="440" Y="328" centered="false" />
      <Obstacle width="32" height="368" X="728" Y="328" centered="false" />
      <Obstacle width="416" height="32" X="40" Y="488" centered="false" />
      <Obstacle width="496" height="32" X="760" Y="488" centered="false" />
    </BlackObstacles>
    <YellowObstacles />
    <GreenElevators />
    <OrangeElevators />
    <HighScores>
      <HighScore name="RandRect" value="30" />
    </HighScores>
  </Level7>
  <Level8>
    <Description />
    <Tips />
    <BallStartingPosition X="-1000" Y="-1000" />
    <SquareStartingPosition X="120" Y="104" />
    <Collectibles>
      <Collectible X="344" Y="600" />
      <Collectible X="920" Y="600" />
    </Collectibles>
    <GreenObstacles />
    <BlackObstacles>
      <Obstacle width="576" height="64" X="680" Y="728" centered="false" />
      <Obstacle width="576" height="32" X="40" Y="152" centered="false" />
      <Obstacle width="624" height="32" X="616" Y="376" centered="false" />
    </BlackObstacles>
    <YellowObstacles />
    <GreenElevators />
    <OrangeElevators />
    <HighScores>
      <HighScore name="RRTRectangle" value="37" />
      <HighScore name="RRTRectangle" value="39" />
      <HighScore name="RRTRectangle" value="47" />
    </HighScores>
  </Level8>
  <Level9>
    <Description />
    <Tips />
    <BallStartingPosition X="-1000" Y="-1000" />
    <SquareStartingPosition X="104" Y="712" />
    <Collectibles>
      <Collectible X="536" Y="584" />
      <Collectible X="840" Y="536" />
      <Collectible X="1128" Y="504" />
    </Collectibles>
    <GreenObstacles />
    <BlackObstacles>
      <Obstacle width="896" height="32" X="360" Y="728" centered="false" />
      <Obstacle width="576" height="48" X="680" Y="696" centered="false" />
      <Obstacle width="304" height="32" X="952" Y="664" centered="false" />
    </BlackObstacles>
    <YellowObstacles />
    <GreenElevators />
    <OrangeElevators />
    <HighScores>
      <HighScore name="RandRect" value="11" />
      <HighScore name="RRTRectangle" value="45" />
      <HighScore name="RRTRectangle" value="50" />
      <HighScore name="RRTRectangle" value="60" />
    </HighScores>
  </Level9>
  <Level10>
    <Description />
    <Tips />
    <BallStartingPosition X="-1000" Y="-1000" />
    <SquareStartingPosition X="152" Y="712" />
    <Collectibles>
      <Collectible X="152" Y="552" />
      <Collectible X="1128" Y="552" />
    </Collectibles>
    <GreenObstacles />
    <BlackObstacles>
      <Obstacle width="512" height="64" X="744" Y="696" centered="false" />
    </BlackObstacles>
    <YellowObstacles />
    <GreenElevators />
    <OrangeElevators />
    <HighScores>
      <HighScore name="No Name" value="6" />
      <HighScore name="RandRect" value="34" />
      <HighScore name="RRTRectangle" value="44" />
      <HighScore name="RRTRectangle" value="53" />
    </HighScores>
  </Level10>
</Levels>