﻿<?xml version="1.0" encoding="UTF-8"?>
<Levels>
  <Level1>
    <Description />
    <Tips />
    <BallStartingPosition X="-1000" Y="-1000" />
    <SquareStartingPosition X="104" Y="136" />
    <Collectibles>
      <Collectible X="1032" Y="232" />
      <Collectible X="1176" Y="696" />
      <Collectible X="376" Y="696" />
    </Collectibles>
    <GreenObstacles />
    <BlackObstacles>
      <Obstacle width="288" height="32" X="40" Y="216" centered="false" />
      <Obstacle width="592" height="416" X="488" Y="280" centered="false" />
    </BlackObstacles>
    <YellowObstacles />
    <GreenElevators />
    <OrangeElevators />
    <TimeLimit value="30" />
    <HighScores>
      <HighScore name="UCMAgent" value="22" />
    </HighScores>
  </Level1>
  <Level2>
    <Description />
    <Tips />
    <BallStartingPosition X="-1000" Y="-1000" />
    <SquareStartingPosition X="504" Y="248" />
    <Collectibles>
      <Collectible X="1064" Y="680" />
      <Collectible X="88" Y="152" />
      <Collectible X="1192" Y="152" />
    </Collectibles>
    <GreenObstacles />
    <BlackObstacles>
      <Obstacle width="160" height="64" X="408" Y="312" centered="false" />
      <Obstacle width="400" height="48" X="40" Y="264" centered="false" />
      <Obstacle width="160" height="64" X="648" Y="312" centered="false" />
      <Obstacle width="464" height="48" X="776" Y="264" centered="false" />
    </BlackObstacles>
    <YellowObstacles />
    <GreenElevators />
    <OrangeElevators />
    <TimeLimit value="60" />
  </Level2>
  <Level3>
    <Description />
    <Tips />
    <BallStartingPosition X="-5000" Y="-5000" />
    <SquareStartingPosition X="104" Y="104" />
    <Collectibles>
      <Collectible X="88" Y="552" />
      <Collectible X="88" Y="712" />
      <Collectible X="1144" Y="120" />
    </Collectibles>
    <GreenObstacles />
    <BlackObstacles>
      <Obstacle width="784" height="32" X="40" Y="184" centered="false" />
      <Obstacle width="336" height="32" X="904" Y="184" centered="false" />
      <Obstacle width="768" height="32" X="40" Y="616" centered="false" />
      <Obstacle width="336" height="32" X="904" Y="616" centered="false" />
    </BlackObstacles>
    <YellowObstacles />
    <GreenElevators />
    <OrangeElevators />
    <TimeLimit value="60" />
    <HighScores>
      <HighScore name="UCMAgent" value="30" />
    </HighScores>
  </Level3>
  <Level4>
    <Description />
    <Tips />
    <BallStartingPosition X="-1000" Y="-1000" />
    <SquareStartingPosition X="232" Y="104" />
    <Collectibles>
      <Collectible X="88" Y="104" />
      <Collectible X="1096" Y="184" />
      <Collectible X="88" Y="376" />
      <Collectible X="1032" Y="552" />
    </Collectibles>
    <GreenObstacles />
    <BlackObstacles>
      <Obstacle width="480" height="48" X="40" Y="184" centered="false" />
      <Obstacle width="288" height="48" X="280" Y="488" centered="false" />
      <Obstacle width="160" height="48" X="40" Y="488" centered="false" />
      <Obstacle width="400" height="192" X="568" Y="344" centered="false" />
      <Obstacle width="32" height="96" X="1016" Y="120" centered="false" />
      <Obstacle width="16" height="16" X="1000" Y="40" centered="false" />
      <Obstacle width="224" height="80" X="1016" Y="40" centered="false" />
      <Obstacle width="320" height="32" X="728" Y="200" centered="false" />
      <Obstacle width="240" height="160" X="728" Y="536" centered="false" />
      <Obstacle width="272" height="160" X="344" Y="536" centered="false" />
      <Obstacle width="736" height="64" X="408" Y="296" centered="false" />
      <Obstacle width="160" height="128" X="408" Y="360" centered="false" />
    </BlackObstacles>
    <YellowObstacles />
    <GreenElevators />
    <OrangeElevators />
    <TimeLimit value="90" />
  </Level4>
  <Level5>
    <Description />
    <Tips />
    <BallStartingPosition X="-1000" Y="-1000" />
    <SquareStartingPosition X="584" Y="216" />
    <Collectibles>
      <Collectible X="1192" Y="120" />
      <Collectible X="1192" Y="552" />
      <Collectible X="88" Y="232" />
      <Collectible X="312" Y="456" />
    </Collectibles>
    <GreenObstacles />
    <BlackObstacles>
      <Obstacle width="336" height="128" X="904" Y="248" centered="false" />
      <Obstacle width="448" height="80" X="456" Y="296" centered="false" />
      <Obstacle width="224" height="48" X="40" Y="328" centered="false" />
      <Obstacle width="176" height="320" X="456" Y="376" centered="false" />
      <Obstacle width="272" height="48" X="968" Y="712" centered="false" />
    </BlackObstacles>
    <YellowObstacles />
    <GreenElevators />
    <OrangeElevators />
    <TimeLimit value="90" />
  </Level5>
</Levels>