﻿<?xml version="1.0" encoding="UTF-8"?>
<Levels>
  <Level1>
    <Description />
    <Tips />
    <BallStartingPosition X="1048" Y="88" />
    <SquareStartingPosition X="-1000" Y="-1000" />
    <Collectibles>
      <Collectible X="1176" Y="408" />
      <Collectible X="88" Y="264" />
      <Collectible X="936" Y="424" />
    </Collectibles>
    <GreenObstacles />
    <BlackObstacles>
      <Obstacle width="1008" height="32" X="136" Y="136" centered="false" />
      <Obstacle width="32" height="464" X="136" Y="168" centered="false" />
      <Obstacle width="32" height="464" X="1112" Y="168" centered="false" />
      <Obstacle width="96" height="32" X="168" Y="600" centered="false" />
      <Obstacle width="32" height="192" X="984" Y="312" centered="false" />
      <Obstacle width="160" height="32" X="312" Y="408" centered="false" />
      <Obstacle width="640" height="32" X="472" Y="600" centered="false" />
      <Obstacle width="32" height="256" X="472" Y="344" centered="false" />
      <Obstacle width="128" height="32" X="472" Y="312" centered="false" />
      <Obstacle width="240" height="32" X="600" Y="296" centered="false" />
      <Obstacle width="176" height="32" X="840" Y="280" centered="false" />
      <Obstacle width="128" height="32" X="856" Y="472" centered="false" />
      <Obstacle width="208" height="32" X="648" Y="488" centered="false" />
      <Obstacle width="32" height="32" X="648" Y="456" centered="false" />
      <Obstacle width="32" height="48" X="840" Y="312" centered="false" />
    </BlackObstacles>
    <YellowObstacles />
    <GreenElevators />
    <OrangeElevators />
    <TimeLimit value="160" />
    <HighScores>
      <HighScore name="UCMAgent" value="79" />
      <HighScore name="UCMAgent" value="204" />
      <HighScore name="UCMAgent" value="260" />
    </HighScores>
  </Level1>
  <Level2>
    <Description />
    <Tips />
    <BallStartingPosition X="168" Y="264" />
    <SquareStartingPosition X="-1000" Y="-1000" />
    <Collectibles>
      <Collectible X="968" Y="664" />
      <Collectible X="184" Y="104" />
      <Collectible X="264" Y="664" />
      <Collectible X="1096" Y="104" />
    </Collectibles>
    <GreenObstacles />
    <BlackObstacles>
      <Obstacle width="480" height="32" X="40" Y="328" centered="false" />
      <Obstacle width="480" height="32" X="760" Y="328" centered="false" />
      <Obstacle width="144" height="320" X="568" Y="440" centered="false" />
      <Obstacle width="368" height="32" X="40" Y="184" centered="false" />
      <Obstacle width="368" height="32" X="872" Y="184" centered="false" />
    </BlackObstacles>
    <YellowObstacles />
    <GreenElevators />
    <OrangeElevators />
    <TimeLimit value="130" />
    <HighScores>
      <HighScore name="UCMAgent" value="33" />
      <HighScore name="UCMAgent" value="36" />
      <HighScore name="UCMAgent" value="44" />
    </HighScores>
  </Level2>
  <Level3>
    <Description />
    <Tips />
    <BallStartingPosition X="600" Y="696" />
    <SquareStartingPosition X="-1000" Y="-1000" />
    <Collectibles>
      <Collectible X="136" Y="184" />
      <Collectible X="632" Y="184" />
      <Collectible X="1144" Y="184" />
      <Collectible X="376" Y="104" />
      <Collectible X="888" Y="104" />
    </Collectibles>
    <GreenObstacles />
    <BlackObstacles>
      <Obstacle width="208" height="32" X="280" Y="568" centered="false" />
      <Obstacle width="224" height="32" X="792" Y="568" centered="false" />
      <Obstacle width="208" height="32" X="1032" Y="376" centered="false" />
      <Obstacle width="208" height="32" X="40" Y="376" centered="false" />
    </BlackObstacles>
    <YellowObstacles>
      <Obstacle width="128" height="32" X="568" Y="376" centered="false" />
    </YellowObstacles>
    <GreenElevators />
    <OrangeElevators />
    <TimeLimit value="55" />
    <HighScores>
      <HighScore name="UCMAgent" value="25" />
      <HighScore name="UCMAgent" value="26" />
    </HighScores>
  </Level3>
  <Level4>
    <Description />
    <Tips />
    <BallStartingPosition X="88" Y="696" />
    <SquareStartingPosition X="-1000" Y="-1000" />
    <Collectibles>
      <Collectible X="648" Y="88" />
      <Collectible X="1160" Y="664" />
    </Collectibles>
    <GreenObstacles>
      <Obstacle width="432" height="80" X="424" Y="440" centered="false" />
    </GreenObstacles>
    <BlackObstacles>
      <Obstacle width="912" height="80" X="184" Y="680" centered="false" />
      <Obstacle width="752" height="80" X="264" Y="600" centered="false" />
      <Obstacle width="592" height="80" X="344" Y="520" centered="false" />
      <Obstacle width="272" height="80" X="504" Y="360" centered="false" />
      <Obstacle width="112" height="80" X="584" Y="280" centered="false" />
    </BlackObstacles>
    <YellowObstacles>
      <Obstacle width="80" height="320" X="504" Y="40" centered="false" />
    </YellowObstacles>
    <GreenElevators />
    <OrangeElevators />
    <TimeLimit value="60" />
    <HighScores>
      <HighScore name="UCMAgent" value="33" />
      <HighScore name="UCMAgent" value="44" />
    </HighScores>
  </Level4>
  <Level5>
    <Description />
    <Tips />
    <BallStartingPosition X="152" Y="136" />
    <SquareStartingPosition X="-1000" Y="-1000" />
    <Collectibles>
      <Collectible X="744" Y="136" />
      <Collectible X="808" Y="568" />
      <Collectible X="1192" Y="696" />
    </Collectibles>
    <GreenObstacles>
      <Obstacle width="432" height="192" X="808" Y="184" centered="false" />
      <Obstacle width="352" height="160" X="456" Y="216" centered="false" />
      <Obstacle width="688" height="112" X="456" Y="648" centered="false" />
    </GreenObstacles>
    <BlackObstacles>
      <Obstacle width="416" height="32" X="40" Y="184" centered="false" />
    </BlackObstacles>
    <YellowObstacles>
      <Obstacle width="352" height="32" X="456" Y="184" centered="false" />
      <Obstacle width="784" height="32" X="456" Y="376" centered="false" />
      <Obstacle width="160" height="32" X="728" Y="616" centered="false" />
    </YellowObstacles>
    <GreenElevators />
    <OrangeElevators />
    <TimeLimit value="65" />
    <HighScores>
      <HighScore name="UCMAgent" value="23" />
      <HighScore name="UCMAgent" value="24" />
    </HighScores>
  </Level5>
  <Level6>
    <Description />
    <Tips />
    <BallStartingPosition X="504" Y="248" />
    <SquareStartingPosition X="-1000" Y="-1000" />
    <Collectibles>
      <Collectible X="1176" Y="88" />
      <Collectible X="88" Y="88" />
      <Collectible X="824" Y="456" />
    </Collectibles>
    <GreenObstacles />
    <BlackObstacles>
      <Obstacle width="160" height="48" X="40" Y="184" centered="false" />
      <Obstacle width="432" height="48" X="312" Y="328" centered="false" />
      <Obstacle width="96" height="48" X="904" Y="328" centered="false" />
      <Obstacle width="160" height="48" X="1080" Y="184" centered="false" />
    </BlackObstacles>
    <YellowObstacles />
    <GreenElevators />
    <OrangeElevators />
    <TimeLimit value="90" />
    <HighScores>
      <HighScore name="UCMAgent" value="17" />
      <HighScore name="UCMAgent" value="18" />
      <HighScore name="UCMAgent" value="18" />
      <HighScore name="UCMAgent" value="18" />
      <HighScore name="UCMAgent" value="18" />
    </HighScores>
  </Level6>
  <Level7>
    <Description />
    <Tips />
    <BallStartingPosition X="1176" Y="696" />
    <SquareStartingPosition X="-1000" Y="-1000" />
    <Collectibles>
      <Collectible X="72" Y="88" />
      <Collectible X="72" Y="248" />
      <Collectible X="72" Y="376" />
      <Collectible X="1192" Y="264" />
      <Collectible X="1192" Y="408" />
      <Collectible X="1192" Y="536" />
    </Collectibles>
    <GreenObstacles />
    <BlackObstacles>
      <Obstacle width="576" height="32" X="664" Y="600" centered="false" />
      <Obstacle width="464" height="32" X="776" Y="456" centered="false" />
      <Obstacle width="352" height="32" X="888" Y="312" centered="false" />
      <Obstacle width="544" height="32" X="40" Y="424" centered="false" />
      <Obstacle width="432" height="32" X="40" Y="296" centered="false" />
      <Obstacle width="176" height="32" X="40" Y="168" centered="false" />
    </BlackObstacles>
    <YellowObstacles />
    <GreenElevators />
    <OrangeElevators />
    <HighScores>
      <HighScore name="UCMAgent" value="52" />
      <HighScore name="UCMAgent" value="54" />
      <HighScore name="UCMAgent" value="55" />
      <HighScore name="No Name" value="59" />
      <HighScore name="UCMAgent" value="61" />
    </HighScores>
  </Level7>
  <Level8>
    <Description />
    <Tips />
    <BallStartingPosition X="632" Y="664" />
    <SquareStartingPosition X="-1000" Y="-1000" />
    <Collectibles>
      <Collectible X="232" Y="712" />
      <Collectible X="1032" Y="712" />
    </Collectibles>
    <GreenObstacles />
    <BlackObstacles>
      <Obstacle width="64" height="32" X="712" Y="728" centered="false" />
      <Obstacle width="64" height="32" X="488" Y="728" centered="false" />
      <Obstacle width="48" height="32" X="440" Y="712" centered="false" />
      <Obstacle width="48" height="32" X="776" Y="712" centered="false" />
      <Obstacle width="48" height="32" X="824" Y="696" centered="false" />
      <Obstacle width="48" height="32" X="392" Y="696" centered="false" />
      <Obstacle width="48" height="32" X="344" Y="680" centered="false" />
      <Obstacle width="48" height="32" X="296" Y="664" centered="false" />
      <Obstacle width="48" height="32" X="248" Y="648" centered="false" />
      <Obstacle width="48" height="32" X="200" Y="632" centered="false" />
      <Obstacle width="48" height="32" X="872" Y="680" centered="false" />
      <Obstacle width="48" height="32" X="920" Y="664" centered="false" />
      <Obstacle width="48" height="32" X="968" Y="648" centered="false" />
      <Obstacle width="48" height="32" X="1016" Y="632" centered="false" />
      <Obstacle width="176" height="32" X="1064" Y="424" centered="false" />
      <Obstacle width="160" height="32" X="40" Y="424" centered="false" />
    </BlackObstacles>
    <YellowObstacles />
    <GreenElevators />
    <OrangeElevators />
    <HighScores>
      <HighScore name="No Name" value="23" />
      <HighScore name="UCMAgent" value="25" />
      <HighScore name="UCMAgent" value="43" />
      <HighScore name="UCMAgent" value="53" />
      <HighScore name="UCMAgent" value="57" />
    </HighScores>
  </Level8>
  <Level9>
    <Description />
    <Tips />
    <BallStartingPosition X="88" Y="712" />
    <SquareStartingPosition X="-1000" Y="-1000" />
    <Collectibles>
      <Collectible X="776" Y="216" />
    </Collectibles>
    <GreenObstacles />
    <BlackObstacles>
      <Obstacle width="400" height="32" X="344" Y="296" centered="false" />
      <Obstacle width="112" height="336" X="744" Y="296" centered="false" />
      <Obstacle width="336" height="32" X="40" Y="440" centered="false" />
      <Obstacle width="64" height="208" X="376" Y="440" centered="false" />
      <Obstacle width="144" height="32" X="440" Y="600" centered="false" />
    </BlackObstacles>
    <YellowObstacles />
    <GreenElevators />
    <OrangeElevators />
    <HighScores>
      <HighScore name="UCMAgent" value="14" />
      <HighScore name="UCMAgent" value="14" />
      <HighScore name="UCMAgent" value="15" />
      <HighScore name="UCMAgent" value="15" />
      <HighScore name="UCMAgent" value="15" />
    </HighScores>
  </Level9>
  <Level10>
    <Description />
    <Tips />
    <BallStartingPosition X="1160" Y="696" />
    <SquareStartingPosition X="-1000" Y="-1000" />
    <Collectibles>
      <Collectible X="88" Y="248" />
      <Collectible X="88" Y="424" />
    </Collectibles>
    <GreenObstacles />
    <BlackObstacles>
      <Obstacle width="304" height="32" X="40" Y="328" centered="false" />
      <Obstacle width="32" height="208" X="184" Y="328" centered="false" />
      <Obstacle width="144" height="208" X="296" Y="328" centered="false" />
      <Obstacle width="224" height="32" X="392" Y="328" centered="false" />
      <Obstacle width="288" height="48" X="664" Y="504" centered="false" />
      <Obstacle width="144" height="64" X="296" Y="664" centered="false" />
    </BlackObstacles>
    <YellowObstacles />
    <GreenElevators />
    <OrangeElevators />
    <HighScores>
      <HighScore name="UCMAgent" value="29" />
      <HighScore name="UCMAgent" value="30" />
      <HighScore name="UCMAgent" value="30" />
      <HighScore name="UCMAgent" value="32" />
      <HighScore name="UCMAgent" value="36" />
    </HighScores>
  </Level10>
</Levels>