﻿<?xml version="1.0" encoding="UTF-8"?>
<Levels>
  <Level1>
    <Description />
    <Tips />
    <BallStartingPosition X="200" Y="696" />
    <SquareStartingPosition X="-1000" Y="-1000" />
    <Collectibles>
      <Collectible X="680" Y="440" />
    </Collectibles>
    <GreenObstacles />
    <BlackObstacles />
    <YellowObstacles />
    <GreenElevators />
    <OrangeElevators />
    <HighScores>
      <HighScore name="UCMAgent" value="4" />
      <HighScore name="UCMAgent" value="4" />
      <HighScore name="UCMAgent" value="4" />
      <HighScore name="UCMAgent" value="5" />
      <HighScore name="UCMAgent" value="5" />
    </HighScores>
  </Level1>
  <Level2>
    <Description />
    <Tips />
    <BallStartingPosition X="152" Y="72" />
    <SquareStartingPosition X="-1000" Y="-1000" />
    <Collectibles>
      <Collectible X="1160" Y="376" />
      <Collectible X="1176" Y="456" />
    </Collectibles>
    <GreenObstacles />
    <BlackObstacles />
    <YellowObstacles />
    <GreenElevators />
    <OrangeElevators />
    <HighScores>
      <HighScore name="UCMAgent" value="9" />
      <HighScore name="UCMAgent" value="9" />
      <HighScore name="UCMAgent" value="9" />
    </HighScores>
  </Level2>
  <Level3>
    <Description />
    <Tips />
    <BallStartingPosition X="88" Y="712" />
    <SquareStartingPosition X="-1000" Y="-1000" />
    <Collectibles>
      <Collectible X="776" Y="216" />
    </Collectibles>
    <GreenObstacles />
    <BlackObstacles>
      <Obstacle width="400" height="32" X="344" Y="296" centered="false" />
      <Obstacle width="112" height="336" X="744" Y="296" centered="false" />
      <Obstacle width="336" height="32" X="40" Y="440" centered="false" />
      <Obstacle width="64" height="208" X="376" Y="440" centered="false" />
      <Obstacle width="144" height="32" X="440" Y="600" centered="false" />
    </BlackObstacles>
    <YellowObstacles />
    <GreenElevators />
    <OrangeElevators />
    <HighScores>
      <HighScore name="UCMAgent" value="14" />
      <HighScore name="UCMAgent" value="14" />
      <HighScore name="UCMAgent" value="15" />
      <HighScore name="UCMAgent" value="15" />
      <HighScore name="UCMAgent" value="15" />
    </HighScores>
  </Level3>
  <Level4>
    <Description />
    <Tips />
    <BallStartingPosition X="1160" Y="696" />
    <SquareStartingPosition X="-1000" Y="-1000" />
    <Collectibles>
      <Collectible X="88" Y="248" />
      <Collectible X="88" Y="424" />
    </Collectibles>
    <GreenObstacles />
    <BlackObstacles>
      <Obstacle width="304" height="32" X="40" Y="328" centered="false" />
      <Obstacle width="32" height="208" X="184" Y="328" centered="false" />
      <Obstacle width="144" height="208" X="296" Y="328" centered="false" />
      <Obstacle width="224" height="32" X="392" Y="328" centered="false" />
      <Obstacle width="288" height="48" X="664" Y="504" centered="false" />
      <Obstacle width="144" height="64" X="296" Y="664" centered="false" />
    </BlackObstacles>
    <YellowObstacles />
    <GreenElevators />
    <OrangeElevators />
    <HighScores>
      <HighScore name="UCMAgent" value="29" />
      <HighScore name="UCMAgent" value="30" />
      <HighScore name="UCMAgent" value="30" />
      <HighScore name="UCMAgent" value="32" />
      <HighScore name="UCMAgent" value="36" />
    </HighScores>
  </Level4>
  <Level5>
    <Description />
    <Tips />
    <BallStartingPosition X="104" Y="680" />
    <SquareStartingPosition X="-1000" Y="-1000" />
    <Collectibles>
      <Collectible X="104" Y="320" />
      <Collectible X="1176" Y="328" />
    </Collectibles>
    <GreenObstacles />
    <BlackObstacles />
    <YellowObstacles />
    <GreenElevators />
    <OrangeElevators />
    <HighScores>
      <HighScore name="RandPredictorCircle" value="36" />
    </HighScores>
  </Level5>
  <Level6>
    <Description />
    <Tips />
    <BallStartingPosition X="-1000" Y="-1000" />
    <SquareStartingPosition X="104" Y="664" />
    <Collectibles>
      <Collectible X="1128" Y="120" />
    </Collectibles>
    <GreenObstacles />
    <BlackObstacles>
      <Obstacle width="832" height="48" X="424" Y="744" centered="false" />
      <Obstacle width="576" height="48" X="664" Y="712" centered="false" />
      <Obstacle width="384" height="48" X="856" Y="664" centered="false" />
    </BlackObstacles>
    <YellowObstacles />
    <GreenElevators />
    <OrangeElevators />
  </Level6>
  <Level7>
    <Description />
    <Tips />
    <BallStartingPosition X="-1000" Y="-1000" />
    <SquareStartingPosition X="120" Y="664" />
    <Collectibles>
      <Collectible X="1128" Y="200" />
    </Collectibles>
    <GreenObstacles />
    <BlackObstacles>
      <Obstacle width="1008" height="32" X="232" Y="712" centered="false" />
      <Obstacle width="816" height="64" X="424" Y="648" centered="false" />
      <Obstacle width="608" height="80" X="632" Y="568" centered="false" />
      <Obstacle width="384" height="96" X="856" Y="472" centered="false" />
    </BlackObstacles>
    <YellowObstacles />
    <GreenElevators />
    <OrangeElevators />
  </Level7>
  <Level8>
    <Description />
    <Tips />
    <BallStartingPosition X="-1000" Y="-1000" />
    <SquareStartingPosition X="104" Y="184" />
    <Collectibles>
      <Collectible X="88" Y="408" />
    </Collectibles>
    <GreenObstacles />
    <BlackObstacles>
      <Obstacle width="416" height="32" X="40" Y="232" centered="false" />
    </BlackObstacles>
    <YellowObstacles />
    <GreenElevators />
    <OrangeElevators />
  </Level8>
  <Level9>
    <Description />
    <Tips />
    <BallStartingPosition X="-1000" Y="-1000" />
    <SquareStartingPosition X="696" Y="200" />
    <Collectibles>
      <Collectible X="664" Y="664" />
    </Collectibles>
    <GreenObstacles />
    <BlackObstacles>
      <Obstacle width="64" height="320" X="408" Y="40" centered="false" />
      <Obstacle width="96" height="320" X="920" Y="40" centered="false" />
      <Obstacle width="352" height="64" X="520" Y="296" centered="false" />
    </BlackObstacles>
    <YellowObstacles />
    <GreenElevators />
    <OrangeElevators />
  </Level9>
  <Level10>
    <Description />
    <Tips />
    <BallStartingPosition X="616" Y="680" />
    <SquareStartingPosition X="-1000" Y="-1000" />
    <Collectibles>
      <Collectible X="616" Y="504" />
    </Collectibles>
    <GreenObstacles />
    <BlackObstacles>
      <Obstacle width="336" height="64" X="472" Y="392" centered="false" />
    </BlackObstacles>
    <YellowObstacles />
    <GreenElevators />
    <OrangeElevators />
    <HighScores>
      <HighScore name="UCMAgent" value="2" />
      <HighScore name="UCMAgent" value="2" />
      <HighScore name="UCMAgent" value="2" />
      <HighScore name="UCMAgent" value="2" />
      <HighScore name="UCMAgent" value="2" />
    </HighScores>
  </Level10>
  <Level11>
    <Description />
    <Tips />
    <BallStartingPosition X="-1000" Y="-1000" />
    <SquareStartingPosition X="664" Y="132" />
    <Collectibles>
      <Collectible X="120" Y="232" />
      <Collectible X="984" Y="712" />
      <Collectible X="344" Y="440" />
    </Collectibles>
    <GreenObstacles />
    <BlackObstacles>
      <Obstacle width="48" height="480" X="244" Y="180" centered="false" />
      <Obstacle width="656" height="48" X="276" Y="180" centered="false" />
      <Obstacle width="48" height="272" X="884" Y="228" centered="false" />
      <Obstacle width="512" height="48" X="248" Y="660" centered="false" />
      <Obstacle width="256" height="48" X="292" Y="580" centered="false" />
      <Obstacle width="48" height="64" X="712" Y="696" centered="false" />
    </BlackObstacles>
    <YellowObstacles />
    <GreenElevators />
    <OrangeElevators />
  </Level11>
  <Level12>
    <Description />
    <Tips />
    <BallStartingPosition X="-5000" Y="-5000" />
    <SquareStartingPosition X="1096" Y="392" />
    <Collectibles>
      <Collectible X="1192" Y="648" />
      <Collectible X="568" Y="616" />
    </Collectibles>
    <GreenObstacles />
    <BlackObstacles>
      <Obstacle width="208" height="32" X="248" Y="664" centered="false" />
      <Obstacle width="32" height="96" X="424" Y="568" centered="false" />
      <Obstacle width="288" height="32" X="424" Y="536" centered="false" />
      <Obstacle width="32" height="96" X="680" Y="568" centered="false" />
      <Obstacle width="224" height="32" X="680" Y="664" centered="false" />
      <Obstacle width="32" height="64" X="872" Y="696" centered="false" />
    </BlackObstacles>
    <YellowObstacles />
    <GreenElevators />
    <OrangeElevators />
  </Level12>
</Levels>